# Blender 5.2.1 LTS
# www.blender.org
mtllib laptop_silver.mtl
o laptop14_screen.001
v 0.000000 0.005343 -0.112065
v 0.000000 0.005614 -0.111838
v 0.000000 0.005300 -0.115421
v 0.000000 0.005073 -0.115150
v 0.000000 0.005987 -0.111870
v 0.000000 0.005674 -0.115453
v -0.000000 0.230981 -0.131806
v -0.000000 0.230754 -0.131535
v -0.000000 0.230440 -0.135118
v -0.000000 0.230711 -0.134890
v -0.000000 0.230067 -0.135085
v -0.000000 0.223464 -0.130897
v 0.000000 0.013070 -0.110265
v 0.000000 0.010415 -0.107101
v 0.000000 0.012808 -0.108776
v 0.000000 0.011836 -0.107618
v -0.000000 0.225302 -0.131058
v -0.000000 0.225858 -0.131106
v 0.000000 0.007257 -0.106824
v 0.000000 0.006363 -0.107574
v 0.000000 0.011799 -0.115989
v -0.000000 0.225437 -0.134680
v 0.000000 0.012877 -0.112473
v -0.000000 0.230380 -0.131502
v 0.000000 0.018166 -0.112936
v -0.000000 0.223442 -0.131152
v 0.000000 0.018143 -0.113190
v -0.000000 0.230100 -0.131478
v -0.000000 0.229859 -0.131457
v 0.000000 0.014817 -0.112643
v 0.000000 0.015058 -0.112664
v 0.000000 0.015052 -0.112738
v 0.000000 0.014811 -0.112717
v -0.000000 0.230093 -0.131552
v -0.000000 0.229853 -0.131531
v -0.157000 0.223509 -0.131152
v -0.149500 0.230981 -0.131806
v -0.156744 0.225443 -0.131321
v -0.155995 0.227245 -0.131479
v -0.154803 0.228793 -0.131614
v -0.153250 0.229980 -0.131718
v -0.151441 0.230726 -0.131783
v -0.149500 0.005343 -0.112065
v -0.157000 0.012814 -0.112719
v -0.151441 0.005597 -0.112087
v -0.153250 0.006344 -0.112152
v -0.151606 0.012877 -0.112473
v -0.154803 0.007531 -0.112256
v -0.155995 0.009079 -0.112392
v -0.156744 0.010881 -0.112549
v -0.156375 0.012563 -0.116056
v -0.157000 0.012544 -0.115803
v -0.149459 0.005674 -0.115453
v -0.149500 0.005073 -0.115150
v -0.156136 0.010751 -0.115897
v -0.156744 0.010611 -0.115634
v -0.155449 0.009101 -0.115753
v -0.155995 0.008809 -0.115477
v -0.154358 0.007684 -0.115629
v -0.154803 0.007261 -0.115341
v -0.152935 0.006596 -0.115534
v -0.153250 0.006074 -0.115237
v -0.151278 0.005912 -0.115474
v -0.151441 0.005328 -0.115172
v -0.149459 0.230067 -0.135085
v -0.149500 0.230711 -0.134890
v -0.156375 0.223177 -0.134482
v -0.157000 0.223240 -0.134237
v -0.151278 0.229828 -0.135064
v -0.151441 0.230456 -0.134868
v -0.152935 0.229144 -0.135004
v -0.153250 0.229710 -0.134803
v -0.154358 0.228057 -0.134909
v -0.154803 0.228523 -0.134699
v -0.155449 0.226639 -0.134785
v -0.155995 0.226975 -0.134564
v -0.156136 0.224989 -0.134641
v -0.156744 0.225173 -0.134406
v -0.156501 0.010654 -0.115889
v -0.156750 0.012539 -0.116054
v -0.156750 0.012852 -0.112471
v -0.156501 0.010967 -0.112306
v -0.155777 0.008912 -0.115737
v -0.155777 0.009226 -0.112154
v -0.154625 0.007417 -0.115606
v -0.154625 0.007731 -0.112023
v -0.153124 0.006270 -0.115505
v -0.153124 0.006583 -0.111922
v -0.151376 0.005548 -0.115442
v -0.151376 0.005862 -0.111859
v -0.149484 0.005300 -0.115421
v -0.149484 0.005614 -0.111838
v -0.151376 0.230192 -0.135096
v -0.149484 0.230440 -0.135118
v -0.149484 0.230754 -0.131535
v -0.151376 0.230505 -0.131513
v -0.153124 0.229471 -0.135033
v -0.153124 0.229784 -0.131450
v -0.154625 0.228323 -0.134933
v -0.154625 0.228637 -0.131350
v -0.155777 0.226828 -0.134802
v -0.155777 0.227141 -0.131219
v -0.156501 0.225087 -0.134649
v -0.156501 0.225400 -0.131066
v -0.156750 0.223201 -0.134484
v -0.156750 0.223515 -0.130902
v -0.152733 0.018166 -0.112936
v -0.126834 0.013070 -0.110265
v -0.126834 0.010415 -0.107101
v -0.126834 0.012808 -0.108776
v -0.126834 0.011836 -0.107618
v -0.152733 0.223464 -0.130897
v -0.126834 0.007257 -0.106824
v -0.126834 0.006363 -0.107574
v -0.150710 0.011799 -0.115989
v -0.150710 0.225437 -0.134680
v -0.126834 0.012877 -0.112473
v -0.149459 0.005987 -0.111870
v -0.126834 0.005987 -0.111870
v -0.156375 0.012877 -0.112473
v -0.156136 0.011065 -0.112315
v -0.155449 0.009414 -0.112170
v -0.154358 0.007997 -0.112046
v -0.152935 0.006909 -0.111951
v -0.151278 0.006226 -0.111891
v -0.149459 0.230380 -0.131502
v -0.151278 0.230141 -0.131481
v -0.152935 0.229458 -0.131421
v -0.154358 0.228370 -0.131326
v -0.155449 0.226953 -0.131202
v -0.156136 0.225302 -0.131058
v -0.156375 0.223490 -0.130899
v -0.152733 0.223442 -0.131152
v -0.152733 0.018143 -0.113190
v -0.155848 0.223464 -0.130897
v -0.156098 0.223472 -0.130898
v -0.149441 0.230100 -0.131478
v -0.149434 0.229858 -0.131456
v -0.155617 0.225203 -0.131049
v -0.155864 0.225230 -0.131052
v -0.154967 0.226763 -0.131186
v -0.155205 0.226813 -0.131190
v -0.154003 0.228014 -0.131295
v -0.154158 0.228171 -0.131309
v -0.152733 0.228985 -0.131380
v -0.152793 0.229214 -0.131400
v -0.151178 0.229628 -0.131436
v -0.151205 0.229869 -0.131457
v -0.149434 0.015059 -0.112664
v -0.149433 0.014817 -0.112643
v -0.151178 0.015289 -0.112684
v -0.151175 0.015045 -0.112663
v -0.152733 0.015932 -0.112740
v -0.152685 0.015668 -0.112717
v -0.154972 0.018166 -0.112936
v -0.155230 0.018166 -0.112936
v -0.155618 0.019715 -0.113071
v -0.155873 0.019719 -0.113072
v -0.034288 0.229853 -0.131531
v -0.034288 0.229859 -0.131457
v -0.154205 0.016832 -0.112819
v -0.153995 0.016898 -0.112825
v -0.034288 0.225858 -0.131106
v -0.033902 0.225302 -0.131058
v -0.156098 0.223466 -0.130972
v -0.155848 0.223458 -0.130972
v -0.155864 0.225224 -0.131126
v -0.155617 0.225196 -0.131124
v -0.155205 0.226806 -0.131264
v -0.154967 0.226757 -0.131260
v -0.154158 0.228165 -0.131383
v -0.154003 0.228007 -0.131370
v -0.152793 0.229207 -0.131475
v -0.152733 0.228979 -0.131455
v -0.149441 0.230093 -0.131552
v -0.151205 0.229862 -0.131532
v -0.151178 0.229622 -0.131511
v -0.149434 0.229852 -0.131531
v -0.149433 0.014810 -0.112717
v -0.149434 0.015053 -0.112738
v -0.151175 0.015038 -0.112737
v -0.151178 0.015283 -0.112759
v -0.154205 0.016825 -0.112894
v -0.152685 0.015661 -0.112792
v -0.152733 0.015926 -0.112815
v -0.153995 0.016891 -0.112899
v -0.155230 0.018159 -0.113010
v -0.154972 0.018159 -0.113010
v -0.155873 0.019713 -0.113146
v -0.155618 0.019708 -0.113146
v 0.157000 0.223509 -0.131152
v 0.149500 0.230981 -0.131806
v 0.156744 0.225443 -0.131321
v 0.155995 0.227245 -0.131479
v 0.154803 0.228793 -0.131614
v 0.153250 0.229980 -0.131718
v 0.151441 0.230726 -0.131783
v 0.149500 0.005343 -0.112065
v 0.157000 0.012814 -0.112719
v 0.151441 0.005597 -0.112087
v 0.153250 0.006344 -0.112152
v 0.151606 0.012877 -0.112473
v 0.154803 0.007531 -0.112256
v 0.155995 0.009079 -0.112392
v 0.156744 0.010881 -0.112549
v 0.156375 0.012563 -0.116056
v 0.157000 0.012544 -0.115803
v 0.149459 0.005674 -0.115453
v 0.149500 0.005073 -0.115150
v 0.156136 0.010751 -0.115897
v 0.156744 0.010611 -0.115634
v 0.155449 0.009101 -0.115753
v 0.155995 0.008809 -0.115477
v 0.154358 0.007684 -0.115629
v 0.154803 0.007261 -0.115341
v 0.152935 0.006596 -0.115534
v 0.153250 0.006074 -0.115237
v 0.151278 0.005912 -0.115474
v 0.151441 0.005328 -0.115172
v 0.149459 0.230067 -0.135085
v 0.149500 0.230711 -0.134890
v 0.156375 0.223177 -0.134482
v 0.157000 0.223240 -0.134237
v 0.151278 0.229828 -0.135064
v 0.151441 0.230456 -0.134868
v 0.152935 0.229144 -0.135004
v 0.153250 0.229710 -0.134803
v 0.154358 0.228057 -0.134909
v 0.154803 0.228523 -0.134699
v 0.155449 0.226639 -0.134785
v 0.155995 0.226975 -0.134564
v 0.156136 0.224989 -0.134641
v 0.156744 0.225173 -0.134406
v 0.156501 0.010654 -0.115889
v 0.156750 0.012539 -0.116054
v 0.156750 0.012852 -0.112471
v 0.156501 0.010967 -0.112306
v 0.155777 0.008912 -0.115737
v 0.155777 0.009226 -0.112154
v 0.154625 0.007417 -0.115606
v 0.154625 0.007731 -0.112023
v 0.153124 0.006270 -0.115505
v 0.153124 0.006583 -0.111922
v 0.151376 0.005548 -0.115442
v 0.151376 0.005862 -0.111859
v 0.149484 0.005300 -0.115421
v 0.149484 0.005614 -0.111838
v 0.151376 0.230192 -0.135096
v 0.149484 0.230440 -0.135118
v 0.149484 0.230754 -0.131535
v 0.151376 0.230505 -0.131513
v 0.153124 0.229471 -0.135033
v 0.153124 0.229784 -0.131450
v 0.154625 0.228323 -0.134933
v 0.154625 0.228637 -0.131350
v 0.155777 0.226828 -0.134802
v 0.155777 0.227141 -0.131219
v 0.156501 0.225087 -0.134649
v 0.156501 0.225400 -0.131066
v 0.156750 0.223201 -0.134484
v 0.156750 0.223515 -0.130902
v 0.152733 0.018166 -0.112936
v 0.126834 0.013070 -0.110265
v 0.126834 0.010415 -0.107101
v 0.126834 0.012808 -0.108776
v 0.126834 0.011836 -0.107618
v 0.152733 0.223464 -0.130897
v 0.126834 0.007257 -0.106824
v 0.126834 0.006363 -0.107574
v 0.150710 0.011799 -0.115989
v 0.150710 0.225437 -0.134680
v 0.126834 0.012877 -0.112473
v 0.149459 0.005987 -0.111870
v 0.126834 0.005987 -0.111870
v 0.156375 0.012877 -0.112473
v 0.156136 0.011065 -0.112315
v 0.155449 0.009414 -0.112170
v 0.154358 0.007997 -0.112046
v 0.152935 0.006909 -0.111951
v 0.151278 0.006226 -0.111891
v 0.149459 0.230380 -0.131502
v 0.151278 0.230141 -0.131481
v 0.152935 0.229458 -0.131421
v 0.154358 0.228370 -0.131326
v 0.155449 0.226953 -0.131202
v 0.156136 0.225302 -0.131058
v 0.156375 0.223490 -0.130899
v 0.152733 0.223442 -0.131152
v 0.152733 0.018143 -0.113190
v 0.155848 0.223464 -0.130897
v 0.156098 0.223472 -0.130898
v 0.149441 0.230100 -0.131478
v 0.149434 0.229858 -0.131456
v 0.155617 0.225203 -0.131049
v 0.155864 0.225230 -0.131052
v 0.154967 0.226763 -0.131186
v 0.155205 0.226813 -0.131190
v 0.154003 0.228014 -0.131295
v 0.154158 0.228171 -0.131309
v 0.152733 0.228985 -0.131380
v 0.152793 0.229214 -0.131400
v 0.151178 0.229628 -0.131436
v 0.151205 0.229869 -0.131457
v 0.149434 0.015059 -0.112664
v 0.149433 0.014817 -0.112643
v 0.151178 0.015289 -0.112684
v 0.151175 0.015045 -0.112663
v 0.152733 0.015932 -0.112740
v 0.152685 0.015668 -0.112717
v 0.154972 0.018166 -0.112936
v 0.155230 0.018166 -0.112936
v 0.155618 0.019715 -0.113071
v 0.155873 0.019719 -0.113072
v 0.034288 0.229853 -0.131531
v 0.034288 0.229859 -0.131457
v 0.154205 0.016832 -0.112819
v 0.153995 0.016898 -0.112825
v 0.034288 0.225858 -0.131106
v 0.033902 0.225302 -0.131058
v 0.156098 0.223466 -0.130972
v 0.155848 0.223458 -0.130972
v 0.155864 0.225224 -0.131126
v 0.155617 0.225196 -0.131124
v 0.155205 0.226806 -0.131264
v 0.154967 0.226757 -0.131260
v 0.154158 0.228165 -0.131383
v 0.154003 0.228007 -0.131370
v 0.152793 0.229207 -0.131475
v 0.152733 0.228979 -0.131455
v 0.149441 0.230093 -0.131552
v 0.151205 0.229862 -0.131532
v 0.151178 0.229622 -0.131511
v 0.149434 0.229852 -0.131531
v 0.149433 0.014810 -0.112717
v 0.149434 0.015053 -0.112738
v 0.151175 0.015038 -0.112737
v 0.151178 0.015283 -0.112759
v 0.154205 0.016825 -0.112894
v 0.152685 0.015661 -0.112792
v 0.152733 0.015926 -0.112815
v 0.153995 0.016891 -0.112899
v 0.155230 0.018159 -0.113010
v 0.154972 0.018159 -0.113010
v 0.155873 0.019713 -0.113146
v 0.155618 0.019708 -0.113146
v -0.000000 0.223442 -0.131152
v 0.000000 0.018143 -0.113190
v -0.152733 0.223442 -0.131152
v -0.152733 0.018143 -0.113190
v 0.152733 0.223442 -0.131152
v 0.152733 0.018143 -0.113190
vn -0.6801 -0.2434 -0.6916
vn -0.7048 -0.1077 -0.7012
vn -0.7048 0.0157 0.7092
vn -0.6801 -0.1196 0.7233
vn -0.6097 -0.4126 -0.6767
vn -0.6097 -0.2888 0.7381
vn -0.4979 -0.5579 -0.6640
vn -0.4979 -0.4341 0.7508
vn -0.3520 -0.6693 -0.6543
vn -0.3520 -0.5455 0.7606
vn -0.1822 -0.7394 -0.6482
vn -0.1822 -0.6156 0.7667
vn -0.0462 -0.7639 -0.6437
vn -0.0462 -0.6405 0.7666
vn -0.1822 0.6156 -0.7667
vn -0.0462 0.6405 -0.7666
vn -0.0462 0.7639 0.6437
vn -0.1822 0.7394 0.6482
vn -0.3520 0.5455 -0.7606
vn -0.3520 0.6693 0.6543
vn -0.4979 0.4341 -0.7508
vn -0.4979 0.5578 0.6640
vn -0.4978 0.5578 0.6640
vn -0.6097 0.2888 -0.7381
vn -0.6098 0.2888 -0.7381
vn -0.6097 0.4126 0.6767
vn -0.6801 0.1196 -0.7233
vn -0.6801 0.2434 0.6916
vn -0.7048 -0.0157 -0.7092
vn -0.7048 0.1077 0.7012
vn -0.0000 -0.0872 -0.9962
vn -0.0000 0.0872 0.9962
vn -0.9659 0.2578 -0.0226
vn -0.9979 0.0652 -0.0057
vn -0.0654 0.9941 -0.0870
vn -0.2588 0.9622 -0.0842
vn -0.8660 0.4981 -0.0436
vn -0.7071 0.7044 -0.0616
vn -0.5000 0.8627 -0.0755
vn -0.2588 -0.9622 0.0842
vn -0.0654 -0.9941 0.0870
vn -0.9979 -0.0652 0.0057
vn -0.9659 -0.2578 0.0226
vn -0.5000 -0.8627 0.0755
vn -0.7071 -0.7044 0.0616
vn -0.8660 -0.4981 0.0436
vn -0.0000 0.9962 -0.0872
vn -0.0000 0.6428 -0.7660
vn -0.0000 0.7660 0.6428
vn -1.0000 -0.0000 -0.0000
vn -0.0000 0.9990 0.0436
vn 1.0000 -0.0000 -0.0000
vn -0.0000 -0.9962 0.0872
vn -0.0000 -0.3007 0.9537
vn -0.0000 -0.8870 0.4617
vn -0.8657 0.4986 -0.0436
vn 0.7069 -0.7047 0.0616
vn 0.4998 -0.8629 0.0755
vn -0.5005 0.8624 -0.0754
vn 0.2586 -0.9623 0.0841
vn 0.7079 0.7036 -0.0616
vn 0.8668 0.4967 -0.0435
vn -0.0000 -0.6428 0.7660
vn -0.8658 -0.4986 0.0436
vn -0.2595 0.9621 -0.0841
vn -0.0000 0.5736 0.8192
vn -0.0000 0.9063 0.4226
vn 0.0653 -0.9941 0.0869
vn -0.0000 0.2164 0.9763
vn -0.0657 0.9940 -0.0869
vn 0.9808 0.1941 -0.0169
vn 0.9979 -0.0650 0.0058
vn -0.0657 -0.9940 0.0870
vn 0.0653 0.9941 -0.0870
vn 0.2586 0.9623 -0.0842
vn -0.9979 0.0648 -0.0058
vn -0.9806 -0.1952 0.0170
vn -0.0000 -0.9962 0.0871
vn -0.0000 0.0871 0.9962
vn -0.2595 -0.9621 0.0842
vn -0.0000 0.9962 -0.0871
vn 0.5003 0.8626 -0.0754
vn -0.5005 -0.8624 0.0755
vn -0.0000 -0.7660 -0.6428
vn 0.9658 -0.2584 0.0226
vn -0.9658 0.2584 -0.0226
vn 0.8658 -0.4985 0.0436
vn 0.6801 -0.2434 -0.6916
vn 0.7048 -0.1077 -0.7012
vn 0.7048 0.0157 0.7092
vn 0.6801 -0.1196 0.7233
vn 0.6097 -0.4126 -0.6767
vn 0.6098 -0.2888 0.7381
vn 0.4979 -0.5579 -0.6640
vn 0.4979 -0.4341 0.7508
vn 0.3520 -0.6693 -0.6543
vn 0.3520 -0.5455 0.7606
vn 0.1822 -0.7394 -0.6482
vn 0.1822 -0.6156 0.7667
vn 0.0462 -0.7639 -0.6437
vn 0.0462 -0.6405 0.7666
vn 0.1822 0.6156 -0.7667
vn 0.0462 0.6405 -0.7666
vn 0.0462 0.7639 0.6437
vn 0.1822 0.7394 0.6482
vn 0.3520 0.5455 -0.7606
vn 0.3520 0.6693 0.6543
vn 0.4979 0.4341 -0.7508
vn 0.4978 0.5578 0.6640
vn 0.6098 0.2888 -0.7381
vn 0.6097 0.4126 0.6767
vn 0.6801 0.1196 -0.7233
vn 0.6801 0.2434 0.6916
vn 0.7048 -0.0157 -0.7092
vn 0.7048 0.1077 0.7012
vn 0.9659 0.2578 -0.0226
vn 0.9979 0.0652 -0.0057
vn 0.0654 0.9941 -0.0870
vn 0.2588 0.9622 -0.0842
vn 0.8660 0.4981 -0.0436
vn 0.7071 0.7044 -0.0616
vn 0.5000 0.8627 -0.0755
vn 0.2588 -0.9622 0.0842
vn 0.0654 -0.9941 0.0870
vn 0.9979 -0.0652 0.0057
vn 0.9659 -0.2578 0.0226
vn 0.5000 -0.8627 0.0755
vn 0.7071 -0.7044 0.0616
vn 0.8660 -0.4981 0.0436
vn 0.8657 0.4986 -0.0436
vn -0.7069 -0.7047 0.0616
vn -0.4998 -0.8629 0.0755
vn 0.5005 0.8624 -0.0754
vn -0.2586 -0.9623 0.0841
vn -0.7079 0.7036 -0.0616
vn -0.8668 0.4967 -0.0435
vn 0.2595 0.9621 -0.0841
vn -0.0653 -0.9941 0.0869
vn 0.0657 0.9940 -0.0869
vn -0.9808 0.1941 -0.0169
vn -0.9979 -0.0650 0.0057
vn 0.0657 -0.9940 0.0870
vn -0.0653 0.9941 -0.0870
vn -0.2586 0.9623 -0.0842
vn 0.9979 0.0648 -0.0058
vn 0.9806 -0.1952 0.0171
vn 0.2595 -0.9621 0.0842
vn -0.5003 0.8626 -0.0754
vn 0.5005 -0.8624 0.0755
vn -0.9658 -0.2584 0.0226
vn 0.9658 0.2584 -0.0226
vn -0.8658 -0.4985 0.0436
vt 0.982567 0.534933
vt 0.983166 0.534933
vt 0.983166 0.538206
vt 0.982567 0.538206
vt 0.979343 0.538208
vt 0.978743 0.538208
vt 0.978743 0.534934
vt 0.979343 0.534934
vt 0.982567 0.531674
vt 0.983166 0.531674
vt 0.978743 0.531675
vt 0.979343 0.531675
vt 0.982567 0.528415
vt 0.983166 0.528415
vt 0.978743 0.528416
vt 0.979343 0.528416
vt 0.982567 0.525155
vt 0.983166 0.525155
vt 0.978743 0.525157
vt 0.979343 0.525157
vt 0.982567 0.521896
vt 0.983166 0.521896
vt 0.978743 0.521898
vt 0.979343 0.521898
vt 0.982567 0.518623
vt 0.983166 0.518623
vt 0.978743 0.518624
vt 0.979343 0.518624
vt 0.982567 0.912589
vt 0.983166 0.912589
vt 0.983166 0.915863
vt 0.982567 0.915863
vt 0.979343 0.915853
vt 0.978743 0.915853
vt 0.978743 0.912580
vt 0.979343 0.912580
vt 0.982567 0.909330
vt 0.983166 0.909330
vt 0.978743 0.909321
vt 0.979343 0.909321
vt 0.982567 0.906071
vt 0.983166 0.906071
vt 0.978743 0.906062
vt 0.979343 0.906062
vt 0.982567 0.902811
vt 0.983166 0.902811
vt 0.978743 0.902802
vt 0.979343 0.902802
vt 0.982567 0.899552
vt 0.983166 0.899552
vt 0.978743 0.899543
vt 0.979343 0.899543
vt 0.982567 0.896279
vt 0.983166 0.896279
vt 0.978743 0.896270
vt 0.979343 0.896270
vt 0.529936 0.398511
vt 0.531237 0.388913
vt 0.889441 0.388913
vt 0.893284 0.398512
vt 0.000740 0.904886
vt 0.000698 0.904251
vt 0.039073 0.904886
vt 0.961519 0.536964
vt 0.961519 0.540281
vt 0.956272 0.540281
vt 0.956272 0.536964
vt 0.961519 0.520378
vt 0.961519 0.523695
vt 0.956272 0.523695
vt 0.956272 0.520378
vt 0.961519 0.533647
vt 0.956272 0.533647
vt 0.961519 0.530329
vt 0.956272 0.530329
vt 0.961519 0.527012
vt 0.956272 0.527012
vt 0.961519 0.915211
vt 0.961519 0.918528
vt 0.956272 0.918528
vt 0.956272 0.915211
vt 0.961519 0.898625
vt 0.961519 0.901942
vt 0.956272 0.901942
vt 0.956272 0.898625
vt 0.961519 0.911894
vt 0.956272 0.911894
vt 0.961519 0.908577
vt 0.956272 0.908577
vt 0.961519 0.905259
vt 0.956272 0.905259
vt 0.897741 0.392332
vt 0.899590 0.394742
vt 0.973271 0.533387
vt 0.973907 0.533387
vt 0.973907 0.536554
vt 0.973271 0.536554
vt 0.969712 0.537431
vt 0.969076 0.537431
vt 0.969076 0.534264
vt 0.969712 0.534264
vt 0.973271 0.530269
vt 0.973907 0.530269
vt 0.969076 0.531146
vt 0.969712 0.531146
vt 0.973271 0.527151
vt 0.973907 0.527151
vt 0.969076 0.528028
vt 0.969712 0.528028
vt 0.973271 0.524033
vt 0.973907 0.524033
vt 0.969076 0.524910
vt 0.969712 0.524910
vt 0.973271 0.520915
vt 0.973907 0.520915
vt 0.969076 0.521792
vt 0.969712 0.521792
vt 0.973271 0.517748
vt 0.973907 0.517748
vt 0.969076 0.518625
vt 0.969712 0.518625
vt 0.973271 0.909975
vt 0.973907 0.909975
vt 0.973907 0.913142
vt 0.973271 0.913142
vt 0.969712 0.914018
vt 0.969076 0.914018
vt 0.969076 0.910851
vt 0.969712 0.910851
vt 0.973271 0.906857
vt 0.973907 0.906857
vt 0.969076 0.907733
vt 0.969712 0.907733
vt 0.973271 0.903739
vt 0.973907 0.903739
vt 0.969076 0.904615
vt 0.969712 0.904615
vt 0.973271 0.900621
vt 0.973907 0.900621
vt 0.969076 0.901497
vt 0.969712 0.901497
vt 0.973271 0.897503
vt 0.973907 0.897503
vt 0.969076 0.898379
vt 0.969712 0.898379
vt 0.973271 0.894336
vt 0.973907 0.894336
vt 0.969076 0.895212
vt 0.969712 0.895212
vt 0.253966 0.904251
vt 0.253966 0.904886
vt 0.989089 0.029668
vt 0.989725 0.029626
vt 0.989725 0.282892
vt 0.989089 0.282892
vt 0.000657 0.928790
vt 0.253954 0.928790
vt 0.253954 0.934037
vt 0.000657 0.934037
vt 0.995503 0.507251
vt 0.994904 0.507279
vt 0.994904 0.253983
vt 0.995503 0.253983
vt 0.000693 0.994247
vt 0.000721 0.993648
vt 0.253993 0.993648
vt 0.253993 0.994247
vt 0.528155 0.389319
vt 0.503080 0.467333
vt 0.505541 0.469114
vt 0.498305 0.474085
vt 0.931630 0.902499
vt 0.940335 0.909268
vt 0.939672 0.911742
vt 0.937860 0.913553
vt 0.947208 0.430446
vt 0.943453 0.430446
vt 0.943453 0.215552
vt 0.947208 0.215552
vt 0.935386 0.914216
vt 0.931630 0.914216
vt 0.511901 0.895488
vt 0.511901 0.895921
vt 0.162723 0.895921
vt 0.162723 0.895488
vt 0.998729 0.000658
vt 0.999162 0.000658
vt 0.999162 0.259443
vt 0.998729 0.259443
vt 0.952593 0.317527
vt 0.948522 0.518210
vt 0.951649 0.316873
vt 0.930397 0.430446
vt 0.928420 0.430446
vt 0.928420 0.215552
vt 0.930397 0.215552
vt 0.938937 0.902499
vt 0.940335 0.903897
vt 0.525348 0.390482
vt 0.895330 0.390482
vt 0.900753 0.397549
vt 0.901159 0.400631
vt 0.892523 0.389319
vt 0.519519 0.400631
vt 0.519925 0.397549
vt 0.522937 0.392332
vt 0.521087 0.394742
vt 0.507458 0.471471
vt 0.508700 0.474244
vt 0.509181 0.477244
vt 0.508862 0.480336
vt 0.499989 0.517629
vt 0.488590 0.514916
vt 0.500175 0.466225
vt 0.853096 0.997303
vt 0.853096 0.997149
vt 0.856354 0.997150
vt 0.856354 0.997304
vt 0.888767 0.991893
vt 0.888767 0.992066
vt 0.884766 0.992066
vt 0.884766 0.991892
vt 0.381468 0.110462
vt 0.381468 0.052368
vt 0.382412 0.053022
vt 0.382412 0.110462
vt 0.849799 0.997302
vt 0.849799 0.997148
vt 0.253954 0.897240
vt 0.507250 0.897240
vt 0.507250 0.902487
vt 0.253954 0.902487
vt 0.880765 0.992066
vt 0.880765 0.991892
vt 0.889908 0.993822
vt 0.889908 0.993648
vt 0.893840 0.993648
vt 0.893840 0.993823
vt 0.921113 0.215552
vt 0.921113 0.430446
vt 0.996815 0.253992
vt 0.997414 0.253992
vt 0.997414 0.507271
vt 0.996815 0.507298
vt 0.985542 0.075006
vt 0.985415 0.075006
vt 0.985415 0.072287
vt 0.985542 0.072287
vt 0.846334 0.997301
vt 0.846334 0.997147
vt 0.938329 0.215552
vt 0.940891 0.215552
vt 0.940891 0.430446
vt 0.938329 0.430446
vt 0.876625 0.992066
vt 0.876625 0.991892
vt 0.935768 0.215552
vt 0.935768 0.430446
vt 0.842711 0.997300
vt 0.842711 0.997146
vt 0.718121 0.995399
vt 0.718120 0.995608
vt 0.508629 0.995608
vt 0.508629 0.995399
vt 0.719433 0.995578
vt 0.719433 0.995399
vt 0.898506 0.995399
vt 0.898505 0.995578
vt 0.877526 0.993822
vt 0.877526 0.993647
vt 0.881624 0.993648
vt 0.881624 0.993822
vt 0.742135 0.990350
vt 0.742135 0.990140
vt 0.951616 0.990140
vt 0.951616 0.990350
vt 0.702696 0.992145
vt 0.702696 0.991971
vt 0.918473 0.592981
vt 0.923359 0.590024
vt 0.923750 0.592981
vt 0.977426 0.623263
vt 0.975222 0.623263
vt 0.975222 0.518622
vt 0.977426 0.518622
vt 0.977426 0.624173
vt 0.975222 0.624173
vt 0.923360 0.939511
vt 0.918473 0.942146
vt 0.959397 0.512621
vt 0.959006 0.515576
vt 0.977426 0.628617
vt 0.975222 0.628617
vt 0.975222 0.627708
vt 0.977426 0.627708
vt 0.922258 0.587370
vt 0.977426 0.625057
vt 0.975222 0.625057
vt 0.920624 0.585243
vt 0.977426 0.625940
vt 0.975222 0.625940
vt 0.977426 0.626824
vt 0.975222 0.626824
vt 0.957912 0.518210
vt 0.518211 0.908633
vt 0.515576 0.913525
vt 0.512621 0.913916
vt 0.494549 0.473942
vt 0.494243 0.476903
vt 0.518211 0.912431
vt 0.494111 0.471208
vt 0.922266 0.942146
vt 0.920610 0.944302
vt 0.918473 0.945944
vt 0.492781 0.468244
vt 0.488657 0.464359
vt 0.490975 0.466031
vt 0.959398 0.317527
vt 0.951649 0.259434
vt 0.948522 0.259434
vt 0.985542 0.066738
vt 0.985415 0.066738
vt 0.985415 0.063758
vt 0.985542 0.063758
vt 0.688836 0.997304
vt 0.688836 0.997150
vt 0.885436 0.993648
vt 0.885436 0.993822
vt 0.985542 0.069591
vt 0.985415 0.069591
vt 0.253987 0.991018
vt 0.253987 0.991617
vt 0.000687 0.991617
vt 0.000715 0.991018
vt 0.900912 0.991893
vt 0.900912 0.992067
vt 0.896770 0.992067
vt 0.896770 0.991893
vt 0.253971 0.988387
vt 0.253971 0.989022
vt 0.000704 0.989022
vt 0.000746 0.988387
vt 0.859845 0.997305
vt 0.859845 0.997151
vt 0.863469 0.997153
vt 0.863469 0.997306
vt 0.897774 0.993649
vt 0.897774 0.993823
vt 0.892768 0.992067
vt 0.892768 0.991893
vt 0.991671 0.253961
vt 0.991036 0.253961
vt 0.991036 0.000698
vt 0.991671 0.000739
vt 0.519519 0.653859
vt 0.529936 0.653859
vt 0.918473 0.583590
vt 0.985541 0.077858
vt 0.985415 0.077858
vt 0.893284 0.653859
vt 0.901159 0.653859
vt 0.538370 0.984006
vt 0.538370 0.984431
vt 0.535591 0.984431
vt 0.535591 0.984006
vt 0.341070 0.893734
vt 0.341070 0.893861
vt 0.282982 0.893861
vt 0.282982 0.893734
vt 0.259413 0.906881
vt 0.259413 0.907315
vt 0.000656 0.907314
vt 0.000656 0.906881
vt 0.703182 0.993897
vt 0.703182 0.993723
vt 0.374662 0.110462
vt 0.374663 0.052368
vt 0.253923 0.996754
vt 0.253923 0.996277
vt 0.507146 0.996277
vt 0.507115 0.996753
vt 0.253865 0.915643
vt 0.507046 0.915644
vt 0.468758 0.918943
vt 0.253865 0.918943
vt 0.259435 0.908633
vt 0.259435 0.913917
vt 0.253835 0.998903
vt 0.253835 0.999314
vt 0.000656 0.999316
vt 0.000657 0.998903
vt 0.986086 0.239606
vt 0.986426 0.239606
vt 0.987771 0.449614
vt 0.986086 0.287793
vt 0.886659 0.984006
vt 0.886659 0.984431
vt 0.541216 0.984431
vt 0.541216 0.984006
vt 0.987430 0.449607
vt 0.889649 0.984006
vt 0.889649 0.984431
vt 0.892534 0.984006
vt 0.892534 0.984431
vt 0.895323 0.984006
vt 0.895323 0.984431
vt 0.898127 0.984006
vt 0.898127 0.984431
vt 0.901001 0.984006
vt 0.901001 0.984431
vt 0.903989 0.984006
vt 0.903989 0.984431
vt 0.529826 0.984006
vt 0.529826 0.984431
vt 0.526857 0.984431
vt 0.526857 0.984006
vt 0.532629 0.984006
vt 0.532629 0.984431
vt 0.997380 0.525296
vt 0.997380 0.528570
vt 0.996781 0.528570
vt 0.996781 0.525296
vt 0.980654 0.538206
vt 0.980654 0.534932
vt 0.981254 0.534932
vt 0.981254 0.538206
vt 0.997380 0.522037
vt 0.996781 0.522037
vt 0.980654 0.531673
vt 0.981254 0.531673
vt 0.997380 0.518777
vt 0.996781 0.518777
vt 0.980654 0.528414
vt 0.981254 0.528414
vt 0.997380 0.515518
vt 0.996781 0.515518
vt 0.980654 0.525155
vt 0.981254 0.525155
vt 0.997380 0.512258
vt 0.996781 0.512258
vt 0.980654 0.521895
vt 0.981254 0.521895
vt 0.997380 0.508985
vt 0.996781 0.508985
vt 0.980654 0.518622
vt 0.981254 0.518622
vt 0.997380 0.902973
vt 0.997380 0.906246
vt 0.996781 0.906246
vt 0.996781 0.902973
vt 0.980654 0.915862
vt 0.980654 0.912589
vt 0.981254 0.912589
vt 0.981254 0.915862
vt 0.997380 0.899714
vt 0.996781 0.899714
vt 0.980654 0.909330
vt 0.981254 0.909330
vt 0.997380 0.896454
vt 0.996781 0.896454
vt 0.980654 0.906070
vt 0.981254 0.906070
vt 0.997380 0.893195
vt 0.996781 0.893195
vt 0.980654 0.902811
vt 0.981254 0.902811
vt 0.997380 0.889935
vt 0.996781 0.889935
vt 0.980654 0.899552
vt 0.981254 0.899552
vt 0.997380 0.886662
vt 0.996781 0.886662
vt 0.980654 0.896278
vt 0.981254 0.896278
vt 0.529936 0.909206
vt 0.893284 0.909206
vt 0.889441 0.918804
vt 0.531237 0.918804
vt 0.507192 0.904886
vt 0.468859 0.904886
vt 0.507233 0.904251
vt 0.454197 0.005906
vt 0.454197 0.000659
vt 0.457515 0.000659
vt 0.457515 0.005906
vt 0.437611 0.005906
vt 0.437611 0.000659
vt 0.440929 0.000659
vt 0.440929 0.005906
vt 0.450880 0.005906
vt 0.450880 0.000659
vt 0.447563 0.005906
vt 0.447563 0.000659
vt 0.444246 0.005906
vt 0.444246 0.000659
vt 0.832443 0.005906
vt 0.832443 0.000659
vt 0.835761 0.000659
vt 0.835761 0.005906
vt 0.815857 0.005906
vt 0.815857 0.000659
vt 0.819174 0.000659
vt 0.819174 0.005906
vt 0.829126 0.005906
vt 0.829126 0.000659
vt 0.825809 0.005906
vt 0.825809 0.000659
vt 0.822492 0.005906
vt 0.822492 0.000659
vt 0.899590 0.912975
vt 0.897740 0.915386
vt 0.971663 0.534265
vt 0.971663 0.537432
vt 0.971027 0.537432
vt 0.971027 0.534265
vt 0.967123 0.537430
vt 0.967123 0.534263
vt 0.967759 0.534263
vt 0.967759 0.537430
vt 0.971663 0.531147
vt 0.971027 0.531147
vt 0.967123 0.531145
vt 0.967759 0.531145
vt 0.971663 0.528029
vt 0.971027 0.528029
vt 0.967123 0.528027
vt 0.967759 0.528027
vt 0.971663 0.524911
vt 0.971027 0.524911
vt 0.967123 0.524909
vt 0.967759 0.524909
vt 0.971663 0.521793
vt 0.971027 0.521793
vt 0.967123 0.521791
vt 0.967759 0.521791
vt 0.971663 0.518626
vt 0.971027 0.518626
vt 0.967123 0.518624
vt 0.967759 0.518624
vt 0.971663 0.910859
vt 0.971663 0.914026
vt 0.971027 0.914026
vt 0.971027 0.910859
vt 0.967123 0.914019
vt 0.967123 0.910852
vt 0.967759 0.910852
vt 0.967759 0.914019
vt 0.971663 0.907741
vt 0.971027 0.907741
vt 0.967123 0.907734
vt 0.967759 0.907734
vt 0.971663 0.904623
vt 0.971027 0.904623
vt 0.967123 0.904616
vt 0.967759 0.904616
vt 0.971663 0.901505
vt 0.971027 0.901505
vt 0.967123 0.901498
vt 0.967759 0.901498
vt 0.971663 0.898386
vt 0.971027 0.898386
vt 0.967123 0.898380
vt 0.967759 0.898380
vt 0.971663 0.895219
vt 0.971027 0.895219
vt 0.967123 0.895213
vt 0.967759 0.895213
vt 0.989089 0.536117
vt 0.989725 0.536159
vt 0.507250 0.928790
vt 0.507250 0.934037
vt 0.995503 0.000715
vt 0.994904 0.000687
vt 0.507292 0.994247
vt 0.507264 0.993648
vt 0.528155 0.918398
vt 0.483837 0.506827
vt 0.479062 0.500074
vt 0.486299 0.505046
vt 0.978776 0.477756
vt 0.986818 0.468512
vt 0.987481 0.470987
vt 0.985006 0.466701
vt 0.947208 0.000658
vt 0.943453 0.000658
vt 0.982532 0.466038
vt 0.876037 0.986191
vt 0.526859 0.986191
vt 0.526859 0.985758
vt 0.876037 0.985758
vt 0.998729 0.518228
vt 0.999162 0.518228
vt 0.952593 0.201340
vt 0.951649 0.201994
vt 0.948522 0.000659
vt 0.930397 0.000658
vt 0.928420 0.000658
vt 0.525347 0.917236
vt 0.895330 0.917236
vt 0.901159 0.907086
vt 0.900753 0.910168
vt 0.892523 0.918398
vt 0.519519 0.907086
vt 0.519925 0.910168
vt 0.522937 0.915386
vt 0.521087 0.912975
vt 0.489457 0.499915
vt 0.488216 0.502688
vt 0.489939 0.496915
vt 0.489620 0.493823
vt 0.469347 0.459243
vt 0.480747 0.456531
vt 0.480933 0.507935
vt 0.212497 0.986732
vt 0.208691 0.986731
vt 0.208691 0.986551
vt 0.212497 0.986552
vt 0.516626 0.991897
vt 0.520627 0.991897
vt 0.520627 0.992071
vt 0.516626 0.992071
vt 0.382412 0.167901
vt 0.381468 0.168555
vt 0.216347 0.986732
vt 0.216347 0.986552
vt 0.000657 0.902487
vt 0.000657 0.897240
vt 0.524628 0.991897
vt 0.524628 0.992071
vt 0.516455 0.993820
vt 0.512523 0.993820
vt 0.512523 0.993645
vt 0.516455 0.993646
vt 0.921113 0.000658
vt 0.996815 0.000685
vt 0.997414 0.000713
vt 0.016619 0.986815
vt 0.012761 0.986815
vt 0.012761 0.986635
vt 0.016619 0.986636
vt 0.220394 0.986733
vt 0.220394 0.986553
vt 0.938329 0.000658
vt 0.940891 0.000658
vt 0.528768 0.991897
vt 0.528768 0.992071
vt 0.935768 0.000658
vt 0.224625 0.986733
vt 0.224625 0.986554
vt 0.955026 0.988597
vt 0.747085 0.988595
vt 0.747085 0.988387
vt 0.955026 0.988390
vt 0.687519 0.997329
vt 0.508447 0.997329
vt 0.508447 0.997150
vt 0.687519 0.997150
vt 0.528837 0.993821
vt 0.524740 0.993821
vt 0.524740 0.993646
vt 0.528837 0.993647
vt 0.200381 0.986730
vt 0.020667 0.986816
vt 0.020667 0.986636
vt 0.200381 0.986550
vt 0.925066 0.937432
vt 0.930343 0.937432
vt 0.929953 0.940389
vt 0.983063 0.459370
vt 0.983063 0.354734
vt 0.985267 0.354734
vt 0.985267 0.459370
vt 0.983063 0.460280
vt 0.985267 0.460280
vt 0.929953 0.590902
vt 0.925066 0.588267
vt 0.959397 0.006249
vt 0.959006 0.003294
vt 0.983063 0.464724
vt 0.983063 0.463814
vt 0.985267 0.463814
vt 0.985267 0.464724
vt 0.928851 0.943043
vt 0.983063 0.461163
vt 0.985267 0.461163
vt 0.927218 0.945170
vt 0.983063 0.462047
vt 0.985267 0.462047
vt 0.983063 0.462931
vt 0.985267 0.462931
vt 0.957912 0.000659
vt 0.000659 0.908633
vt 0.006249 0.913916
vt 0.003294 0.913525
vt 0.475306 0.500217
vt 0.475001 0.497256
vt 0.000659 0.912431
vt 0.474868 0.502951
vt 0.925066 0.584469
vt 0.927204 0.586111
vt 0.928860 0.588267
vt 0.473539 0.505915
vt 0.469415 0.509800
vt 0.471733 0.508129
vt 0.959398 0.201340
vt 0.004887 0.986813
vt 0.000657 0.986813
vt 0.000657 0.986633
vt 0.004887 0.986634
vt 0.404339 0.986814
vt 0.404339 0.986634
vt 0.520927 0.993820
vt 0.520927 0.993646
vt 0.008935 0.986814
vt 0.008935 0.986634
vt 0.507260 0.991018
vt 0.507287 0.991617
vt 0.742134 0.988597
vt 0.742134 0.988389
vt 0.507195 0.988387
vt 0.507237 0.989022
vt 0.204614 0.986730
vt 0.204614 0.986551
vt 0.508589 0.993819
vt 0.508589 0.993645
vt 0.508623 0.991896
vt 0.512625 0.991897
vt 0.512625 0.992071
vt 0.508623 0.992070
vt 0.991671 0.507183
vt 0.991036 0.507225
vt 0.925066 0.946823
vt 0.998699 0.531890
vt 0.998699 0.529111
vt 0.999124 0.529111
vt 0.999124 0.531890
vt 0.399158 0.893734
vt 0.399158 0.893861
vt 0.518170 0.906882
vt 0.518170 0.907315
vt 0.374663 0.168555
vt 0.000730 0.996753
vt 0.000699 0.996277
vt 0.038972 0.918943
vt 0.000682 0.915644
vt 0.507012 0.998903
vt 0.507013 0.999316
vt 0.986086 0.191419
vt 0.987771 0.029598
vt 0.998699 0.880193
vt 0.998699 0.534737
vt 0.999124 0.534737
vt 0.999124 0.880193
vt 0.987430 0.029604
vt 0.998699 0.883183
vt 0.999124 0.883183
vt 0.998699 0.886068
vt 0.999124 0.886068
vt 0.998699 0.888857
vt 0.999124 0.888857
vt 0.998699 0.891661
vt 0.999124 0.891661
vt 0.998699 0.894535
vt 0.999124 0.894535
vt 0.998699 0.897523
vt 0.999124 0.897523
vt 0.998699 0.523346
vt 0.998699 0.520377
vt 0.999124 0.520377
vt 0.999124 0.523346
vt 0.998699 0.526148
vt 0.999124 0.526148
vt 0.978776 0.466038
vt 0.986083 0.477756
vt 0.987481 0.476358
vt 0.259431 0.533525
vt 0.518205 0.533525
vt 0.518205 0.882690
vt 0.259431 0.882690
vt 0.000656 0.882690
vt 0.000656 0.533525
s 1
usemtl Laptop14_mat.001
f 79/1/1 56/2/1 52/3/2 80/4/2
f 81/5/3 44/6/3 50/7/4 82/8/4
f 83/9/5 58/10/5 56/2/1 79/1/1
f 82/8/4 50/7/4 49/11/6 84/12/6
f 85/13/7 60/14/7 58/10/5 83/9/5
f 84/12/6 49/11/6 48/15/8 86/16/8
f 87/17/9 62/18/9 60/14/7 85/13/7
f 86/16/8 48/15/8 46/19/10 88/20/10
f 89/21/11 64/22/11 62/18/9 87/17/9
f 88/20/10 46/19/10 45/23/12 90/24/12
f 91/25/13 54/26/13 64/22/11 89/21/11
f 90/24/12 45/23/12 43/27/14 92/28/14
f 93/29/15 70/30/15 66/31/16 94/32/16
f 95/33/17 37/34/17 42/35/18 96/36/18
f 97/37/19 72/38/19 70/30/15 93/29/15
f 96/36/18 42/35/18 41/39/20 98/40/20
f 99/41/21 74/42/21 72/38/19 97/37/19
f 98/40/20 41/39/20 40/43/22 100/44/23
f 101/45/24 76/46/25 74/42/21 99/41/21
f 100/44/23 40/43/22 39/47/26 102/48/26
f 103/49/27 78/50/27 76/46/25 101/45/24
f 102/48/26 39/47/26 38/51/28 104/52/28
f 105/53/29 68/54/29 78/50/27 103/49/27
f 104/52/28 38/51/28 36/55/30 106/56/30
f 115/57/31 51/58/31 67/59/31 116/60/31
f 118/61/32 92/62/32 119/63/32
f 44/6/3 81/5/3 106/56/30 36/55/30
f 78/64/33 68/65/34 36/66/34 38/67/33
f 80/4/2 52/3/2 68/54/29 105/53/29
f 66/68/35 70/69/36 42/70/36 37/71/35
f 76/72/37 78/64/33 38/67/33 39/73/37
f 74/74/38 76/72/37 39/73/37 40/75/38
f 72/76/39 74/74/38 40/75/38 41/77/39
f 70/69/36 72/76/39 41/77/39 42/70/36
f 64/78/40 54/79/41 43/80/41 45/81/40
f 52/82/42 56/83/43 50/84/43 44/85/42
f 62/86/44 64/78/40 45/81/40 46/87/44
f 60/88/45 62/86/44 46/87/44 48/89/45
f 58/90/46 60/88/45 48/89/45 49/91/46
f 56/83/43 58/90/46 49/91/46 50/84/43
f 116/60/31 73/92/31 71/93/31
f 55/94/31 79/95/31 80/96/31 51/97/31
f 120/98/32 81/99/32 82/100/32 121/101/32
f 57/102/31 83/103/31 79/95/31 55/94/31
f 121/101/32 82/100/32 84/104/32 122/105/32
f 59/106/31 85/107/31 83/103/31 57/102/31
f 122/105/32 84/104/32 86/108/32 123/109/32
f 61/110/31 87/111/31 85/107/31 59/106/31
f 123/109/32 86/108/32 88/112/32 124/113/32
f 63/114/31 89/115/31 87/111/31 61/110/31
f 124/113/32 88/112/32 90/116/32 125/117/32
f 53/118/31 91/119/31 89/115/31 63/114/31
f 125/117/32 90/116/32 92/120/32 118/121/32
f 69/122/31 93/123/31 94/124/31 65/125/31
f 126/126/32 95/127/32 96/128/32 127/129/32
f 71/130/31 97/131/31 93/123/31 69/122/31
f 127/129/32 96/128/32 98/132/32 128/133/32
f 73/134/31 99/135/31 97/131/31 71/130/31
f 128/133/32 98/132/32 100/136/32 129/137/32
f 75/138/31 101/139/31 99/135/31 73/134/31
f 129/137/32 100/136/32 102/140/32 130/141/32
f 77/142/31 103/143/31 101/139/31 75/138/31
f 130/141/32 102/140/32 104/144/32 131/145/32
f 67/146/31 105/147/31 103/143/31 77/142/31
f 131/145/32 104/144/32 106/148/32 132/149/32
f 44/85/42 36/66/34 68/65/34 52/82/42
f 119/63/32 92/62/32 2/150/32 5/151/32
f 65/152/31 94/153/31 9/154/31 11/155/31
f 37/156/35 7/157/47 10/158/47 66/159/35
f 94/160/16 66/161/16 10/162/48 9/163/48
f 37/164/17 95/165/17 8/166/49 7/167/49
f 115/57/31 55/168/31 51/58/31
f 51/97/31 80/96/31 105/147/31 67/146/31
f 121/169/32 122/170/32 47/171/32
f 119/172/50 109/173/50 111/174/50
f 119/172/50 111/174/50 110/175/50
f 117/176/47 108/177/51 13/178/51 23/179/47
f 108/180/50 117/181/50 119/172/50
f 107/182/52 134/183/52 133/184/52 112/185/52
f 112/186/53 133/187/53 26/188/53 12/189/53
f 163/190/32 112/191/32 164/192/32
f 113/193/54 114/194/55 20/195/55 19/196/54
f 119/172/50 114/197/50 113/198/50
f 115/57/31 57/199/31 55/168/31
f 75/200/31 73/92/31 116/60/31
f 116/60/31 69/201/31 65/202/31
f 116/60/31 67/59/31 77/203/31
f 53/204/31 63/205/31 115/57/31
f 115/57/31 59/206/31 57/199/31
f 61/207/31 59/206/31 115/57/31
f 116/60/31 71/93/31 69/201/31
f 63/205/31 61/207/31 115/57/31
f 116/60/31 77/203/31 75/200/31
f 47/171/32 123/208/32 124/209/32
f 47/171/32 124/209/32 125/210/32
f 47/171/32 125/210/32 118/211/32
f 47/171/32 118/211/32 119/212/32 117/213/32
f 120/214/32 121/169/32 47/171/32
f 122/170/32 123/208/32 47/171/32
f 132/149/32 106/148/32 81/99/32 120/98/32
f 143/215/38 172/216/38 170/217/56 141/218/56
f 144/219/57 171/220/57 173/221/58 146/222/58
f 18/223/32 163/224/32 164/225/32 17/226/32
f 145/227/59 174/228/59 172/216/38 143/215/38
f 1/229/53 43/230/41 54/231/41 4/232/53
f 146/222/58 173/221/58 176/233/60 148/234/60
f 161/235/61 183/236/61 187/237/62 156/238/62
f 5/239/53 20/195/55 114/194/55 119/240/53
f 1/241/63 2/242/63 92/243/14 43/244/14
f 155/245/64 188/246/64 186/247/45 162/248/45
f 147/249/65 177/250/65 174/228/59 145/227/59
f 16/251/66 15/252/67 110/253/67 111/254/66
f 148/234/60 176/233/60 175/255/68 137/256/68
f 14/257/69 109/258/69 113/193/54 19/196/54
f 15/252/67 13/178/51 108/177/51 110/253/67
f 14/257/69 16/251/66 111/254/66 109/258/69
f 138/259/70 178/260/70 177/250/65 147/249/65
f 158/261/71 189/262/71 165/263/72 136/264/72
f 149/265/73 180/266/73 32/267/53 31/268/53
f 150/269/74 179/270/74 181/271/75 152/272/75
f 135/273/76 166/274/76 190/275/77 157/276/77
f 137/256/68 175/255/68 34/277/78 28/278/78
f 112/279/32 139/280/32 135/281/32
f 136/282/32 132/283/32 120/284/32 158/285/32
f 140/286/32 131/287/32 132/283/32 136/282/32
f 157/288/32 107/289/32 112/279/32 135/281/32
f 138/290/32 147/291/32 112/191/32
f 137/292/79 126/293/32 127/294/32 148/295/32
f 112/279/32 141/296/32 139/280/32
f 142/297/32 130/298/32 131/287/32 140/286/32
f 112/279/32 143/299/32 141/296/32
f 144/300/32 129/301/32 130/298/32 142/297/32
f 146/302/32 128/303/32 129/301/32 144/300/32
f 147/291/32 145/304/32 112/191/32
f 148/295/32 127/294/32 128/303/32 146/302/32
f 107/305/32 151/306/79 149/307/32
f 152/308/32 47/171/32 150/309/32
f 150/309/32 47/171/32 117/213/32
f 107/305/32 153/310/79 151/306/79
f 154/311/32 47/171/32 152/308/32
f 154/311/32 120/214/32 47/171/32
f 107/289/32 155/312/32 162/313/79 153/314/79
f 161/315/32 120/214/32 154/311/32
f 158/316/32 120/214/32 156/317/32
f 156/317/32 120/214/32 161/315/32
f 160/318/32 138/290/32 112/191/32 163/190/32
f 17/319/32 164/192/32 112/191/32 12/320/32
f 151/321/80 182/322/80 180/323/73 149/324/73
f 160/325/81 159/326/81 178/260/70 138/259/70
f 152/272/75 181/271/75 184/327/82 154/328/82
f 153/329/83 185/330/83 182/322/80 151/321/80
f 154/328/82 184/327/82 183/236/61 161/235/61
f 3/331/84 4/332/84 54/333/13 91/334/13
f 136/335/72 165/336/72 167/337/85 140/338/85
f 162/248/45 186/247/45 185/330/83 153/329/83
f 6/339/31 3/340/31 91/341/31 53/342/31
f 139/343/86 168/344/86 166/345/76 135/346/76
f 156/238/62 187/237/62 189/347/71 158/348/71
f 140/338/85 167/337/85 169/349/87 142/350/87
f 24/351/32 8/352/32 95/353/32 126/354/32
f 6/355/31 53/204/31 115/57/31 21/356/31
f 145/357/32 143/299/32 112/279/32
f 157/358/77 190/359/77 188/246/64 155/245/64
f 141/218/56 170/217/56 168/344/86 139/343/86
f 22/360/31 116/60/31 65/202/31 11/361/31
f 142/350/87 169/349/87 171/220/57 144/219/57
f 21/356/31 115/57/31 116/60/31 22/360/31
f 188/362/32 187/363/32 183/364/32 186/365/32
f 29/366/81 35/367/81 159/368/81 160/369/81
f 25/370/47 27/371/47 134/372/47 107/373/47
f 155/312/32 107/289/32 157/288/32
f 30/374/47 33/375/47 179/270/74 150/269/74
f 29/376/32 160/377/32 163/224/32 18/223/32
f 28/378/79 24/379/32 126/380/32 137/381/79
f 30/382/32 150/383/32 117/384/32 23/385/32
f 25/386/32 107/305/32 149/307/32 31/387/32
f 33/388/32 32/389/32 180/390/32 179/391/32
f 35/392/79 34/393/79 175/394/79 159/395/79
f 166/396/32 165/397/32 189/398/32 190/399/32
f 159/395/79 175/394/79 178/400/79
f 168/401/32 167/402/32 165/397/32 166/396/32
f 170/403/32 169/404/32 167/402/32 168/401/32
f 172/405/32 171/406/32 169/404/32 170/403/32
f 174/407/32 173/408/32 171/406/32 172/405/32
f 177/409/32 176/410/32 173/408/32 174/407/32
f 178/411/79 175/412/79 176/410/32 177/409/32
f 182/413/32 181/414/32 179/415/32 180/416/32
f 185/417/32 184/418/32 181/414/32 182/413/32
f 186/365/32 183/364/32 184/418/32 185/417/32
f 190/399/32 189/398/32 187/363/32 188/362/32
f 234/419/88 235/420/89 207/421/89 211/422/88
f 236/423/90 237/424/91 205/425/91 199/426/90
f 238/427/92 234/419/88 211/422/88 213/428/92
f 237/424/91 239/429/93 204/430/93 205/425/91
f 240/431/94 238/427/92 213/428/92 215/432/94
f 239/429/93 241/433/95 203/434/95 204/430/93
f 242/435/96 240/431/94 215/432/94 217/436/96
f 241/433/95 243/437/97 201/438/97 203/434/95
f 244/439/98 242/435/96 217/436/96 219/440/98
f 243/437/97 245/441/99 200/442/99 201/438/97
f 246/443/100 244/439/98 219/440/98 209/444/100
f 245/441/99 247/445/101 198/446/101 200/442/99
f 248/447/102 249/448/103 221/449/103 225/450/102
f 250/451/104 251/452/105 197/453/105 192/454/104
f 252/455/106 248/447/102 225/450/102 227/456/106
f 251/452/105 253/457/107 196/458/107 197/453/105
f 254/459/108 252/455/106 227/456/106 229/460/108
f 253/457/107 255/461/109 195/462/109 196/458/107
f 256/463/110 254/459/108 229/460/108 231/464/110
f 255/461/109 257/465/111 194/466/111 195/462/109
f 258/467/112 256/463/110 231/464/110 233/468/112
f 257/465/111 259/469/113 193/470/113 194/466/111
f 260/471/114 258/467/112 233/468/112 223/472/114
f 259/469/113 261/473/115 191/474/115 193/470/113
f 270/475/31 271/476/31 222/477/31 206/478/31
f 273/479/32 274/480/32 247/481/32
f 199/426/90 191/474/115 261/473/115 236/423/90
f 233/482/116 193/483/116 191/484/117 223/485/117
f 235/420/89 260/471/114 223/472/114 207/421/89
f 221/486/118 192/487/118 197/488/119 225/489/119
f 231/490/120 194/491/120 193/483/116 233/482/116
f 229/492/121 195/493/121 194/491/120 231/490/120
f 227/494/122 196/495/122 195/493/121 229/492/121
f 225/489/119 197/488/119 196/495/122 227/494/122
f 219/496/123 200/497/123 198/498/124 209/499/124
f 207/500/125 199/501/125 205/502/126 211/503/126
f 217/504/127 201/505/127 200/497/123 219/496/123
f 215/506/128 203/507/128 201/505/127 217/504/127
f 213/508/129 204/509/129 203/507/128 215/506/128
f 211/503/126 205/502/126 204/509/129 213/508/129
f 271/476/31 226/510/31 228/511/31
f 210/512/31 206/513/31 235/514/31 234/515/31
f 275/516/32 276/517/32 237/518/32 236/519/32
f 212/520/31 210/512/31 234/515/31 238/521/31
f 276/517/32 277/522/32 239/523/32 237/518/32
f 214/524/31 212/520/31 238/521/31 240/525/31
f 277/522/32 278/526/32 241/527/32 239/523/32
f 216/528/31 214/524/31 240/525/31 242/529/31
f 278/526/32 279/530/32 243/531/32 241/527/32
f 218/532/31 216/528/31 242/529/31 244/533/31
f 279/530/32 280/534/32 245/535/32 243/531/32
f 208/536/31 218/532/31 244/533/31 246/537/31
f 280/534/32 273/538/32 247/539/32 245/535/32
f 224/540/31 220/541/31 249/542/31 248/543/31
f 281/544/32 282/545/32 251/546/32 250/547/32
f 226/548/31 224/540/31 248/543/31 252/549/31
f 282/545/32 283/550/32 253/551/32 251/546/32
f 228/552/31 226/548/31 252/549/31 254/553/31
f 283/550/32 284/554/32 255/555/32 253/551/32
f 230/556/31 228/552/31 254/553/31 256/557/31
f 284/554/32 285/558/32 257/559/32 255/555/32
f 232/560/31 230/556/31 256/557/31 258/561/31
f 285/558/32 286/562/32 259/563/32 257/559/32
f 222/564/31 232/560/31 258/561/31 260/565/31
f 286/562/32 287/566/32 261/567/32 259/563/32
f 199/501/125 207/500/125 223/485/117 191/484/117
f 274/480/32 5/151/32 2/150/32 247/481/32
f 220/568/31 11/155/31 9/154/31 249/569/31
f 192/570/118 221/571/118 10/158/47 7/157/47
f 249/572/103 9/163/48 10/162/48 221/573/103
f 192/574/104 7/167/49 8/166/49 250/575/104
f 270/475/31 206/478/31 210/576/31
f 206/513/31 222/564/31 260/565/31 235/514/31
f 276/577/32 202/578/32 277/579/32
f 274/580/52 266/581/52 264/582/52
f 274/580/52 265/583/52 266/581/52
f 272/584/47 23/179/47 13/178/51 263/585/51
f 274/580/52 263/586/52 265/583/52
f 262/587/50 267/588/50 288/589/50 289/590/50
f 267/591/53 12/189/53 26/188/53 288/592/53
f 318/593/32 319/594/32 267/595/32
f 268/596/54 19/196/54 20/195/55 269/597/55
f 270/475/31 210/576/31 212/598/31
f 230/599/31 271/476/31 228/511/31
f 271/476/31 220/600/31 224/601/31
f 271/476/31 232/602/31 222/477/31
f 208/603/31 270/475/31 218/604/31
f 270/475/31 212/598/31 214/605/31
f 216/606/31 270/475/31 214/605/31
f 271/476/31 224/601/31 226/510/31
f 218/604/31 270/475/31 216/606/31
f 271/476/31 230/599/31 232/602/31
f 202/578/32 279/607/32 278/608/32
f 202/578/32 280/609/32 279/607/32
f 202/578/32 273/610/32 280/609/32
f 202/578/32 272/611/32 274/612/32 273/610/32
f 275/613/32 202/578/32 276/577/32
f 277/579/32 202/578/32 278/608/32
f 287/566/32 275/516/32 236/519/32 261/567/32
f 298/614/121 296/615/130 325/616/130 327/617/121
f 299/618/131 301/619/132 328/620/132 326/621/131
f 18/223/32 17/226/32 319/622/32 318/623/32
f 300/624/133 298/614/121 327/617/121 329/625/133
f 1/229/53 4/232/53 209/626/124 198/627/124
f 301/619/132 303/628/134 331/629/134 328/620/132
f 316/630/135 311/631/136 342/632/136 338/633/135
f 5/239/53 274/634/53 269/597/55 20/195/55
f 1/241/63 198/635/101 247/636/101 2/242/63
f 310/637/87 317/638/128 341/639/128 343/640/87
f 302/641/137 300/624/133 329/625/133 332/642/137
f 16/251/66 266/643/66 265/644/67 15/252/67
f 303/628/134 292/645/138 330/646/138 331/629/134
f 14/257/69 19/196/54 268/596/54 264/647/69
f 15/252/67 265/644/67 263/585/51 13/178/51
f 14/257/69 264/647/69 266/643/66 16/251/66
f 293/648/139 302/641/137 332/642/137 333/649/139
f 313/650/140 291/651/141 320/652/141 344/653/140
f 304/654/142 31/655/53 32/656/53 335/657/142
f 305/658/143 307/659/144 336/660/144 334/661/143
f 290/662/145 312/663/146 345/664/146 321/665/145
f 292/645/138 28/278/78 34/277/78 330/646/138
f 267/666/32 290/667/32 294/668/32
f 291/669/32 313/670/32 275/671/32 287/672/32
f 295/673/32 291/669/32 287/672/32 286/674/32
f 312/675/32 290/667/32 267/666/32 262/676/32
f 293/677/32 267/595/32 302/678/32
f 292/679/79 303/680/32 282/681/32 281/682/32
f 267/666/32 294/668/32 296/683/32
f 297/684/32 295/673/32 286/674/32 285/685/32
f 267/666/32 296/683/32 298/686/32
f 299/687/32 297/684/32 285/685/32 284/688/32
f 301/689/32 299/687/32 284/688/32 283/690/32
f 302/678/32 267/595/32 300/691/32
f 303/680/32 301/689/32 283/690/32 282/681/32
f 262/692/32 304/693/32 306/694/79
f 307/695/32 305/696/32 202/578/32
f 305/696/32 272/611/32 202/578/32
f 262/692/32 306/694/79 308/697/79
f 309/698/32 307/695/32 202/578/32
f 309/698/32 202/578/32 275/613/32
f 262/676/32 308/699/79 317/700/79 310/701/32
f 316/702/32 309/698/32 275/613/32
f 313/703/32 311/704/32 275/613/32
f 311/704/32 316/702/32 275/613/32
f 315/705/32 318/593/32 267/595/32 293/677/32
f 17/319/32 12/320/32 267/595/32 319/594/32
f 306/706/147 304/707/142 335/708/142 337/709/147
f 315/710/81 293/648/139 333/649/139 314/711/81
f 307/659/144 309/712/148 339/713/148 336/660/144
f 308/714/149 306/706/147 337/709/147 340/715/149
f 309/712/148 316/630/135 338/633/135 339/713/148
f 3/331/84 246/716/100 209/717/100 4/332/84
f 291/651/141 295/718/150 322/719/150 320/652/141
f 317/638/128 308/714/149 340/715/149 341/639/128
f 6/339/31 208/720/31 246/721/31 3/340/31
f 294/722/151 290/662/145 321/665/145 323/723/151
f 311/631/136 313/724/140 344/725/140 342/632/136
f 295/726/150 297/727/152 324/728/152 322/729/150
f 24/351/32 281/730/32 250/731/32 8/352/32
f 6/355/31 21/356/31 270/475/31 208/603/31
f 300/732/32 267/666/32 298/686/32
f 312/663/146 310/637/87 343/640/87 345/664/146
f 296/615/130 294/722/151 323/723/151 325/616/130
f 22/360/31 11/361/31 220/600/31 271/476/31
f 297/727/152 299/618/131 326/621/131 324/728/152
f 21/356/31 22/360/31 271/476/31 270/475/31
f 343/733/32 341/734/32 338/735/32 342/736/32
f 29/366/81 315/737/81 314/738/81 35/367/81
f 25/370/47 262/739/47 289/740/47 27/371/47
f 310/701/32 312/675/32 262/676/32
f 30/374/47 305/658/143 334/661/143 33/375/47
f 29/376/32 18/223/32 318/623/32 315/741/32
f 28/378/79 292/742/79 281/743/32 24/379/32
f 30/382/32 23/385/32 272/744/32 305/745/32
f 25/386/32 31/387/32 304/693/32 262/692/32
f 33/388/32 334/746/32 335/747/32 32/389/32
f 35/392/79 314/748/32 330/749/79 34/393/79
f 321/750/32 345/751/32 344/752/32 320/753/32
f 314/748/32 333/754/79 330/749/79
f 323/755/32 321/750/32 320/753/32 322/756/32
f 325/757/32 323/755/32 322/756/32 324/758/32
f 327/759/79 325/757/32 324/758/32 326/760/79
f 329/761/32 327/759/79 326/760/79 328/762/32
f 332/763/32 329/761/32 328/762/32 331/764/32
f 333/765/79 332/763/32 331/764/32 330/766/79
f 337/767/32 335/768/32 334/769/32 336/770/32
f 340/771/32 337/767/32 336/770/32 339/772/32
f 341/734/32 340/771/32 339/772/32 338/735/32
f 345/751/32 343/733/32 342/736/32 344/752/32
f 110/175/50 108/180/50 119/172/50
f 109/173/50 119/172/50 113/198/50
f 274/580/52 272/773/52 263/586/52
f 269/774/52 274/580/52 268/775/52
f 274/580/52 264/582/52 268/775/52
usemtl Laptop14_screen_mat.001
f 346/776/32 348/777/32 349/778/32 347/779/32
f 346/776/32 347/779/32 351/780/32 350/781/32
o laptop14_body.001
v 0.000000 0.006924 0.114348
v 0.000000 0.001085 0.091192
v 0.000000 0.001934 0.096383
v 0.000000 0.002926 0.101464
v 0.000000 0.003993 0.106088
v 0.000000 0.005063 0.109940
v 0.000000 0.006063 0.112758
v 0.000000 0.002910 -0.093518
v 0.000000 0.003443 -0.098051
v 0.000000 0.004060 -0.102364
v 0.000000 0.004719 -0.106165
v 0.000000 0.001146 0.085076
v 0.000000 0.002850 -0.087402
v 0.000000 0.010573 0.114395
v 0.000000 0.010831 0.113773
v 0.000000 0.013386 -0.106054
v 0.000000 0.013633 -0.105801
v 0.000000 0.010826 0.114148
v 0.000000 0.010919 0.106858
v 0.000000 0.011805 0.037465
v 0.000000 0.010981 0.102008
v 0.000000 0.011294 0.038311
v 0.000000 0.010492 0.101149
v 0.000000 0.011275 0.039772
v 0.000000 0.010510 0.099689
v -0.156443 0.011548 -0.076685
v -0.156443 0.011190 -0.077235
v -0.156443 0.010009 -0.077742
v -0.156443 0.009364 -0.077622
v -0.156443 0.008815 -0.077265
v -0.156443 0.008444 -0.076725
v -0.156443 0.008308 -0.076083
v -0.156443 0.010650 -0.077606
v -0.156443 0.011667 -0.076041
v -0.156443 0.011087 -0.069107
v -0.156443 0.011458 -0.069647
v -0.156443 0.009251 -0.068766
v -0.156443 0.009893 -0.068630
v -0.156443 0.008711 -0.069137
v -0.156443 0.008234 -0.070332
v -0.156443 0.008354 -0.069687
v -0.156443 0.010537 -0.068750
v -0.156443 0.011594 -0.070289
v -0.156443 0.011739 -0.091684
v -0.156443 0.011382 -0.092233
v -0.156443 0.010200 -0.092741
v -0.156443 0.009556 -0.092621
v -0.156443 0.009006 -0.092264
v -0.156443 0.008635 -0.091723
v -0.156443 0.008499 -0.091082
v -0.156443 0.010841 -0.092605
v -0.156443 0.011859 -0.091039
v -0.156443 0.011278 -0.084106
v -0.156443 0.011649 -0.084646
v -0.156443 0.009443 -0.083765
v -0.156443 0.010084 -0.083629
v -0.156443 0.008902 -0.084136
v -0.156443 0.008426 -0.085330
v -0.156443 0.008545 -0.084686
v -0.156443 0.010728 -0.083749
v -0.156443 0.011785 -0.085287
v -0.157000 0.006910 0.106848
v -0.149500 0.006924 0.114348
v -0.156744 0.006913 0.108789
v -0.155995 0.006917 0.110598
v -0.154803 0.006920 0.112152
v -0.153250 0.006922 0.113344
v -0.151441 0.006923 0.114093
v -0.149500 0.006505 -0.112175
v -0.157000 0.006519 -0.104675
v -0.151441 0.006505 -0.111920
v -0.153250 0.006507 -0.111170
v -0.154803 0.006509 -0.109978
v -0.155995 0.006512 -0.108425
v -0.156744 0.006515 -0.106616
v -0.128039 0.002850 -0.087402
v -0.127830 0.002865 -0.088984
v -0.127219 0.002880 -0.090460
v -0.126247 0.002892 -0.091726
v -0.124981 0.002902 -0.092698
v -0.123505 0.002908 -0.093309
v -0.121922 0.002910 -0.093518
v -0.121922 0.001085 0.091192
v -0.123505 0.001087 0.090983
v -0.124981 0.001093 0.090372
v -0.126247 0.001103 0.089400
v -0.127219 0.001116 0.088134
v -0.127830 0.001130 0.086659
v -0.128039 0.001146 0.085076
v -0.130004 0.003441 -0.097831
v -0.136282 0.004058 -0.102134
v -0.141910 0.004718 -0.105925
v -0.146507 0.005375 -0.108946
v -0.149758 0.005985 -0.110991
v -0.147838 0.005985 -0.111243
v -0.144629 0.005375 -0.109193
v -0.140091 0.004719 -0.106165
v -0.134535 0.004060 -0.102364
v -0.128338 0.003443 -0.098051
v -0.128338 0.001934 0.096383
v -0.134535 0.002926 0.101464
v -0.140092 0.003993 0.106088
v -0.144629 0.005063 0.109940
v -0.147838 0.006063 0.112758
v -0.149758 0.006062 0.112505
v -0.146507 0.005063 0.109693
v -0.141910 0.003994 0.105849
v -0.136282 0.002927 0.101234
v -0.130004 0.001936 0.096164
v -0.134776 0.001984 0.089945
v -0.141284 0.002964 0.094715
v -0.147119 0.004017 0.099060
v -0.151885 0.005073 0.102684
v -0.155255 0.006060 0.105340
v -0.155255 0.005987 -0.103826
v -0.151885 0.005365 -0.101937
v -0.147119 0.004695 -0.099137
v -0.141284 0.004022 -0.095615
v -0.134776 0.003393 -0.091612
v -0.151546 0.006062 0.111764
v -0.148257 0.005064 0.108968
v -0.143606 0.003996 0.105147
v -0.137909 0.002931 0.100560
v -0.131557 0.001941 0.095521
v -0.153082 0.006062 0.110585
v -0.149759 0.005066 0.107815
v -0.145061 0.004000 0.104030
v -0.139307 0.002937 0.099488
v -0.132890 0.001949 0.094498
v -0.154261 0.006061 0.109049
v -0.150913 0.005068 0.106312
v -0.146178 0.004005 0.102574
v -0.140380 0.002945 0.098090
v -0.133913 0.001959 0.093164
v -0.155002 0.006061 0.107260
v -0.151637 0.005071 0.104562
v -0.146880 0.004011 0.100879
v -0.141054 0.002954 0.096462
v -0.134557 0.001971 0.091612
v -0.155002 0.005987 -0.105746
v -0.151637 0.005368 -0.103815
v -0.146880 0.004701 -0.100956
v -0.141054 0.004032 -0.097362
v -0.134557 0.003406 -0.093279
v -0.154261 0.005986 -0.107535
v -0.150913 0.005370 -0.105565
v -0.146178 0.004707 -0.102651
v -0.140380 0.004041 -0.098990
v -0.133913 0.003418 -0.094831
v -0.153082 0.005985 -0.109071
v -0.149759 0.005372 -0.107068
v -0.145061 0.004712 -0.104106
v -0.139307 0.004049 -0.100387
v -0.132890 0.003428 -0.096165
v -0.151546 0.005985 -0.110250
v -0.148257 0.005374 -0.108221
v -0.143606 0.004716 -0.105223
v -0.137909 0.004055 -0.101460
v -0.131557 0.003436 -0.097188
v -0.121922 0.001146 0.085076
v -0.121922 0.002850 -0.087402
v -0.126834 0.006505 -0.112175
v -0.126834 0.004719 -0.106165
v -0.126834 0.005375 -0.109193
v -0.126834 0.005985 -0.111243
v -0.156375 0.013617 -0.104543
v -0.157000 0.013368 -0.104587
v -0.149459 0.013705 -0.111458
v -0.149500 0.013463 -0.112087
v -0.156136 0.013640 -0.106362
v -0.156744 0.013392 -0.106528
v -0.155449 0.013661 -0.108018
v -0.155995 0.013415 -0.108337
v -0.154358 0.013680 -0.109441
v -0.154803 0.013435 -0.109890
v -0.152935 0.013693 -0.110533
v -0.153250 0.013450 -0.111082
v -0.151278 0.013702 -0.111219
v -0.151441 0.013460 -0.111831
v -0.149459 0.010831 0.113773
v -0.149500 0.010573 0.114395
v -0.156375 0.010919 0.106858
v -0.157000 0.010668 0.106896
v -0.151278 0.010834 0.113534
v -0.151441 0.010576 0.114139
v -0.152935 0.010843 0.112848
v -0.153250 0.010586 0.113390
v -0.154358 0.010856 0.111756
v -0.154803 0.010601 0.112198
v -0.155449 0.010875 0.110333
v -0.155995 0.010621 0.110645
v -0.156136 0.010896 0.108677
v -0.156744 0.010644 0.108837
v -0.126834 0.013463 -0.112087
v -0.126834 0.013386 -0.106054
v -0.127084 0.013633 -0.105801
v -0.127084 0.013710 -0.111833
v -0.149484 0.013710 -0.111833
v -0.156501 0.013641 -0.106460
v -0.156750 0.013617 -0.104568
v -0.156750 0.010919 0.106882
v -0.151376 0.013707 -0.111584
v -0.155777 0.013664 -0.108208
v -0.154625 0.013683 -0.109709
v -0.153124 0.013698 -0.110860
v -0.151376 0.010829 0.113899
v -0.149484 0.010826 0.114148
v -0.156501 0.010894 0.108775
v -0.153124 0.010838 0.113175
v -0.154625 0.010853 0.112023
v -0.155777 0.010872 0.110522
v -0.149466 0.010916 0.107074
v -0.143012 0.013544 -0.098797
v -0.060031 0.011785 0.038965
v -0.058532 0.011805 0.037465
v -0.056986 0.011275 0.039772
v -0.056952 0.010510 0.099689
v -0.059593 0.011799 0.037905
v -0.058496 0.010981 0.102008
v -0.059997 0.011000 0.100508
v -0.059557 0.010986 0.101568
v -0.058412 0.010510 0.099689
v -0.056951 0.010492 0.101149
v -0.057984 0.010497 0.100721
v -0.056986 0.011294 0.038311
v -0.058446 0.011275 0.039772
v -0.058019 0.011288 0.038739
v -0.157000 0.009893 -0.068630
v -0.157000 0.008711 -0.069137
v -0.157000 0.009251 -0.068766
v -0.157000 0.010537 -0.068750
v -0.157000 0.008234 -0.070332
v -0.157000 0.011594 -0.070289
v -0.157000 0.008354 -0.069687
v -0.157000 0.011458 -0.069647
v -0.157000 0.011087 -0.069107
v -0.157000 0.008308 -0.076083
v -0.157000 0.011667 -0.076041
v -0.157000 0.011548 -0.076685
v -0.157000 0.008815 -0.077265
v -0.157000 0.010009 -0.077742
v -0.157000 0.009364 -0.077622
v -0.157000 0.010650 -0.077606
v -0.157000 0.008444 -0.076725
v -0.157000 0.011190 -0.077235
v -0.157000 0.010084 -0.083629
v -0.157000 0.009443 -0.083765
v -0.157000 0.010728 -0.083749
v -0.157000 0.011649 -0.084646
v -0.157000 0.008426 -0.085330
v -0.157000 0.011785 -0.085287
v -0.157000 0.008545 -0.084686
v -0.157000 0.008902 -0.084136
v -0.157000 0.011278 -0.084106
v -0.157000 0.008499 -0.091082
v -0.157000 0.011859 -0.091039
v -0.157000 0.008635 -0.091723
v -0.157000 0.011739 -0.091684
v -0.157000 0.010200 -0.092741
v -0.157000 0.009556 -0.092621
v -0.157000 0.010841 -0.092605
v -0.157000 0.011382 -0.092233
v -0.157000 0.009006 -0.092264
v -0.157000 0.006586 -0.068510
v -0.157000 0.006563 -0.080729
v -0.156375 0.013167 -0.069288
v -0.156750 0.013167 -0.069304
v -0.157000 0.012917 -0.069318
v -0.156375 0.013469 -0.092971
v -0.156750 0.013470 -0.092993
v -0.157000 0.013220 -0.093011
v -0.156375 0.013305 -0.080069
v -0.156750 0.013305 -0.080087
v -0.157000 0.013055 -0.080103
v 0.156443 0.011548 -0.076685
v 0.156443 0.011190 -0.077235
v 0.156443 0.010009 -0.077742
v 0.156443 0.009364 -0.077622
v 0.156443 0.008815 -0.077265
v 0.156443 0.008444 -0.076725
v 0.156443 0.008308 -0.076083
v 0.156443 0.010650 -0.077606
v 0.156443 0.011667 -0.076041
v 0.156443 0.011087 -0.069107
v 0.156443 0.011458 -0.069647
v 0.156443 0.009251 -0.068766
v 0.156443 0.009893 -0.068630
v 0.156443 0.008711 -0.069137
v 0.156443 0.008234 -0.070332
v 0.156443 0.008354 -0.069687
v 0.156443 0.010537 -0.068750
v 0.156443 0.011594 -0.070289
v 0.156443 0.011739 -0.091684
v 0.156443 0.011382 -0.092233
v 0.156443 0.010200 -0.092741
v 0.156443 0.009556 -0.092621
v 0.156443 0.009006 -0.092264
v 0.156443 0.008635 -0.091723
v 0.156443 0.008499 -0.091082
v 0.156443 0.010841 -0.092605
v 0.156443 0.011859 -0.091039
v 0.156443 0.011278 -0.084106
v 0.156443 0.011649 -0.084646
v 0.156443 0.009443 -0.083765
v 0.156443 0.010084 -0.083629
v 0.156443 0.008902 -0.084136
v 0.156443 0.008426 -0.085330
v 0.156443 0.008545 -0.084686
v 0.156443 0.010728 -0.083749
v 0.156443 0.011785 -0.085287
v 0.157000 0.006910 0.106848
v 0.149500 0.006924 0.114348
v 0.156744 0.006913 0.108789
v 0.155995 0.006917 0.110598
v 0.154803 0.006920 0.112152
v 0.153250 0.006922 0.113344
v 0.151441 0.006923 0.114093
v 0.149500 0.006505 -0.112175
v 0.157000 0.006519 -0.104675
v 0.151441 0.006505 -0.111920
v 0.153250 0.006507 -0.111170
v 0.154803 0.006509 -0.109978
v 0.155995 0.006512 -0.108425
v 0.156744 0.006515 -0.106616
v 0.128039 0.002850 -0.087402
v 0.127830 0.002865 -0.088984
v 0.127219 0.002880 -0.090460
v 0.126247 0.002892 -0.091726
v 0.124981 0.002902 -0.092698
v 0.123505 0.002908 -0.093309
v 0.121922 0.002910 -0.093518
v 0.121922 0.001085 0.091192
v 0.123505 0.001087 0.090983
v 0.124981 0.001093 0.090372
v 0.126247 0.001103 0.089400
v 0.127219 0.001116 0.088134
v 0.127830 0.001130 0.086659
v 0.128039 0.001146 0.085076
v 0.130004 0.003441 -0.097831
v 0.136282 0.004058 -0.102134
v 0.141910 0.004718 -0.105925
v 0.146507 0.005375 -0.108946
v 0.149758 0.005985 -0.110991
v 0.147838 0.005985 -0.111243
v 0.144629 0.005375 -0.109193
v 0.140091 0.004719 -0.106165
v 0.134535 0.004060 -0.102364
v 0.128338 0.003443 -0.098051
v 0.128338 0.001934 0.096383
v 0.134535 0.002926 0.101464
v 0.140092 0.003993 0.106088
v 0.144629 0.005063 0.109940
v 0.147838 0.006063 0.112758
v 0.149758 0.006062 0.112505
v 0.146507 0.005063 0.109693
v 0.141910 0.003994 0.105849
v 0.136282 0.002927 0.101234
v 0.130004 0.001936 0.096164
v 0.134776 0.001984 0.089945
v 0.141284 0.002964 0.094715
v 0.147119 0.004017 0.099060
v 0.151885 0.005073 0.102684
v 0.155255 0.006060 0.105340
v 0.155255 0.005987 -0.103826
v 0.151885 0.005365 -0.101937
v 0.147119 0.004695 -0.099137
v 0.141284 0.004022 -0.095615
v 0.134776 0.003393 -0.091612
v 0.151546 0.006062 0.111764
v 0.148257 0.005064 0.108968
v 0.143606 0.003996 0.105147
v 0.137909 0.002931 0.100560
v 0.131557 0.001941 0.095521
v 0.153082 0.006062 0.110585
v 0.149759 0.005066 0.107815
v 0.145061 0.004000 0.104030
v 0.139307 0.002937 0.099488
v 0.132890 0.001949 0.094498
v 0.154261 0.006061 0.109049
v 0.150913 0.005068 0.106312
v 0.146178 0.004005 0.102574
v 0.140380 0.002945 0.098090
v 0.133913 0.001959 0.093164
v 0.155002 0.006061 0.107260
v 0.151637 0.005071 0.104562
v 0.146880 0.004011 0.100879
v 0.141054 0.002954 0.096462
v 0.134557 0.001971 0.091612
v 0.155002 0.005987 -0.105746
v 0.151637 0.005368 -0.103815
v 0.146880 0.004701 -0.100956
v 0.141054 0.004032 -0.097362
v 0.134557 0.003406 -0.093279
v 0.154261 0.005986 -0.107535
v 0.150913 0.005370 -0.105565
v 0.146178 0.004707 -0.102651
v 0.140380 0.004041 -0.098990
v 0.133913 0.003418 -0.094831
v 0.153082 0.005985 -0.109071
v 0.149759 0.005372 -0.107068
v 0.145061 0.004712 -0.104106
v 0.139307 0.004049 -0.100387
v 0.132890 0.003428 -0.096165
v 0.151546 0.005985 -0.110250
v 0.148257 0.005374 -0.108221
v 0.143606 0.004716 -0.105223
v 0.137909 0.004055 -0.101460
v 0.131557 0.003436 -0.097188
v 0.121922 0.001146 0.085076
v 0.121922 0.002850 -0.087402
v 0.126834 0.006505 -0.112175
v 0.126834 0.004719 -0.106165
v 0.126834 0.005375 -0.109193
v 0.126834 0.005985 -0.111243
v 0.156375 0.013617 -0.104543
v 0.157000 0.013368 -0.104587
v 0.149459 0.013705 -0.111458
v 0.149500 0.013463 -0.112087
v 0.156136 0.013640 -0.106362
v 0.156744 0.013392 -0.106528
v 0.155449 0.013661 -0.108018
v 0.155995 0.013415 -0.108337
v 0.154358 0.013680 -0.109441
v 0.154803 0.013435 -0.109890
v 0.152935 0.013693 -0.110533
v 0.153250 0.013450 -0.111082
v 0.151278 0.013702 -0.111219
v 0.151441 0.013460 -0.111831
v 0.149459 0.010831 0.113773
v 0.149500 0.010573 0.114395
v 0.156375 0.010919 0.106858
v 0.157000 0.010668 0.106896
v 0.151278 0.010834 0.113534
v 0.151441 0.010576 0.114139
v 0.152935 0.010843 0.112848
v 0.153250 0.010586 0.113390
v 0.154358 0.010856 0.111756
v 0.154803 0.010601 0.112198
v 0.155449 0.010875 0.110333
v 0.155995 0.010621 0.110645
v 0.156136 0.010896 0.108677
v 0.156744 0.010644 0.108837
v 0.126834 0.013463 -0.112087
v 0.126834 0.013386 -0.106054
v 0.127084 0.013633 -0.105801
v 0.127084 0.013710 -0.111833
v 0.149484 0.013710 -0.111833
v 0.156501 0.013641 -0.106460
v 0.156750 0.013617 -0.104568
v 0.156750 0.010919 0.106882
v 0.151376 0.013707 -0.111584
v 0.155777 0.013664 -0.108208
v 0.154625 0.013683 -0.109709
v 0.153124 0.013698 -0.110860
v 0.151376 0.010829 0.113899
v 0.149484 0.010826 0.114148
v 0.156501 0.010894 0.108775
v 0.153124 0.010838 0.113175
v 0.154625 0.010853 0.112023
v 0.155777 0.010872 0.110522
v 0.149466 0.010916 0.107074
v 0.143012 0.013544 -0.098797
v 0.060031 0.011785 0.038965
v 0.058532 0.011805 0.037465
v 0.056986 0.011275 0.039772
v 0.056952 0.010510 0.099689
v 0.059593 0.011799 0.037905
v 0.058496 0.010981 0.102008
v 0.059997 0.011000 0.100508
v 0.059557 0.010986 0.101568
v 0.058412 0.010510 0.099689
v 0.056951 0.010492 0.101149
v 0.057984 0.010497 0.100721
v 0.056986 0.011294 0.038311
v 0.058446 0.011275 0.039772
v 0.058019 0.011288 0.038739
v 0.157000 0.009893 -0.068630
v 0.157000 0.008711 -0.069137
v 0.157000 0.009251 -0.068766
v 0.157000 0.010537 -0.068750
v 0.157000 0.008234 -0.070332
v 0.157000 0.011594 -0.070289
v 0.157000 0.008354 -0.069687
v 0.157000 0.011458 -0.069647
v 0.157000 0.011087 -0.069107
v 0.157000 0.008308 -0.076083
v 0.157000 0.011667 -0.076041
v 0.157000 0.011548 -0.076685
v 0.157000 0.008815 -0.077265
v 0.157000 0.010009 -0.077742
v 0.157000 0.009364 -0.077622
v 0.157000 0.010650 -0.077606
v 0.157000 0.008444 -0.076725
v 0.157000 0.011190 -0.077235
v 0.157000 0.010084 -0.083629
v 0.157000 0.009443 -0.083765
v 0.157000 0.010728 -0.083749
v 0.157000 0.011649 -0.084646
v 0.157000 0.008426 -0.085330
v 0.157000 0.011785 -0.085287
v 0.157000 0.008545 -0.084686
v 0.157000 0.008902 -0.084136
v 0.157000 0.011278 -0.084106
v 0.157000 0.008499 -0.091082
v 0.157000 0.011859 -0.091039
v 0.157000 0.008635 -0.091723
v 0.157000 0.011739 -0.091684
v 0.157000 0.010200 -0.092741
v 0.157000 0.009556 -0.092621
v 0.157000 0.010841 -0.092605
v 0.157000 0.011382 -0.092233
v 0.157000 0.009006 -0.092264
v 0.157000 0.006586 -0.068510
v 0.157000 0.006563 -0.080729
v 0.156375 0.013167 -0.069288
v 0.156750 0.013167 -0.069304
v 0.157000 0.012917 -0.069318
v 0.156375 0.013469 -0.092971
v 0.156750 0.013470 -0.092993
v 0.157000 0.013220 -0.093011
v 0.156375 0.013305 -0.080069
v 0.156750 0.013305 -0.080087
v 0.157000 0.013055 -0.080103
v -0.129409 0.013019 0.022526
v -0.114579 0.013019 0.022526
v -0.130233 0.013019 0.022526
v -0.129409 0.013008 0.023350
v -0.129992 0.013011 0.023109
v -0.114579 0.013008 0.023350
v -0.113755 0.013019 0.022526
v -0.113996 0.013011 0.023109
v -0.129409 0.013218 0.006874
v -0.130233 0.013208 0.007697
v -0.129992 0.013215 0.007115
v -0.113755 0.013208 0.007697
v -0.114579 0.013218 0.006874
v -0.113996 0.013215 0.007115
v -0.130233 0.012185 0.007684
v -0.129409 0.012195 0.006861
v -0.129992 0.012192 0.007102
v -0.129409 0.011985 0.023337
v -0.130233 0.011995 0.022513
v -0.129992 0.011988 0.023096
v -0.113755 0.011995 0.022513
v -0.114579 0.011985 0.023337
v -0.113996 0.011988 0.023096
v -0.114579 0.012195 0.006861
v -0.113755 0.012185 0.007684
v -0.113996 0.012192 0.007102
v -0.114579 0.013208 0.007697
v -0.129409 0.013208 0.007697
v -0.107164 0.013712 -0.031847
v -0.092334 0.013712 -0.031847
v -0.107988 0.013712 -0.031847
v -0.107164 0.013702 -0.031023
v -0.107746 0.013705 -0.031264
v -0.092334 0.013702 -0.031023
v -0.091510 0.013712 -0.031847
v -0.091751 0.013705 -0.031264
v -0.107164 0.013912 -0.047499
v -0.107988 0.013902 -0.046676
v -0.107746 0.013909 -0.047258
v -0.091510 0.013902 -0.046676
v -0.092334 0.013912 -0.047499
v -0.091751 0.013909 -0.047258
v -0.107988 0.012879 -0.046689
v -0.107164 0.012889 -0.047512
v -0.107746 0.012886 -0.047271
v -0.107164 0.012679 -0.031036
v -0.107988 0.012689 -0.031860
v -0.107746 0.012682 -0.031277
v -0.091510 0.012689 -0.031860
v -0.092334 0.012679 -0.031036
v -0.091751 0.012682 -0.031277
v -0.092334 0.012889 -0.047512
v -0.091510 0.012879 -0.046689
v -0.091751 0.012886 -0.047271
v -0.092334 0.013902 -0.046676
v -0.107164 0.013902 -0.046676
v -0.089038 0.013712 -0.031847
v -0.074208 0.013712 -0.031847
v -0.089862 0.013712 -0.031847
v -0.089038 0.013702 -0.031023
v -0.089621 0.013705 -0.031264
v -0.074208 0.013702 -0.031023
v -0.073384 0.013712 -0.031847
v -0.073625 0.013705 -0.031264
v -0.089038 0.013912 -0.047499
v -0.089862 0.013902 -0.046676
v -0.089621 0.013909 -0.047258
v -0.073384 0.013902 -0.046676
v -0.074208 0.013912 -0.047499
v -0.073625 0.013909 -0.047258
v -0.089862 0.012879 -0.046689
v -0.089038 0.012889 -0.047512
v -0.089621 0.012886 -0.047271
v -0.089038 0.012679 -0.031036
v -0.089862 0.012689 -0.031860
v -0.089621 0.012682 -0.031277
v -0.073384 0.012689 -0.031860
v -0.074208 0.012679 -0.031036
v -0.073625 0.012682 -0.031277
v -0.074208 0.012889 -0.047512
v -0.073384 0.012879 -0.046689
v -0.073625 0.012886 -0.047271
v -0.074208 0.013902 -0.046676
v -0.089038 0.013902 -0.046676
v -0.070912 0.013712 -0.031847
v -0.056082 0.013712 -0.031847
v -0.071736 0.013712 -0.031847
v -0.070912 0.013702 -0.031023
v -0.071495 0.013705 -0.031264
v -0.056082 0.013702 -0.031023
v -0.055258 0.013712 -0.031847
v -0.055499 0.013705 -0.031264
v -0.070912 0.013912 -0.047499
v -0.071736 0.013902 -0.046676
v -0.071495 0.013909 -0.047258
v -0.055258 0.013902 -0.046676
v -0.056082 0.013912 -0.047499
v -0.055499 0.013909 -0.047258
v -0.071736 0.012879 -0.046689
v -0.070912 0.012889 -0.047512
v -0.071495 0.012886 -0.047271
v -0.070912 0.012679 -0.031036
v -0.071736 0.012689 -0.031860
v -0.071495 0.012682 -0.031277
v -0.055258 0.012689 -0.031860
v -0.056082 0.012679 -0.031036
v -0.055499 0.012682 -0.031277
v -0.056082 0.012889 -0.047512
v -0.055258 0.012879 -0.046689
v -0.055499 0.012886 -0.047271
v -0.056082 0.013902 -0.046676
v -0.070912 0.013902 -0.046676
v -0.052786 0.013712 -0.031847
v -0.037956 0.013712 -0.031847
v -0.053610 0.013712 -0.031847
v -0.052786 0.013702 -0.031023
v -0.053369 0.013705 -0.031264
v -0.037956 0.013702 -0.031023
v -0.037132 0.013712 -0.031847
v -0.037374 0.013705 -0.031264
v -0.052786 0.013912 -0.047499
v -0.053610 0.013902 -0.046676
v -0.053369 0.013909 -0.047258
v -0.037132 0.013902 -0.046676
v -0.037956 0.013912 -0.047499
v -0.037374 0.013909 -0.047258
v -0.053610 0.012879 -0.046689
v -0.052786 0.012889 -0.047512
v -0.053369 0.012886 -0.047271
v -0.052786 0.012679 -0.031036
v -0.053610 0.012689 -0.031860
v -0.053369 0.012682 -0.031277
v -0.037132 0.012689 -0.031860
v -0.037956 0.012679 -0.031036
v -0.037374 0.012682 -0.031277
v -0.037956 0.012889 -0.047512
v -0.037132 0.012879 -0.046689
v -0.037374 0.012886 -0.047271
v -0.037956 0.013902 -0.046676
v -0.052786 0.013902 -0.046676
v -0.034661 0.013712 -0.031847
v -0.019830 0.013712 -0.031847
v -0.035484 0.013712 -0.031847
v -0.034661 0.013702 -0.031023
v -0.035243 0.013705 -0.031264
v -0.019830 0.013702 -0.031023
v -0.019006 0.013712 -0.031847
v -0.019248 0.013705 -0.031264
v -0.034661 0.013912 -0.047499
v -0.035484 0.013902 -0.046676
v -0.035243 0.013909 -0.047258
v -0.019006 0.013902 -0.046676
v -0.019830 0.013912 -0.047499
v -0.019248 0.013909 -0.047258
v -0.035484 0.012879 -0.046689
v -0.034661 0.012889 -0.047512
v -0.035243 0.012886 -0.047271
v -0.034661 0.012679 -0.031036
v -0.035484 0.012689 -0.031860
v -0.035243 0.012682 -0.031277
v -0.019006 0.012689 -0.031860
v -0.019830 0.012679 -0.031036
v -0.019248 0.012682 -0.031277
v -0.019830 0.012889 -0.047512
v -0.019006 0.012879 -0.046689
v -0.019248 0.012886 -0.047271
v -0.019830 0.013902 -0.046676
v -0.034661 0.013902 -0.046676
v -0.016535 0.013712 -0.031847
v -0.001705 0.013712 -0.031847
v -0.017359 0.013712 -0.031847
v -0.016535 0.013702 -0.031023
v -0.017117 0.013705 -0.031264
v -0.001705 0.013702 -0.031023
v -0.000881 0.013712 -0.031847
v -0.001122 0.013705 -0.031264
v -0.016535 0.013912 -0.047499
v -0.017359 0.013902 -0.046676
v -0.017117 0.013909 -0.047258
v -0.000881 0.013902 -0.046676
v -0.001705 0.013912 -0.047499
v -0.001122 0.013909 -0.047258
v -0.017359 0.012879 -0.046689
v -0.016535 0.012889 -0.047512
v -0.017117 0.012886 -0.047271
v -0.016535 0.012679 -0.031036
v -0.017359 0.012689 -0.031860
v -0.017117 0.012682 -0.031277
v -0.000881 0.012689 -0.031860
v -0.001705 0.012679 -0.031036
v -0.001122 0.012682 -0.031277
v -0.001705 0.012889 -0.047512
v -0.000881 0.012879 -0.046689
v -0.001122 0.012886 -0.047271
v -0.001705 0.013902 -0.046676
v -0.016535 0.013902 -0.046676
v 0.001591 0.013712 -0.031847
v 0.016421 0.013712 -0.031847
v 0.000767 0.013712 -0.031847
v 0.001591 0.013702 -0.031023
v 0.001008 0.013705 -0.031264
v 0.016421 0.013702 -0.031023
v 0.017245 0.013712 -0.031847
v 0.017004 0.013705 -0.031264
v 0.001591 0.013912 -0.047499
v 0.000767 0.013902 -0.046676
v 0.001008 0.013909 -0.047258
v 0.017245 0.013902 -0.046676
v 0.016421 0.013912 -0.047499
v 0.017004 0.013909 -0.047258
v 0.000767 0.012879 -0.046689
v 0.001591 0.012889 -0.047512
v 0.001008 0.012886 -0.047271
v 0.001591 0.012679 -0.031036
v 0.000767 0.012689 -0.031860
v 0.001008 0.012682 -0.031277
v 0.017245 0.012689 -0.031860
v 0.016421 0.012679 -0.031036
v 0.017004 0.012682 -0.031277
v 0.016421 0.012889 -0.047512
v 0.017245 0.012879 -0.046689
v 0.017004 0.012886 -0.047271
v 0.016421 0.013902 -0.046676
v 0.001591 0.013902 -0.046676
v 0.019717 0.013712 -0.031847
v 0.034547 0.013712 -0.031847
v 0.018893 0.013712 -0.031847
v 0.019717 0.013702 -0.031023
v 0.019134 0.013705 -0.031264
v 0.034547 0.013702 -0.031023
v 0.035371 0.013712 -0.031847
v 0.035130 0.013705 -0.031264
v 0.019717 0.013912 -0.047499
v 0.018893 0.013902 -0.046676
v 0.019134 0.013909 -0.047258
v 0.035371 0.013902 -0.046676
v 0.034547 0.013912 -0.047499
v 0.035130 0.013909 -0.047258
v 0.018893 0.012879 -0.046689
v 0.019717 0.012889 -0.047512
v 0.019134 0.012886 -0.047271
v 0.019717 0.012679 -0.031036
v 0.018893 0.012689 -0.031860
v 0.019134 0.012682 -0.031277
v 0.035371 0.012689 -0.031860
v 0.034547 0.012679 -0.031036
v 0.035130 0.012682 -0.031277
v 0.034547 0.012889 -0.047512
v 0.035371 0.012879 -0.046689
v 0.035130 0.012886 -0.047271
v 0.034547 0.013902 -0.046676
v 0.019717 0.013902 -0.046676
v 0.037843 0.013712 -0.031847
v 0.052673 0.013712 -0.031847
v 0.037019 0.013712 -0.031847
v 0.037843 0.013702 -0.031023
v 0.037260 0.013705 -0.031264
v 0.052673 0.013702 -0.031023
v 0.053497 0.013712 -0.031847
v 0.053255 0.013705 -0.031264
v 0.037843 0.013912 -0.047499
v 0.037019 0.013902 -0.046676
v 0.037260 0.013909 -0.047258
v 0.053497 0.013902 -0.046676
v 0.052673 0.013912 -0.047499
v 0.053255 0.013909 -0.047258
v 0.037019 0.012879 -0.046689
v 0.037843 0.012889 -0.047512
v 0.037260 0.012886 -0.047271
v 0.037843 0.012679 -0.031036
v 0.037019 0.012689 -0.031860
v 0.037260 0.012682 -0.031277
v 0.053497 0.012689 -0.031860
v 0.052673 0.012679 -0.031036
v 0.053255 0.012682 -0.031277
v 0.052673 0.012889 -0.047512
v 0.053497 0.012879 -0.046689
v 0.053255 0.012886 -0.047271
v 0.052673 0.013902 -0.046676
v 0.037843 0.013902 -0.046676
v 0.055968 0.013712 -0.031847
v 0.070799 0.013712 -0.031847
v 0.055144 0.013712 -0.031847
v 0.055968 0.013702 -0.031023
v 0.055386 0.013705 -0.031264
v 0.070799 0.013702 -0.031023
v 0.071622 0.013712 -0.031847
v 0.071381 0.013705 -0.031264
v 0.055968 0.013912 -0.047499
v 0.055144 0.013902 -0.046676
v 0.055386 0.013909 -0.047258
v 0.071622 0.013902 -0.046676
v 0.070799 0.013912 -0.047499
v 0.071381 0.013909 -0.047258
v 0.055144 0.012879 -0.046689
v 0.055968 0.012889 -0.047512
v 0.055386 0.012886 -0.047271
v 0.055968 0.012679 -0.031036
v 0.055144 0.012689 -0.031860
v 0.055386 0.012682 -0.031277
v 0.071622 0.012689 -0.031860
v 0.070799 0.012679 -0.031036
v 0.071381 0.012682 -0.031277
v 0.070799 0.012889 -0.047512
v 0.071622 0.012879 -0.046689
v 0.071381 0.012886 -0.047271
v 0.070799 0.013902 -0.046676
v 0.055968 0.013902 -0.046676
v 0.074094 0.013712 -0.031847
v 0.088924 0.013712 -0.031847
v 0.073270 0.013712 -0.031847
v 0.074094 0.013702 -0.031023
v 0.073512 0.013705 -0.031264
v 0.088924 0.013702 -0.031023
v 0.089748 0.013712 -0.031847
v 0.089507 0.013705 -0.031264
v 0.074094 0.013912 -0.047499
v 0.073270 0.013902 -0.046676
v 0.073512 0.013909 -0.047258
v 0.089748 0.013902 -0.046676
v 0.088924 0.013912 -0.047499
v 0.089507 0.013909 -0.047258
v 0.073270 0.012879 -0.046689
v 0.074094 0.012889 -0.047512
v 0.073512 0.012886 -0.047271
v 0.074094 0.012679 -0.031036
v 0.073270 0.012689 -0.031860
v 0.073512 0.012682 -0.031277
v 0.089748 0.012689 -0.031860
v 0.088924 0.012679 -0.031036
v 0.089507 0.012682 -0.031277
v 0.088924 0.012889 -0.047512
v 0.089748 0.012879 -0.046689
v 0.089507 0.012886 -0.047271
v 0.088924 0.013902 -0.046676
v 0.074094 0.013902 -0.046676
v 0.092220 0.013712 -0.031847
v 0.107050 0.013712 -0.031847
v 0.091396 0.013712 -0.031847
v 0.092220 0.013702 -0.031023
v 0.091637 0.013705 -0.031264
v 0.107050 0.013702 -0.031023
v 0.107874 0.013712 -0.031847
v 0.107633 0.013705 -0.031264
v 0.092220 0.013912 -0.047499
v 0.091396 0.013902 -0.046676
v 0.091637 0.013909 -0.047258
v 0.107874 0.013902 -0.046676
v 0.107050 0.013912 -0.047499
v 0.107633 0.013909 -0.047258
v 0.091396 0.012879 -0.046689
v 0.092220 0.012889 -0.047512
v 0.091637 0.012886 -0.047271
v 0.092220 0.012679 -0.031036
v 0.091396 0.012689 -0.031860
v 0.091637 0.012682 -0.031277
v 0.107874 0.012689 -0.031860
v 0.107050 0.012679 -0.031036
v 0.107633 0.012682 -0.031277
v 0.107050 0.012889 -0.047512
v 0.107874 0.012879 -0.046689
v 0.107633 0.012886 -0.047271
v 0.107050 0.013902 -0.046676
v 0.092220 0.013902 -0.046676
v -0.115403 0.013944 -0.049971
v -0.100573 0.013944 -0.049971
v -0.116227 0.013944 -0.049971
v -0.115403 0.013933 -0.049147
v -0.115985 0.013936 -0.049388
v -0.100573 0.013933 -0.049147
v -0.099749 0.013944 -0.049971
v -0.099990 0.013936 -0.049388
v -0.115403 0.014144 -0.065624
v -0.116227 0.014133 -0.064800
v -0.115985 0.014140 -0.065382
v -0.099749 0.014133 -0.064800
v -0.100573 0.014144 -0.065624
v -0.099990 0.014140 -0.065382
v -0.116227 0.013110 -0.064813
v -0.115403 0.013120 -0.065637
v -0.115985 0.013117 -0.065395
v -0.115403 0.012910 -0.049160
v -0.116227 0.012921 -0.049984
v -0.115985 0.012913 -0.049401
v -0.099749 0.012921 -0.049984
v -0.100573 0.012910 -0.049160
v -0.099990 0.012913 -0.049401
v -0.100573 0.013120 -0.065637
v -0.099749 0.013110 -0.064813
v -0.099990 0.013117 -0.065395
v -0.100573 0.014133 -0.064800
v -0.115403 0.014133 -0.064800
v -0.097277 0.013944 -0.049971
v -0.082447 0.013944 -0.049971
v -0.098101 0.013944 -0.049971
v -0.097277 0.013933 -0.049147
v -0.097860 0.013936 -0.049388
v -0.082447 0.013933 -0.049147
v -0.081623 0.013944 -0.049971
v -0.081864 0.013936 -0.049388
v -0.097277 0.014144 -0.065624
v -0.098101 0.014133 -0.064800
v -0.097860 0.014140 -0.065382
v -0.081623 0.014133 -0.064800
v -0.082447 0.014144 -0.065624
v -0.081864 0.014140 -0.065382
v -0.098101 0.013110 -0.064813
v -0.097277 0.013120 -0.065637
v -0.097860 0.013117 -0.065395
v -0.097277 0.012910 -0.049160
v -0.098101 0.012921 -0.049984
v -0.097860 0.012913 -0.049401
v -0.081623 0.012921 -0.049984
v -0.082447 0.012910 -0.049160
v -0.081864 0.012913 -0.049401
v -0.082447 0.013120 -0.065637
v -0.081623 0.013110 -0.064813
v -0.081864 0.013117 -0.065395
v -0.082447 0.014133 -0.064800
v -0.097277 0.014133 -0.064800
v -0.079151 0.013944 -0.049971
v -0.064321 0.013944 -0.049971
v -0.079975 0.013944 -0.049971
v -0.079151 0.013933 -0.049147
v -0.079734 0.013936 -0.049388
v -0.064321 0.013933 -0.049147
v -0.063497 0.013944 -0.049971
v -0.063738 0.013936 -0.049388
v -0.079151 0.014144 -0.065624
v -0.079975 0.014133 -0.064800
v -0.079734 0.014140 -0.065382
v -0.063497 0.014133 -0.064800
v -0.064321 0.014144 -0.065624
v -0.063738 0.014140 -0.065382
v -0.079975 0.013110 -0.064813
v -0.079151 0.013120 -0.065637
v -0.079734 0.013117 -0.065395
v -0.079151 0.012910 -0.049160
v -0.079975 0.012921 -0.049984
v -0.079734 0.012913 -0.049401
v -0.063497 0.012921 -0.049984
v -0.064321 0.012910 -0.049160
v -0.063738 0.012913 -0.049401
v -0.064321 0.013120 -0.065637
v -0.063497 0.013110 -0.064813
v -0.063738 0.013117 -0.065395
v -0.064321 0.014133 -0.064800
v -0.079151 0.014133 -0.064800
v -0.061025 0.013944 -0.049971
v -0.046195 0.013944 -0.049971
v -0.061849 0.013944 -0.049971
v -0.061025 0.013933 -0.049147
v -0.061608 0.013936 -0.049388
v -0.046195 0.013933 -0.049147
v -0.045371 0.013944 -0.049971
v -0.045613 0.013936 -0.049388
v -0.061025 0.014144 -0.065624
v -0.061849 0.014133 -0.064800
v -0.061608 0.014140 -0.065382
v -0.045371 0.014133 -0.064800
v -0.046195 0.014144 -0.065624
v -0.045613 0.014140 -0.065382
v -0.061849 0.013110 -0.064813
v -0.061025 0.013120 -0.065637
v -0.061608 0.013117 -0.065395
v -0.061025 0.012910 -0.049160
v -0.061849 0.012921 -0.049984
v -0.061608 0.012913 -0.049401
v -0.045371 0.012921 -0.049984
v -0.046195 0.012910 -0.049160
v -0.045613 0.012913 -0.049401
v -0.046195 0.013120 -0.065637
v -0.045371 0.013110 -0.064813
v -0.045613 0.013117 -0.065395
v -0.046195 0.014133 -0.064800
v -0.061025 0.014133 -0.064800
v -0.042900 0.013944 -0.049971
v -0.028069 0.013944 -0.049971
v -0.043723 0.013944 -0.049971
v -0.042900 0.013933 -0.049147
v -0.043482 0.013936 -0.049388
v -0.028069 0.013933 -0.049147
v -0.027245 0.013944 -0.049971
v -0.027487 0.013936 -0.049388
v -0.042900 0.014144 -0.065624
v -0.043723 0.014133 -0.064800
v -0.043482 0.014140 -0.065382
v -0.027245 0.014133 -0.064800
v -0.028069 0.014144 -0.065624
v -0.027487 0.014140 -0.065382
v -0.043723 0.013110 -0.064813
v -0.042900 0.013120 -0.065637
v -0.043482 0.013117 -0.065395
v -0.042900 0.012910 -0.049160
v -0.043723 0.012921 -0.049984
v -0.043482 0.012913 -0.049401
v -0.027245 0.012921 -0.049984
v -0.028069 0.012910 -0.049160
v -0.027487 0.012913 -0.049401
v -0.028069 0.013120 -0.065637
v -0.027245 0.013110 -0.064813
v -0.027487 0.013117 -0.065395
v -0.028069 0.014133 -0.064800
v -0.042900 0.014133 -0.064800
v -0.024774 0.013944 -0.049971
v -0.009944 0.013944 -0.049971
v -0.025598 0.013944 -0.049971
v -0.024774 0.013933 -0.049147
v -0.025356 0.013936 -0.049388
v -0.009944 0.013933 -0.049147
v -0.009120 0.013944 -0.049971
v -0.009361 0.013936 -0.049388
v -0.024774 0.014144 -0.065624
v -0.025598 0.014133 -0.064800
v -0.025356 0.014140 -0.065382
v -0.009120 0.014133 -0.064800
v -0.009944 0.014144 -0.065624
v -0.009361 0.014140 -0.065382
v -0.025598 0.013110 -0.064813
v -0.024774 0.013120 -0.065637
v -0.025356 0.013117 -0.065395
v -0.024774 0.012910 -0.049160
v -0.025598 0.012921 -0.049984
v -0.025356 0.012913 -0.049401
v -0.009120 0.012921 -0.049984
v -0.009944 0.012910 -0.049160
v -0.009361 0.012913 -0.049401
v -0.009944 0.013120 -0.065637
v -0.009120 0.013110 -0.064813
v -0.009361 0.013117 -0.065395
v -0.009944 0.014133 -0.064800
v -0.024774 0.014133 -0.064800
v -0.006648 0.013944 -0.049971
v 0.008182 0.013944 -0.049971
v -0.007472 0.013944 -0.049971
v -0.006648 0.013933 -0.049147
v -0.007231 0.013936 -0.049388
v 0.008182 0.013933 -0.049147
v 0.009006 0.013944 -0.049971
v 0.008765 0.013936 -0.049388
v -0.006648 0.014144 -0.065624
v -0.007472 0.014133 -0.064800
v -0.007231 0.014140 -0.065382
v 0.009006 0.014133 -0.064800
v 0.008182 0.014144 -0.065624
v 0.008765 0.014140 -0.065382
v -0.007472 0.013110 -0.064813
v -0.006648 0.013120 -0.065637
v -0.007231 0.013117 -0.065395
v -0.006648 0.012910 -0.049160
v -0.007472 0.012921 -0.049984
v -0.007231 0.012913 -0.049401
v 0.009006 0.012921 -0.049984
v 0.008182 0.012910 -0.049160
v 0.008765 0.012913 -0.049401
v 0.008182 0.013120 -0.065637
v 0.009006 0.013110 -0.064813
v 0.008765 0.013117 -0.065395
v 0.008182 0.014133 -0.064800
v -0.006648 0.014133 -0.064800
v 0.011478 0.013944 -0.049971
v 0.026308 0.013944 -0.049971
v 0.010654 0.013944 -0.049971
v 0.011478 0.013933 -0.049147
v 0.010895 0.013936 -0.049388
v 0.026308 0.013933 -0.049147
v 0.027132 0.013944 -0.049971
v 0.026891 0.013936 -0.049388
v 0.011478 0.014144 -0.065624
v 0.010654 0.014133 -0.064800
v 0.010895 0.014140 -0.065382
v 0.027132 0.014133 -0.064800
v 0.026308 0.014144 -0.065624
v 0.026891 0.014140 -0.065382
v 0.010654 0.013110 -0.064813
v 0.011478 0.013120 -0.065637
v 0.010895 0.013117 -0.065395
v 0.011478 0.012910 -0.049160
v 0.010654 0.012921 -0.049984
v 0.010895 0.012913 -0.049401
v 0.027132 0.012921 -0.049984
v 0.026308 0.012910 -0.049160
v 0.026891 0.012913 -0.049401
v 0.026308 0.013120 -0.065637
v 0.027132 0.013110 -0.064813
v 0.026891 0.013117 -0.065395
v 0.026308 0.014133 -0.064800
v 0.011478 0.014133 -0.064800
v 0.029604 0.013944 -0.049971
v 0.044434 0.013944 -0.049971
v 0.028780 0.013944 -0.049971
v 0.029604 0.013933 -0.049147
v 0.029021 0.013936 -0.049388
v 0.044434 0.013933 -0.049147
v 0.045258 0.013944 -0.049971
v 0.045016 0.013936 -0.049388
v 0.029604 0.014144 -0.065624
v 0.028780 0.014133 -0.064800
v 0.029021 0.014140 -0.065382
v 0.045258 0.014133 -0.064800
v 0.044434 0.014144 -0.065624
v 0.045016 0.014140 -0.065382
v 0.028780 0.013110 -0.064813
v 0.029604 0.013120 -0.065637
v 0.029021 0.013117 -0.065395
v 0.029604 0.012910 -0.049160
v 0.028780 0.012921 -0.049984
v 0.029021 0.012913 -0.049401
v 0.045258 0.012921 -0.049984
v 0.044434 0.012910 -0.049160
v 0.045016 0.012913 -0.049401
v 0.044434 0.013120 -0.065637
v 0.045258 0.013110 -0.064813
v 0.045016 0.013117 -0.065395
v 0.044434 0.014133 -0.064800
v 0.029604 0.014133 -0.064800
v 0.047729 0.013944 -0.049971
v 0.062560 0.013944 -0.049971
v 0.046905 0.013944 -0.049971
v 0.047729 0.013933 -0.049147
v 0.047147 0.013936 -0.049388
v 0.062560 0.013933 -0.049147
v 0.063383 0.013944 -0.049971
v 0.063142 0.013936 -0.049388
v 0.047729 0.014144 -0.065624
v 0.046905 0.014133 -0.064800
v 0.047147 0.014140 -0.065382
v 0.063383 0.014133 -0.064800
v 0.062560 0.014144 -0.065624
v 0.063142 0.014140 -0.065382
v 0.046905 0.013110 -0.064813
v 0.047729 0.013120 -0.065637
v 0.047147 0.013117 -0.065395
v 0.047729 0.012910 -0.049160
v 0.046905 0.012921 -0.049984
v 0.047147 0.012913 -0.049401
v 0.063383 0.012921 -0.049984
v 0.062560 0.012910 -0.049160
v 0.063142 0.012913 -0.049401
v 0.062560 0.013120 -0.065637
v 0.063383 0.013110 -0.064813
v 0.063142 0.013117 -0.065395
v 0.062560 0.014133 -0.064800
v 0.047729 0.014133 -0.064800
v 0.065855 0.013944 -0.049971
v 0.080685 0.013944 -0.049971
v 0.065031 0.013944 -0.049971
v 0.065855 0.013933 -0.049147
v 0.065273 0.013936 -0.049388
v 0.080685 0.013933 -0.049147
v 0.081509 0.013944 -0.049971
v 0.081268 0.013936 -0.049388
v 0.065855 0.014144 -0.065624
v 0.065031 0.014133 -0.064800
v 0.065273 0.014140 -0.065382
v 0.081509 0.014133 -0.064800
v 0.080685 0.014144 -0.065624
v 0.081268 0.014140 -0.065382
v 0.065031 0.013110 -0.064813
v 0.065855 0.013120 -0.065637
v 0.065273 0.013117 -0.065395
v 0.065855 0.012910 -0.049160
v 0.065031 0.012921 -0.049984
v 0.065273 0.012913 -0.049401
v 0.081509 0.012921 -0.049984
v 0.080685 0.012910 -0.049160
v 0.081268 0.012913 -0.049401
v 0.080685 0.013120 -0.065637
v 0.081509 0.013110 -0.064813
v 0.081268 0.013117 -0.065395
v 0.080685 0.014133 -0.064800
v 0.065855 0.014133 -0.064800
v 0.083981 0.013944 -0.049971
v 0.098811 0.013944 -0.049971
v 0.083157 0.013944 -0.049971
v 0.083981 0.013933 -0.049147
v 0.083398 0.013936 -0.049388
v 0.098811 0.013933 -0.049147
v 0.099635 0.013944 -0.049971
v 0.099394 0.013936 -0.049388
v 0.083981 0.014144 -0.065624
v 0.083157 0.014133 -0.064800
v 0.083398 0.014140 -0.065382
v 0.099635 0.014133 -0.064800
v 0.098811 0.014144 -0.065624
v 0.099394 0.014140 -0.065382
v 0.083157 0.013110 -0.064813
v 0.083981 0.013120 -0.065637
v 0.083398 0.013117 -0.065395
v 0.083981 0.012910 -0.049160
v 0.083157 0.012921 -0.049984
v 0.083398 0.012913 -0.049401
v 0.099635 0.012921 -0.049984
v 0.098811 0.012910 -0.049160
v 0.099394 0.012913 -0.049401
v 0.098811 0.013120 -0.065637
v 0.099635 0.013110 -0.064813
v 0.099394 0.013117 -0.065395
v 0.098811 0.014133 -0.064800
v 0.083981 0.014133 -0.064800
v 0.102107 0.013944 -0.049971
v 0.129295 0.013944 -0.049971
v 0.101283 0.013944 -0.049971
v 0.102107 0.013933 -0.049147
v 0.101524 0.013936 -0.049388
v 0.129295 0.013933 -0.049147
v 0.130119 0.013944 -0.049971
v 0.129878 0.013936 -0.049388
v 0.102107 0.014144 -0.065624
v 0.101283 0.014133 -0.064800
v 0.101524 0.014140 -0.065382
v 0.130119 0.014133 -0.064800
v 0.129295 0.014144 -0.065624
v 0.129878 0.014140 -0.065382
v 0.101283 0.013110 -0.064813
v 0.102107 0.013120 -0.065637
v 0.101524 0.013117 -0.065395
v 0.102107 0.012910 -0.049160
v 0.101283 0.012921 -0.049984
v 0.101524 0.012913 -0.049401
v 0.130119 0.012921 -0.049984
v 0.129295 0.012910 -0.049160
v 0.129878 0.012913 -0.049401
v 0.129295 0.013120 -0.065637
v 0.130119 0.013110 -0.064813
v 0.129878 0.013117 -0.065395
v 0.129295 0.014133 -0.064800
v 0.102107 0.014133 -0.064800
v -0.129409 0.013250 0.004402
v -0.096453 0.013250 0.004402
v -0.130233 0.013250 0.004402
v -0.129409 0.013239 0.005226
v -0.129992 0.013242 0.004985
v -0.096453 0.013239 0.005226
v -0.095629 0.013250 0.004402
v -0.095870 0.013242 0.004985
v -0.129409 0.013450 -0.011251
v -0.130233 0.013439 -0.010427
v -0.129992 0.013447 -0.011009
v -0.095629 0.013439 -0.010427
v -0.096453 0.013450 -0.011251
v -0.095870 0.013447 -0.011009
v -0.130233 0.012416 -0.010440
v -0.129409 0.012427 -0.011264
v -0.129992 0.012423 -0.011022
v -0.129409 0.012216 0.005213
v -0.130233 0.012227 0.004389
v -0.129992 0.012219 0.004972
v -0.095629 0.012227 0.004389
v -0.096453 0.012216 0.005213
v -0.095870 0.012219 0.004972
v -0.096453 0.012427 -0.011264
v -0.095629 0.012416 -0.010440
v -0.095870 0.012423 -0.011022
v -0.096453 0.013439 -0.010427
v -0.129409 0.013439 -0.010427
v -0.093157 0.013250 0.004402
v -0.078327 0.013250 0.004402
v -0.093981 0.013250 0.004402
v -0.093157 0.013239 0.005226
v -0.093740 0.013242 0.004985
v -0.078327 0.013239 0.005226
v -0.077503 0.013250 0.004402
v -0.077745 0.013242 0.004985
v -0.093157 0.013450 -0.011251
v -0.093981 0.013439 -0.010427
v -0.093740 0.013447 -0.011009
v -0.077503 0.013439 -0.010427
v -0.078327 0.013450 -0.011251
v -0.077745 0.013447 -0.011009
v -0.093981 0.012416 -0.010440
v -0.093157 0.012427 -0.011264
v -0.093740 0.012423 -0.011022
v -0.093157 0.012216 0.005213
v -0.093981 0.012227 0.004389
v -0.093740 0.012219 0.004972
v -0.077503 0.012227 0.004389
v -0.078327 0.012216 0.005213
v -0.077745 0.012219 0.004972
v -0.078327 0.012427 -0.011264
v -0.077503 0.012416 -0.010440
v -0.077745 0.012423 -0.011022
v -0.078327 0.013439 -0.010427
v -0.093157 0.013439 -0.010427
v -0.075032 0.013250 0.004402
v -0.060201 0.013250 0.004402
v -0.075856 0.013250 0.004402
v -0.075032 0.013239 0.005226
v -0.075614 0.013242 0.004985
v -0.060201 0.013239 0.005226
v -0.059378 0.013250 0.004402
v -0.059619 0.013242 0.004985
v -0.075032 0.013450 -0.011251
v -0.075856 0.013439 -0.010427
v -0.075614 0.013447 -0.011009
v -0.059378 0.013439 -0.010427
v -0.060201 0.013450 -0.011251
v -0.059619 0.013447 -0.011009
v -0.075856 0.012416 -0.010440
v -0.075032 0.012427 -0.011264
v -0.075614 0.012423 -0.011022
v -0.075032 0.012216 0.005213
v -0.075856 0.012227 0.004389
v -0.075614 0.012219 0.004972
v -0.059378 0.012227 0.004389
v -0.060201 0.012216 0.005213
v -0.059619 0.012219 0.004972
v -0.060201 0.012427 -0.011264
v -0.059378 0.012416 -0.010440
v -0.059619 0.012423 -0.011022
v -0.060201 0.013439 -0.010427
v -0.075032 0.013439 -0.010427
v -0.056906 0.013250 0.004402
v -0.042076 0.013250 0.004402
v -0.057730 0.013250 0.004402
v -0.056906 0.013239 0.005226
v -0.057488 0.013242 0.004985
v -0.042076 0.013239 0.005226
v -0.041252 0.013250 0.004402
v -0.041493 0.013242 0.004985
v -0.056906 0.013450 -0.011251
v -0.057730 0.013439 -0.010427
v -0.057488 0.013447 -0.011009
v -0.041252 0.013439 -0.010427
v -0.042076 0.013450 -0.011251
v -0.041493 0.013447 -0.011009
v -0.057730 0.012416 -0.010440
v -0.056906 0.012427 -0.011264
v -0.057488 0.012423 -0.011022
v -0.056906 0.012216 0.005213
v -0.057730 0.012227 0.004389
v -0.057488 0.012219 0.004972
v -0.041252 0.012227 0.004389
v -0.042076 0.012216 0.005213
v -0.041493 0.012219 0.004972
v -0.042076 0.012427 -0.011264
v -0.041252 0.012416 -0.010440
v -0.041493 0.012423 -0.011022
v -0.042076 0.013439 -0.010427
v -0.056906 0.013439 -0.010427
v -0.038780 0.013250 0.004402
v -0.023950 0.013250 0.004402
v -0.039604 0.013250 0.004402
v -0.038780 0.013239 0.005226
v -0.039363 0.013242 0.004985
v -0.023950 0.013239 0.005226
v -0.023126 0.013250 0.004402
v -0.023367 0.013242 0.004985
v -0.038780 0.013450 -0.011251
v -0.039604 0.013439 -0.010427
v -0.039363 0.013447 -0.011009
v -0.023126 0.013439 -0.010427
v -0.023950 0.013450 -0.011251
v -0.023367 0.013447 -0.011009
v -0.039604 0.012416 -0.010440
v -0.038780 0.012427 -0.011264
v -0.039363 0.012423 -0.011022
v -0.038780 0.012216 0.005213
v -0.039604 0.012227 0.004389
v -0.039363 0.012219 0.004972
v -0.023126 0.012227 0.004389
v -0.023950 0.012216 0.005213
v -0.023367 0.012219 0.004972
v -0.023950 0.012427 -0.011264
v -0.023126 0.012416 -0.010440
v -0.023367 0.012423 -0.011022
v -0.023950 0.013439 -0.010427
v -0.038780 0.013439 -0.010427
v -0.020654 0.013250 0.004402
v -0.005824 0.013250 0.004402
v -0.021478 0.013250 0.004402
v -0.020654 0.013239 0.005226
v -0.021237 0.013242 0.004985
v -0.005824 0.013239 0.005226
v -0.005000 0.013250 0.004402
v -0.005241 0.013242 0.004985
v -0.020654 0.013450 -0.011251
v -0.021478 0.013439 -0.010427
v -0.021237 0.013447 -0.011009
v -0.005000 0.013439 -0.010427
v -0.005824 0.013450 -0.011251
v -0.005241 0.013447 -0.011009
v -0.021478 0.012416 -0.010440
v -0.020654 0.012427 -0.011264
v -0.021237 0.012423 -0.011022
v -0.020654 0.012216 0.005213
v -0.021478 0.012227 0.004389
v -0.021237 0.012219 0.004972
v -0.005000 0.012227 0.004389
v -0.005824 0.012216 0.005213
v -0.005241 0.012219 0.004972
v -0.005824 0.012427 -0.011264
v -0.005000 0.012416 -0.010440
v -0.005241 0.012423 -0.011022
v -0.005824 0.013439 -0.010427
v -0.020654 0.013439 -0.010427
v -0.002528 0.013250 0.004402
v 0.012302 0.013250 0.004402
v -0.003352 0.013250 0.004402
v -0.002528 0.013239 0.005226
v -0.003111 0.013242 0.004985
v 0.012302 0.013239 0.005226
v 0.013126 0.013250 0.004402
v 0.012884 0.013242 0.004985
v -0.002528 0.013450 -0.011251
v -0.003352 0.013439 -0.010427
v -0.003111 0.013447 -0.011009
v 0.013126 0.013439 -0.010427
v 0.012302 0.013450 -0.011251
v 0.012884 0.013447 -0.011009
v -0.003352 0.012416 -0.010440
v -0.002528 0.012427 -0.011264
v -0.003111 0.012423 -0.011022
v -0.002528 0.012216 0.005213
v -0.003352 0.012227 0.004389
v -0.003111 0.012219 0.004972
v 0.013126 0.012227 0.004389
v 0.012302 0.012216 0.005213
v 0.012884 0.012219 0.004972
v 0.012302 0.012427 -0.011264
v 0.013126 0.012416 -0.010440
v 0.012884 0.012423 -0.011022
v 0.012302 0.013439 -0.010427
v -0.002528 0.013439 -0.010427
v 0.015597 0.013250 0.004402
v 0.030428 0.013250 0.004402
v 0.014773 0.013250 0.004402
v 0.015597 0.013239 0.005226
v 0.015015 0.013242 0.004985
v 0.030428 0.013239 0.005226
v 0.031251 0.013250 0.004402
v 0.031010 0.013242 0.004985
v 0.015597 0.013450 -0.011251
v 0.014773 0.013439 -0.010427
v 0.015015 0.013447 -0.011009
v 0.031251 0.013439 -0.010427
v 0.030428 0.013450 -0.011251
v 0.031010 0.013447 -0.011009
v 0.014773 0.012416 -0.010440
v 0.015597 0.012427 -0.011264
v 0.015015 0.012423 -0.011022
v 0.015597 0.012216 0.005213
v 0.014773 0.012227 0.004389
v 0.015015 0.012219 0.004972
v 0.031251 0.012227 0.004389
v 0.030428 0.012216 0.005213
v 0.031010 0.012219 0.004972
v 0.030428 0.012427 -0.011264
v 0.031251 0.012416 -0.010440
v 0.031010 0.012423 -0.011022
v 0.030428 0.013439 -0.010427
v 0.015597 0.013439 -0.010427
v 0.033723 0.013250 0.004402
v 0.048553 0.013250 0.004402
v 0.032899 0.013250 0.004402
v 0.033723 0.013239 0.005226
v 0.033141 0.013242 0.004985
v 0.048553 0.013239 0.005226
v 0.049377 0.013250 0.004402
v 0.049136 0.013242 0.004985
v 0.033723 0.013450 -0.011251
v 0.032899 0.013439 -0.010427
v 0.033141 0.013447 -0.011009
v 0.049377 0.013439 -0.010427
v 0.048553 0.013450 -0.011251
v 0.049136 0.013447 -0.011009
v 0.032899 0.012416 -0.010440
v 0.033723 0.012427 -0.011264
v 0.033141 0.012423 -0.011022
v 0.033723 0.012216 0.005213
v 0.032899 0.012227 0.004389
v 0.033141 0.012219 0.004972
v 0.049377 0.012227 0.004389
v 0.048553 0.012216 0.005213
v 0.049136 0.012219 0.004972
v 0.048553 0.012427 -0.011264
v 0.049377 0.012416 -0.010440
v 0.049136 0.012423 -0.011022
v 0.048553 0.013439 -0.010427
v 0.033723 0.013439 -0.010427
v 0.051849 0.013250 0.004402
v 0.066679 0.013250 0.004402
v 0.051025 0.013250 0.004402
v 0.051849 0.013239 0.005226
v 0.051266 0.013242 0.004985
v 0.066679 0.013239 0.005226
v 0.067503 0.013250 0.004402
v 0.067262 0.013242 0.004985
v 0.051849 0.013450 -0.011251
v 0.051025 0.013439 -0.010427
v 0.051266 0.013447 -0.011009
v 0.067503 0.013439 -0.010427
v 0.066679 0.013450 -0.011251
v 0.067262 0.013447 -0.011009
v 0.051025 0.012416 -0.010440
v 0.051849 0.012427 -0.011264
v 0.051266 0.012423 -0.011022
v 0.051849 0.012216 0.005213
v 0.051025 0.012227 0.004389
v 0.051266 0.012219 0.004972
v 0.067503 0.012227 0.004389
v 0.066679 0.012216 0.005213
v 0.067262 0.012219 0.004972
v 0.066679 0.012427 -0.011264
v 0.067503 0.012416 -0.010440
v 0.067262 0.012423 -0.011022
v 0.066679 0.013439 -0.010427
v 0.051849 0.013439 -0.010427
v 0.069975 0.013250 0.004402
v 0.084805 0.013250 0.004402
v 0.069151 0.013250 0.004402
v 0.069975 0.013239 0.005226
v 0.069392 0.013242 0.004985
v 0.084805 0.013239 0.005226
v 0.085629 0.013250 0.004402
v 0.085387 0.013242 0.004985
v 0.069975 0.013450 -0.011251
v 0.069151 0.013439 -0.010427
v 0.069392 0.013447 -0.011009
v 0.085629 0.013439 -0.010427
v 0.084805 0.013450 -0.011251
v 0.085387 0.013447 -0.011009
v 0.069151 0.012416 -0.010440
v 0.069975 0.012427 -0.011264
v 0.069392 0.012423 -0.011022
v 0.069975 0.012216 0.005213
v 0.069151 0.012227 0.004389
v 0.069392 0.012219 0.004972
v 0.085629 0.012227 0.004389
v 0.084805 0.012216 0.005213
v 0.085387 0.012219 0.004972
v 0.084805 0.012427 -0.011264
v 0.085629 0.012416 -0.010440
v 0.085387 0.012423 -0.011022
v 0.084805 0.013439 -0.010427
v 0.069975 0.013439 -0.010427
v 0.088100 0.013250 0.004402
v 0.129295 0.013250 0.004402
v 0.087277 0.013250 0.004402
v 0.088100 0.013239 0.005226
v 0.087518 0.013242 0.004985
v 0.129295 0.013239 0.005226
v 0.130119 0.013250 0.004402
v 0.129878 0.013242 0.004985
v 0.088100 0.013450 -0.011251
v 0.087277 0.013439 -0.010427
v 0.087518 0.013447 -0.011009
v 0.130119 0.013439 -0.010427
v 0.129295 0.013450 -0.011251
v 0.129878 0.013447 -0.011009
v 0.087277 0.012416 -0.010440
v 0.088100 0.012427 -0.011264
v 0.087518 0.012423 -0.011022
v 0.088100 0.012216 0.005213
v 0.087277 0.012227 0.004389
v 0.087518 0.012219 0.004972
v 0.130119 0.012227 0.004389
v 0.129295 0.012216 0.005213
v 0.129878 0.012219 0.004972
v 0.129295 0.012427 -0.011264
v 0.130119 0.012416 -0.010440
v 0.129878 0.012423 -0.011022
v 0.129295 0.013439 -0.010427
v 0.088100 0.013439 -0.010427
v -0.129409 0.013481 -0.013722
v -0.104692 0.013481 -0.013722
v -0.130233 0.013481 -0.013722
v -0.129409 0.013471 -0.012898
v -0.129992 0.013474 -0.013140
v -0.104692 0.013471 -0.012898
v -0.103868 0.013481 -0.013722
v -0.104109 0.013474 -0.013140
v -0.129409 0.013681 -0.029375
v -0.130233 0.013670 -0.028551
v -0.129992 0.013678 -0.029134
v -0.103868 0.013670 -0.028551
v -0.104692 0.013681 -0.029375
v -0.104109 0.013678 -0.029134
v -0.130233 0.012647 -0.028564
v -0.129409 0.012658 -0.029388
v -0.129992 0.012655 -0.029147
v -0.129409 0.012448 -0.012911
v -0.130233 0.012458 -0.013735
v -0.129992 0.012451 -0.013153
v -0.103868 0.012458 -0.013735
v -0.104692 0.012448 -0.012911
v -0.104109 0.012451 -0.013153
v -0.104692 0.012658 -0.029388
v -0.103868 0.012647 -0.028564
v -0.104109 0.012655 -0.029147
v -0.104692 0.013670 -0.028551
v -0.129409 0.013670 -0.028551
v -0.101396 0.013481 -0.013722
v -0.086566 0.013481 -0.013722
v -0.102220 0.013481 -0.013722
v -0.101396 0.013471 -0.012898
v -0.101979 0.013474 -0.013140
v -0.086566 0.013471 -0.012898
v -0.085742 0.013481 -0.013722
v -0.085984 0.013474 -0.013140
v -0.101396 0.013681 -0.029375
v -0.102220 0.013670 -0.028551
v -0.101979 0.013678 -0.029134
v -0.085742 0.013670 -0.028551
v -0.086566 0.013681 -0.029375
v -0.085984 0.013678 -0.029134
v -0.102220 0.012647 -0.028564
v -0.101396 0.012658 -0.029388
v -0.101979 0.012655 -0.029147
v -0.101396 0.012448 -0.012911
v -0.102220 0.012458 -0.013735
v -0.101979 0.012451 -0.013153
v -0.085742 0.012458 -0.013735
v -0.086566 0.012448 -0.012911
v -0.085984 0.012451 -0.013153
v -0.086566 0.012658 -0.029388
v -0.085742 0.012647 -0.028564
v -0.085984 0.012655 -0.029147
v -0.086566 0.013670 -0.028551
v -0.101396 0.013670 -0.028551
v -0.083271 0.013481 -0.013722
v -0.068440 0.013481 -0.013722
v -0.084095 0.013481 -0.013722
v -0.083271 0.013471 -0.012898
v -0.083853 0.013474 -0.013140
v -0.068440 0.013471 -0.012898
v -0.067617 0.013481 -0.013722
v -0.067858 0.013474 -0.013140
v -0.083271 0.013681 -0.029375
v -0.084095 0.013670 -0.028551
v -0.083853 0.013678 -0.029134
v -0.067617 0.013670 -0.028551
v -0.068440 0.013681 -0.029375
v -0.067858 0.013678 -0.029134
v -0.084095 0.012647 -0.028564
v -0.083271 0.012658 -0.029388
v -0.083853 0.012655 -0.029147
v -0.083271 0.012448 -0.012911
v -0.084095 0.012458 -0.013735
v -0.083853 0.012451 -0.013153
v -0.067617 0.012458 -0.013735
v -0.068440 0.012448 -0.012911
v -0.067858 0.012451 -0.013153
v -0.068440 0.012658 -0.029388
v -0.067617 0.012647 -0.028564
v -0.067858 0.012655 -0.029147
v -0.068440 0.013670 -0.028551
v -0.083271 0.013670 -0.028551
v -0.065145 0.013481 -0.013722
v -0.050315 0.013481 -0.013722
v -0.065969 0.013481 -0.013722
v -0.065145 0.013471 -0.012898
v -0.065727 0.013474 -0.013140
v -0.050315 0.013471 -0.012898
v -0.049491 0.013481 -0.013722
v -0.049732 0.013474 -0.013140
v -0.065145 0.013681 -0.029375
v -0.065969 0.013670 -0.028551
v -0.065727 0.013678 -0.029134
v -0.049491 0.013670 -0.028551
v -0.050315 0.013681 -0.029375
v -0.049732 0.013678 -0.029134
v -0.065969 0.012647 -0.028564
v -0.065145 0.012658 -0.029388
v -0.065727 0.012655 -0.029147
v -0.065145 0.012448 -0.012911
v -0.065969 0.012458 -0.013735
v -0.065727 0.012451 -0.013153
v -0.049491 0.012458 -0.013735
v -0.050315 0.012448 -0.012911
v -0.049732 0.012451 -0.013153
v -0.050315 0.012658 -0.029388
v -0.049491 0.012647 -0.028564
v -0.049732 0.012655 -0.029147
v -0.050315 0.013670 -0.028551
v -0.065145 0.013670 -0.028551
v -0.047019 0.013481 -0.013722
v -0.032189 0.013481 -0.013722
v -0.047843 0.013481 -0.013722
v -0.047019 0.013471 -0.012898
v -0.047602 0.013474 -0.013140
v -0.032189 0.013471 -0.012898
v -0.031365 0.013481 -0.013722
v -0.031606 0.013474 -0.013140
v -0.047019 0.013681 -0.029375
v -0.047843 0.013670 -0.028551
v -0.047602 0.013678 -0.029134
v -0.031365 0.013670 -0.028551
v -0.032189 0.013681 -0.029375
v -0.031606 0.013678 -0.029134
v -0.047843 0.012647 -0.028564
v -0.047019 0.012658 -0.029388
v -0.047602 0.012655 -0.029147
v -0.047019 0.012448 -0.012911
v -0.047843 0.012458 -0.013735
v -0.047602 0.012451 -0.013153
v -0.031365 0.012458 -0.013735
v -0.032189 0.012448 -0.012911
v -0.031606 0.012451 -0.013153
v -0.032189 0.012658 -0.029388
v -0.031365 0.012647 -0.028564
v -0.031606 0.012655 -0.029147
v -0.032189 0.013670 -0.028551
v -0.047019 0.013670 -0.028551
v -0.028893 0.013481 -0.013722
v -0.014063 0.013481 -0.013722
v -0.029717 0.013481 -0.013722
v -0.028893 0.013471 -0.012898
v -0.029476 0.013474 -0.013140
v -0.014063 0.013471 -0.012898
v -0.013239 0.013481 -0.013722
v -0.013480 0.013474 -0.013140
v -0.028893 0.013681 -0.029375
v -0.029717 0.013670 -0.028551
v -0.029476 0.013678 -0.029134
v -0.013239 0.013670 -0.028551
v -0.014063 0.013681 -0.029375
v -0.013480 0.013678 -0.029134
v -0.029717 0.012647 -0.028564
v -0.028893 0.012658 -0.029388
v -0.029476 0.012655 -0.029147
v -0.028893 0.012448 -0.012911
v -0.029717 0.012458 -0.013735
v -0.029476 0.012451 -0.013153
v -0.013239 0.012458 -0.013735
v -0.014063 0.012448 -0.012911
v -0.013480 0.012451 -0.013153
v -0.014063 0.012658 -0.029388
v -0.013239 0.012647 -0.028564
v -0.013480 0.012655 -0.029147
v -0.014063 0.013670 -0.028551
v -0.028893 0.013670 -0.028551
v -0.010767 0.013481 -0.013722
v 0.004063 0.013481 -0.013722
v -0.011591 0.013481 -0.013722
v -0.010767 0.013471 -0.012898
v -0.011350 0.013474 -0.013140
v 0.004063 0.013471 -0.012898
v 0.004887 0.013481 -0.013722
v 0.004645 0.013474 -0.013140
v -0.010767 0.013681 -0.029375
v -0.011591 0.013670 -0.028551
v -0.011350 0.013678 -0.029134
v 0.004887 0.013670 -0.028551
v 0.004063 0.013681 -0.029375
v 0.004645 0.013678 -0.029134
v -0.011591 0.012647 -0.028564
v -0.010767 0.012658 -0.029388
v -0.011350 0.012655 -0.029147
v -0.010767 0.012448 -0.012911
v -0.011591 0.012458 -0.013735
v -0.011350 0.012451 -0.013153
v 0.004887 0.012458 -0.013735
v 0.004063 0.012448 -0.012911
v 0.004645 0.012451 -0.013153
v 0.004063 0.012658 -0.029388
v 0.004887 0.012647 -0.028564
v 0.004645 0.012655 -0.029147
v 0.004063 0.013670 -0.028551
v -0.010767 0.013670 -0.028551
v 0.007358 0.013481 -0.013722
v 0.022189 0.013481 -0.013722
v 0.006534 0.013481 -0.013722
v 0.007358 0.013471 -0.012898
v 0.006776 0.013474 -0.013140
v 0.022189 0.013471 -0.012898
v 0.023012 0.013481 -0.013722
v 0.022771 0.013474 -0.013140
v 0.007358 0.013681 -0.029375
v 0.006534 0.013670 -0.028551
v 0.006776 0.013678 -0.029134
v 0.023012 0.013670 -0.028551
v 0.022189 0.013681 -0.029375
v 0.022771 0.013678 -0.029134
v 0.006534 0.012647 -0.028564
v 0.007358 0.012658 -0.029388
v 0.006776 0.012655 -0.029147
v 0.007358 0.012448 -0.012911
v 0.006534 0.012458 -0.013735
v 0.006776 0.012451 -0.013153
v 0.023012 0.012458 -0.013735
v 0.022189 0.012448 -0.012911
v 0.022771 0.012451 -0.013153
v 0.022189 0.012658 -0.029388
v 0.023012 0.012647 -0.028564
v 0.022771 0.012655 -0.029147
v 0.022189 0.013670 -0.028551
v 0.007358 0.013670 -0.028551
v 0.025484 0.013481 -0.013722
v 0.040314 0.013481 -0.013722
v 0.024660 0.013481 -0.013722
v 0.025484 0.013471 -0.012898
v 0.024902 0.013474 -0.013140
v 0.040314 0.013471 -0.012898
v 0.041138 0.013481 -0.013722
v 0.040897 0.013474 -0.013140
v 0.025484 0.013681 -0.029375
v 0.024660 0.013670 -0.028551
v 0.024902 0.013678 -0.029134
v 0.041138 0.013670 -0.028551
v 0.040314 0.013681 -0.029375
v 0.040897 0.013678 -0.029134
v 0.024660 0.012647 -0.028564
v 0.025484 0.012658 -0.029388
v 0.024902 0.012655 -0.029147
v 0.025484 0.012448 -0.012911
v 0.024660 0.012458 -0.013735
v 0.024902 0.012451 -0.013153
v 0.041138 0.012458 -0.013735
v 0.040314 0.012448 -0.012911
v 0.040897 0.012451 -0.013153
v 0.040314 0.012658 -0.029388
v 0.041138 0.012647 -0.028564
v 0.040897 0.012655 -0.029147
v 0.040314 0.013670 -0.028551
v 0.025484 0.013670 -0.028551
v 0.043610 0.013481 -0.013722
v 0.058440 0.013481 -0.013722
v 0.042786 0.013481 -0.013722
v 0.043610 0.013471 -0.012898
v 0.043027 0.013474 -0.013140
v 0.058440 0.013471 -0.012898
v 0.059264 0.013481 -0.013722
v 0.059023 0.013474 -0.013140
v 0.043610 0.013681 -0.029375
v 0.042786 0.013670 -0.028551
v 0.043027 0.013678 -0.029134
v 0.059264 0.013670 -0.028551
v 0.058440 0.013681 -0.029375
v 0.059023 0.013678 -0.029134
v 0.042786 0.012647 -0.028564
v 0.043610 0.012658 -0.029388
v 0.043027 0.012655 -0.029147
v 0.043610 0.012448 -0.012911
v 0.042786 0.012458 -0.013735
v 0.043027 0.012451 -0.013153
v 0.059264 0.012458 -0.013735
v 0.058440 0.012448 -0.012911
v 0.059023 0.012451 -0.013153
v 0.058440 0.012658 -0.029388
v 0.059264 0.012647 -0.028564
v 0.059023 0.012655 -0.029147
v 0.058440 0.013670 -0.028551
v 0.043610 0.013670 -0.028551
v 0.061736 0.013481 -0.013722
v 0.076566 0.013481 -0.013722
v 0.060912 0.013481 -0.013722
v 0.061736 0.013471 -0.012898
v 0.061153 0.013474 -0.013140
v 0.076566 0.013471 -0.012898
v 0.077390 0.013481 -0.013722
v 0.077148 0.013474 -0.013140
v 0.061736 0.013681 -0.029375
v 0.060912 0.013670 -0.028551
v 0.061153 0.013678 -0.029134
v 0.077390 0.013670 -0.028551
v 0.076566 0.013681 -0.029375
v 0.077148 0.013678 -0.029134
v 0.060912 0.012647 -0.028564
v 0.061736 0.012658 -0.029388
v 0.061153 0.012655 -0.029147
v 0.061736 0.012448 -0.012911
v 0.060912 0.012458 -0.013735
v 0.061153 0.012451 -0.013153
v 0.077390 0.012458 -0.013735
v 0.076566 0.012448 -0.012911
v 0.077148 0.012451 -0.013153
v 0.076566 0.012658 -0.029388
v 0.077390 0.012647 -0.028564
v 0.077148 0.012655 -0.029147
v 0.076566 0.013670 -0.028551
v 0.061736 0.013670 -0.028551
v 0.079861 0.013481 -0.013722
v 0.094692 0.013481 -0.013722
v 0.079038 0.013481 -0.013722
v 0.079861 0.013471 -0.012898
v 0.079279 0.013474 -0.013140
v 0.094692 0.013471 -0.012898
v 0.095516 0.013481 -0.013722
v 0.095274 0.013474 -0.013140
v 0.079861 0.013681 -0.029375
v 0.079038 0.013670 -0.028551
v 0.079279 0.013678 -0.029134
v 0.095516 0.013670 -0.028551
v 0.094692 0.013681 -0.029375
v 0.095274 0.013678 -0.029134
v 0.079038 0.012647 -0.028564
v 0.079861 0.012658 -0.029388
v 0.079279 0.012655 -0.029147
v 0.079861 0.012448 -0.012911
v 0.079038 0.012458 -0.013735
v 0.079279 0.012451 -0.013153
v 0.095516 0.012458 -0.013735
v 0.094692 0.012448 -0.012911
v 0.095274 0.012451 -0.013153
v 0.094692 0.012658 -0.029388
v 0.095516 0.012647 -0.028564
v 0.095274 0.012655 -0.029147
v 0.094692 0.013670 -0.028551
v 0.079861 0.013670 -0.028551
v 0.097987 0.013481 -0.013722
v 0.129295 0.013481 -0.013722
v 0.097163 0.013481 -0.013722
v 0.097987 0.013471 -0.012898
v 0.097405 0.013474 -0.013140
v 0.129295 0.013471 -0.012898
v 0.130119 0.013481 -0.013722
v 0.129878 0.013474 -0.013140
v 0.097987 0.013681 -0.029375
v 0.097163 0.013670 -0.028551
v 0.097405 0.013678 -0.029134
v 0.130119 0.013670 -0.028551
v 0.129295 0.013681 -0.029375
v 0.129878 0.013678 -0.029134
v 0.097163 0.012647 -0.028564
v 0.097987 0.012658 -0.029388
v 0.097405 0.012655 -0.029147
v 0.097987 0.012448 -0.012911
v 0.097163 0.012458 -0.013735
v 0.097405 0.012451 -0.013153
v 0.130119 0.012458 -0.013735
v 0.129295 0.012448 -0.012911
v 0.129878 0.012451 -0.013153
v 0.129295 0.012658 -0.029388
v 0.130119 0.012647 -0.028564
v 0.129878 0.012655 -0.029147
v 0.129295 0.013670 -0.028551
v 0.097987 0.013670 -0.028551
v -0.111283 0.013019 0.022526
v -0.096453 0.013019 0.022526
v -0.112107 0.013019 0.022526
v -0.111283 0.013008 0.023350
v -0.111866 0.013011 0.023109
v -0.096453 0.013008 0.023350
v -0.095629 0.013019 0.022526
v -0.095870 0.013011 0.023109
v -0.111283 0.013218 0.006874
v -0.112107 0.013208 0.007697
v -0.111866 0.013215 0.007115
v -0.095629 0.013208 0.007697
v -0.096453 0.013218 0.006874
v -0.095870 0.013215 0.007115
v -0.112107 0.012185 0.007684
v -0.111283 0.012195 0.006861
v -0.111866 0.012192 0.007102
v -0.111283 0.011985 0.023337
v -0.112107 0.011995 0.022513
v -0.111866 0.011988 0.023096
v -0.095629 0.011995 0.022513
v -0.096453 0.011985 0.023337
v -0.095870 0.011988 0.023096
v -0.096453 0.012195 0.006861
v -0.095629 0.012185 0.007684
v -0.095870 0.012192 0.007102
v -0.096453 0.013208 0.007697
v -0.111283 0.013208 0.007697
v -0.093157 0.013019 0.022526
v -0.078327 0.013019 0.022526
v -0.093981 0.013019 0.022526
v -0.093157 0.013008 0.023350
v -0.093740 0.013011 0.023109
v -0.078327 0.013008 0.023350
v -0.077503 0.013019 0.022526
v -0.077745 0.013011 0.023109
v -0.093157 0.013218 0.006874
v -0.093981 0.013208 0.007697
v -0.093740 0.013215 0.007115
v -0.077503 0.013208 0.007697
v -0.078327 0.013218 0.006874
v -0.077745 0.013215 0.007115
v -0.093981 0.012185 0.007684
v -0.093157 0.012195 0.006861
v -0.093740 0.012192 0.007102
v -0.093157 0.011985 0.023337
v -0.093981 0.011995 0.022513
v -0.093740 0.011988 0.023096
v -0.077503 0.011995 0.022513
v -0.078327 0.011985 0.023337
v -0.077745 0.011988 0.023096
v -0.078327 0.012195 0.006861
v -0.077503 0.012185 0.007684
v -0.077745 0.012192 0.007102
v -0.078327 0.013208 0.007697
v -0.093157 0.013208 0.007697
v -0.075032 0.013019 0.022526
v -0.060201 0.013019 0.022526
v -0.075856 0.013019 0.022526
v -0.075032 0.013008 0.023350
v -0.075614 0.013011 0.023109
v -0.060201 0.013008 0.023350
v -0.059378 0.013019 0.022526
v -0.059619 0.013011 0.023109
v -0.075032 0.013218 0.006874
v -0.075856 0.013208 0.007697
v -0.075614 0.013215 0.007115
v -0.059378 0.013208 0.007697
v -0.060201 0.013218 0.006874
v -0.059619 0.013215 0.007115
v -0.075856 0.012185 0.007684
v -0.075032 0.012195 0.006861
v -0.075614 0.012192 0.007102
v -0.075032 0.011985 0.023337
v -0.075856 0.011995 0.022513
v -0.075614 0.011988 0.023096
v -0.059378 0.011995 0.022513
v -0.060201 0.011985 0.023337
v -0.059619 0.011988 0.023096
v -0.060201 0.012195 0.006861
v -0.059378 0.012185 0.007684
v -0.059619 0.012192 0.007102
v -0.060201 0.013208 0.007697
v -0.075032 0.013208 0.007697
v -0.056906 0.013019 0.022526
v 0.030428 0.013019 0.022526
v -0.057730 0.013019 0.022526
v -0.056906 0.013008 0.023350
v -0.057488 0.013011 0.023109
v 0.030428 0.013008 0.023350
v 0.031251 0.013019 0.022526
v 0.031010 0.013011 0.023109
v -0.056906 0.013218 0.006874
v -0.057730 0.013208 0.007697
v -0.057488 0.013215 0.007115
v 0.031251 0.013208 0.007697
v 0.030428 0.013218 0.006874
v 0.031010 0.013215 0.007115
v -0.057730 0.012185 0.007684
v -0.056906 0.012195 0.006861
v -0.057488 0.012192 0.007102
v -0.056906 0.011985 0.023337
v -0.057730 0.011995 0.022513
v -0.057488 0.011988 0.023096
v 0.031251 0.011995 0.022513
v 0.030428 0.011985 0.023337
v 0.031010 0.011988 0.023096
v 0.030428 0.012195 0.006861
v 0.031251 0.012185 0.007684
v 0.031010 0.012192 0.007102
v 0.030428 0.013208 0.007697
v -0.056906 0.013208 0.007697
v 0.033723 0.013019 0.022526
v 0.048553 0.013019 0.022526
v 0.032899 0.013019 0.022526
v 0.033723 0.013008 0.023350
v 0.033141 0.013011 0.023109
v 0.048553 0.013008 0.023350
v 0.049377 0.013019 0.022526
v 0.049136 0.013011 0.023109
v 0.033723 0.013218 0.006874
v 0.032899 0.013208 0.007697
v 0.033141 0.013215 0.007115
v 0.049377 0.013208 0.007697
v 0.048553 0.013218 0.006874
v 0.049136 0.013215 0.007115
v 0.032899 0.012185 0.007684
v 0.033723 0.012195 0.006861
v 0.033141 0.012192 0.007102
v 0.033723 0.011985 0.023337
v 0.032899 0.011995 0.022513
v 0.033141 0.011988 0.023096
v 0.049377 0.011995 0.022513
v 0.048553 0.011985 0.023337
v 0.049136 0.011988 0.023096
v 0.048553 0.012195 0.006861
v 0.049377 0.012185 0.007684
v 0.049136 0.012192 0.007102
v 0.048553 0.013208 0.007697
v 0.033723 0.013208 0.007697
v 0.051849 0.013019 0.022526
v 0.066679 0.013019 0.022526
v 0.051025 0.013019 0.022526
v 0.051849 0.013008 0.023350
v 0.051266 0.013011 0.023109
v 0.066679 0.013008 0.023350
v 0.067503 0.013019 0.022526
v 0.067262 0.013011 0.023109
v 0.051849 0.013218 0.006874
v 0.051025 0.013208 0.007697
v 0.051266 0.013215 0.007115
v 0.067503 0.013208 0.007697
v 0.066679 0.013218 0.006874
v 0.067262 0.013215 0.007115
v 0.051025 0.012185 0.007684
v 0.051849 0.012195 0.006861
v 0.051266 0.012192 0.007102
v 0.051849 0.011985 0.023337
v 0.051025 0.011995 0.022513
v 0.051266 0.011988 0.023096
v 0.067503 0.011995 0.022513
v 0.066679 0.011985 0.023337
v 0.067262 0.011988 0.023096
v 0.066679 0.012195 0.006861
v 0.067503 0.012185 0.007684
v 0.067262 0.012192 0.007102
v 0.066679 0.013208 0.007697
v 0.051849 0.013208 0.007697
v -0.129409 0.013712 -0.031847
v -0.110459 0.013712 -0.031847
v -0.130233 0.013712 -0.031847
v -0.129409 0.013702 -0.031023
v -0.129992 0.013705 -0.031264
v -0.110459 0.013702 -0.031023
v -0.109635 0.013712 -0.031847
v -0.109877 0.013705 -0.031264
v -0.129409 0.013912 -0.047499
v -0.130233 0.013902 -0.046676
v -0.129992 0.013909 -0.047258
v -0.109635 0.013902 -0.046676
v -0.110459 0.013912 -0.047499
v -0.109877 0.013909 -0.047258
v -0.130233 0.012879 -0.046689
v -0.129409 0.012889 -0.047512
v -0.129992 0.012886 -0.047271
v -0.129409 0.012679 -0.031036
v -0.130233 0.012689 -0.031860
v -0.129992 0.012682 -0.031277
v -0.109635 0.012689 -0.031860
v -0.110459 0.012679 -0.031036
v -0.109877 0.012682 -0.031277
v -0.110459 0.012889 -0.047512
v -0.109635 0.012879 -0.046689
v -0.109877 0.012886 -0.047271
v -0.110459 0.013902 -0.046676
v -0.129409 0.013902 -0.046676
v -0.129409 0.013944 -0.049971
v -0.118698 0.013944 -0.049971
v -0.130233 0.013944 -0.049971
v -0.129409 0.013933 -0.049147
v -0.129992 0.013936 -0.049388
v -0.118698 0.013933 -0.049147
v -0.117874 0.013944 -0.049971
v -0.118116 0.013936 -0.049388
v -0.129409 0.014144 -0.065624
v -0.130233 0.014133 -0.064800
v -0.129992 0.014140 -0.065382
v -0.117874 0.014133 -0.064800
v -0.118698 0.014144 -0.065624
v -0.118116 0.014140 -0.065382
v -0.130233 0.013110 -0.064813
v -0.129409 0.013120 -0.065637
v -0.129992 0.013117 -0.065395
v -0.129409 0.012910 -0.049160
v -0.130233 0.012921 -0.049984
v -0.129992 0.012913 -0.049401
v -0.117874 0.012921 -0.049984
v -0.118698 0.012910 -0.049160
v -0.118116 0.012913 -0.049401
v -0.118698 0.013120 -0.065637
v -0.117874 0.013110 -0.064813
v -0.118116 0.013117 -0.065395
v -0.118698 0.014133 -0.064800
v -0.129409 0.014133 -0.064800
v 0.110346 0.013712 -0.031847
v 0.129295 0.013712 -0.031847
v 0.109522 0.013712 -0.031847
v 0.110346 0.013702 -0.031023
v 0.109763 0.013705 -0.031264
v 0.129295 0.013702 -0.031023
v 0.130119 0.013712 -0.031847
v 0.129878 0.013705 -0.031264
v 0.110346 0.013912 -0.047499
v 0.109522 0.013902 -0.046676
v 0.109763 0.013909 -0.047258
v 0.130119 0.013902 -0.046676
v 0.129295 0.013912 -0.047499
v 0.129878 0.013909 -0.047258
v 0.109522 0.012879 -0.046689
v 0.110346 0.012889 -0.047512
v 0.109763 0.012886 -0.047271
v 0.110346 0.012679 -0.031036
v 0.109522 0.012689 -0.031860
v 0.109763 0.012682 -0.031277
v 0.130119 0.012689 -0.031860
v 0.129295 0.012679 -0.031036
v 0.129878 0.012682 -0.031277
v 0.129295 0.012889 -0.047512
v 0.130119 0.012879 -0.046689
v 0.129878 0.012886 -0.047271
v 0.129295 0.013902 -0.046676
v 0.110346 0.013902 -0.046676
v 0.069151 0.012961 0.022526
v 0.069975 0.012950 0.023349
v 0.069392 0.012953 0.023108
v 0.069975 0.013160 0.006873
v 0.069151 0.013150 0.007697
v 0.069392 0.013157 0.007114
v 0.087826 0.012950 0.023349
v 0.088650 0.012961 0.022526
v 0.088408 0.012953 0.023108
v 0.088650 0.011995 0.022513
v 0.087826 0.011985 0.023337
v 0.088408 0.011988 0.023096
v 0.087826 0.012195 0.006861
v 0.088650 0.012185 0.007684
v 0.088408 0.012192 0.007102
v 0.069975 0.011985 0.023337
v 0.069151 0.011995 0.022513
v 0.069392 0.011988 0.023096
v 0.088650 0.013150 0.007697
v 0.087826 0.013160 0.006873
v 0.088408 0.013157 0.007114
v 0.069151 0.012185 0.007684
v 0.069975 0.012195 0.006861
v 0.069392 0.012192 0.007102
v 0.110620 0.012961 0.022526
v 0.111444 0.012950 0.023349
v 0.110862 0.012953 0.023108
v 0.111444 0.013160 0.006873
v 0.110620 0.013150 0.007697
v 0.110862 0.013157 0.007114
v 0.129295 0.012950 0.023349
v 0.130119 0.012961 0.022526
v 0.129878 0.012953 0.023108
v 0.130119 0.011995 0.022513
v 0.129295 0.011985 0.023337
v 0.129878 0.011988 0.023096
v 0.129295 0.012195 0.006861
v 0.130119 0.012185 0.007684
v 0.129878 0.012192 0.007102
v 0.111444 0.011985 0.023337
v 0.110620 0.011995 0.022513
v 0.110862 0.011988 0.023096
v 0.130119 0.013150 0.007697
v 0.129295 0.013160 0.006873
v 0.129878 0.013157 0.007114
v 0.110620 0.012185 0.007684
v 0.111444 0.012195 0.006861
v 0.110862 0.012192 0.007102
v 0.089886 0.012961 0.022526
v 0.090709 0.012950 0.023349
v 0.090127 0.012953 0.023108
v 0.090709 0.013160 0.006873
v 0.089886 0.013150 0.007697
v 0.090127 0.013157 0.007114
v 0.108561 0.012950 0.023349
v 0.109385 0.012961 0.022526
v 0.109143 0.012953 0.023108
v 0.109385 0.011995 0.022513
v 0.108561 0.011985 0.023337
v 0.109143 0.011988 0.023096
v 0.108561 0.012195 0.006861
v 0.109385 0.012185 0.007684
v 0.109143 0.012192 0.007102
v 0.090709 0.011985 0.023337
v 0.089886 0.011995 0.022513
v 0.090127 0.011988 0.023096
v 0.109385 0.013150 0.007697
v 0.108561 0.013160 0.006873
v 0.109143 0.013157 0.007114
v 0.089886 0.012185 0.007684
v 0.090709 0.012195 0.006861
v 0.090127 0.012192 0.007102
v -0.129409 0.014117 -0.068096
v -0.129409 0.014222 -0.076334
v -0.114524 0.014117 -0.068096
v -0.114524 0.014222 -0.076334
v -0.111228 0.014117 -0.068096
v -0.111228 0.014222 -0.076334
v -0.097167 0.014117 -0.068096
v -0.097167 0.014222 -0.076334
v -0.093872 0.014117 -0.068096
v -0.093872 0.014222 -0.076334
v -0.079810 0.014117 -0.068096
v -0.079810 0.014222 -0.076334
v -0.076515 0.014117 -0.068096
v -0.076515 0.014222 -0.076334
v -0.062453 0.014117 -0.068096
v -0.062453 0.014222 -0.076334
v -0.059158 0.014117 -0.068096
v -0.059158 0.014222 -0.076334
v -0.045097 0.014117 -0.068096
v -0.045097 0.014222 -0.076334
v -0.041801 0.014117 -0.068096
v -0.041801 0.014222 -0.076334
v -0.027740 0.014117 -0.068096
v -0.027740 0.014222 -0.076334
v -0.024444 0.014117 -0.068096
v -0.024444 0.014222 -0.076334
v -0.010383 0.014117 -0.068096
v -0.010383 0.014222 -0.076334
v -0.007087 0.014117 -0.068096
v -0.007087 0.014222 -0.076334
v 0.006974 0.014117 -0.068096
v 0.006974 0.014222 -0.076334
v 0.010269 0.014117 -0.068096
v 0.010269 0.014222 -0.076334
v 0.024331 0.014117 -0.068096
v 0.024331 0.014222 -0.076334
v 0.059044 0.014117 -0.068096
v 0.059044 0.014222 -0.076334
v 0.062340 0.014117 -0.068096
v 0.062340 0.014222 -0.076334
v 0.076401 0.014117 -0.068096
v 0.076401 0.014222 -0.076334
v 0.079697 0.014117 -0.068096
v 0.079697 0.014222 -0.076334
v 0.093758 0.014117 -0.068096
v 0.093758 0.014222 -0.076334
v 0.097053 0.014117 -0.068096
v 0.097053 0.014222 -0.076334
v 0.111115 0.014117 -0.068096
v 0.111115 0.014222 -0.076334
v 0.114410 0.014117 -0.068096
v 0.114410 0.014222 -0.076334
v 0.129295 0.014117 -0.068096
v 0.129295 0.014222 -0.076334
v -0.130233 0.014117 -0.068096
v -0.129409 0.014107 -0.067272
v -0.129992 0.014110 -0.067513
v 0.129295 0.014107 -0.067272
v 0.130119 0.014117 -0.068096
v 0.129878 0.014110 -0.067513
v -0.129409 0.014233 -0.077158
v -0.130233 0.014222 -0.076334
v -0.129992 0.014230 -0.076917
v 0.130119 0.014222 -0.076334
v 0.129295 0.014233 -0.077158
v 0.129878 0.014230 -0.076917
v -0.112052 0.014117 -0.068096
v -0.111228 0.014107 -0.067272
v -0.111811 0.014110 -0.067513
v -0.114524 0.014107 -0.067272
v -0.113700 0.014117 -0.068096
v -0.113941 0.014110 -0.067513
v -0.094695 0.014117 -0.068096
v -0.093872 0.014107 -0.067272
v -0.094454 0.014110 -0.067513
v -0.097167 0.014107 -0.067272
v -0.096343 0.014117 -0.068096
v -0.096585 0.014110 -0.067513
v -0.077339 0.014117 -0.068096
v -0.076515 0.014107 -0.067272
v -0.077097 0.014110 -0.067513
v -0.079810 0.014107 -0.067272
v -0.078986 0.014117 -0.068096
v -0.079228 0.014110 -0.067513
v -0.059982 0.014117 -0.068096
v -0.059158 0.014107 -0.067272
v -0.059740 0.014110 -0.067513
v -0.062453 0.014107 -0.067272
v -0.061630 0.014117 -0.068096
v -0.061871 0.014110 -0.067513
v -0.042625 0.014117 -0.068096
v -0.041801 0.014107 -0.067272
v -0.042384 0.014110 -0.067513
v -0.045097 0.014107 -0.067272
v -0.044273 0.014117 -0.068096
v -0.044514 0.014110 -0.067513
v -0.025268 0.014117 -0.068096
v -0.024444 0.014107 -0.067272
v -0.025027 0.014110 -0.067513
v -0.027740 0.014107 -0.067272
v -0.026916 0.014117 -0.068096
v -0.027157 0.014110 -0.067513
v -0.007911 0.014117 -0.068096
v -0.007087 0.014107 -0.067272
v -0.007670 0.014110 -0.067513
v -0.010383 0.014107 -0.067272
v -0.009559 0.014117 -0.068096
v -0.009800 0.014110 -0.067513
v 0.009446 0.014117 -0.068096
v 0.010269 0.014107 -0.067272
v 0.009687 0.014110 -0.067513
v 0.006974 0.014107 -0.067272
v 0.007798 0.014117 -0.068096
v 0.007556 0.014110 -0.067513
v 0.026802 0.014117 -0.068096
v 0.027626 0.014107 -0.067272
v 0.027044 0.014110 -0.067513
v 0.024331 0.014107 -0.067272
v 0.025155 0.014117 -0.068096
v 0.024913 0.014110 -0.067513
v 0.044159 0.014117 -0.068096
v 0.044983 0.014107 -0.067272
v 0.044400 0.014110 -0.067513
v 0.041687 0.014107 -0.067272
v 0.042511 0.014117 -0.068096
v 0.042270 0.014110 -0.067513
v 0.061516 0.014117 -0.068096
v 0.062340 0.014107 -0.067272
v 0.061757 0.014110 -0.067513
v 0.059044 0.014107 -0.067272
v 0.059868 0.014117 -0.068096
v 0.059627 0.014110 -0.067513
v 0.078873 0.014117 -0.068096
v 0.079697 0.014107 -0.067272
v 0.079114 0.014110 -0.067513
v 0.076401 0.014107 -0.067272
v 0.077225 0.014117 -0.068096
v 0.076984 0.014110 -0.067513
v 0.096230 0.014117 -0.068096
v 0.097053 0.014107 -0.067272
v 0.096471 0.014110 -0.067513
v 0.093758 0.014107 -0.067272
v 0.094582 0.014117 -0.068096
v 0.094340 0.014110 -0.067513
v 0.113586 0.014117 -0.068096
v 0.114410 0.014107 -0.067272
v 0.113828 0.014110 -0.067513
v 0.111115 0.014107 -0.067272
v 0.111939 0.014117 -0.068096
v 0.111697 0.014110 -0.067513
v 0.111939 0.014222 -0.076334
v 0.111115 0.014233 -0.077158
v 0.111697 0.014230 -0.076917
v 0.114410 0.014233 -0.077158
v 0.113586 0.014222 -0.076334
v 0.113828 0.014230 -0.076917
v 0.094582 0.014222 -0.076334
v 0.093758 0.014233 -0.077158
v 0.094340 0.014230 -0.076917
v 0.097053 0.014233 -0.077158
v 0.096230 0.014222 -0.076334
v 0.096471 0.014230 -0.076917
v 0.077225 0.014222 -0.076334
v 0.076401 0.014233 -0.077158
v 0.076984 0.014230 -0.076917
v 0.079697 0.014233 -0.077158
v 0.078873 0.014222 -0.076334
v 0.079114 0.014230 -0.076917
v 0.059868 0.014222 -0.076334
v 0.059044 0.014233 -0.077158
v 0.059627 0.014230 -0.076917
v 0.062340 0.014233 -0.077158
v 0.061516 0.014222 -0.076334
v 0.061757 0.014230 -0.076917
v 0.042511 0.014222 -0.076334
v 0.041687 0.014233 -0.077158
v 0.042270 0.014230 -0.076917
v 0.044983 0.014233 -0.077158
v 0.044159 0.014222 -0.076334
v 0.044400 0.014230 -0.076917
v 0.025155 0.014222 -0.076334
v 0.024331 0.014233 -0.077158
v 0.024913 0.014230 -0.076917
v 0.027626 0.014233 -0.077158
v 0.026802 0.014222 -0.076334
v 0.027044 0.014230 -0.076917
v 0.007798 0.014222 -0.076334
v 0.006974 0.014233 -0.077158
v 0.007556 0.014230 -0.076917
v 0.010269 0.014233 -0.077158
v 0.009446 0.014222 -0.076334
v 0.009687 0.014230 -0.076917
v -0.009559 0.014222 -0.076334
v -0.010383 0.014233 -0.077158
v -0.009800 0.014230 -0.076917
v -0.007087 0.014233 -0.077158
v -0.007911 0.014222 -0.076334
v -0.007670 0.014230 -0.076917
v -0.026916 0.014222 -0.076334
v -0.027740 0.014233 -0.077158
v -0.027157 0.014230 -0.076917
v -0.024444 0.014233 -0.077158
v -0.025268 0.014222 -0.076334
v -0.025027 0.014230 -0.076917
v -0.044273 0.014222 -0.076334
v -0.045097 0.014233 -0.077158
v -0.044514 0.014230 -0.076917
v -0.041801 0.014233 -0.077158
v -0.042625 0.014222 -0.076334
v -0.042384 0.014230 -0.076917
v -0.061630 0.014222 -0.076334
v -0.062453 0.014233 -0.077158
v -0.061871 0.014230 -0.076917
v -0.059158 0.014233 -0.077158
v -0.059982 0.014222 -0.076334
v -0.059740 0.014230 -0.076917
v -0.078986 0.014222 -0.076334
v -0.079810 0.014233 -0.077158
v -0.079228 0.014230 -0.076917
v -0.076515 0.014233 -0.077158
v -0.077339 0.014222 -0.076334
v -0.077097 0.014230 -0.076917
v -0.096343 0.014222 -0.076334
v -0.097167 0.014233 -0.077158
v -0.096585 0.014230 -0.076917
v -0.093872 0.014233 -0.077158
v -0.094695 0.014222 -0.076334
v -0.094454 0.014230 -0.076917
v -0.113700 0.014222 -0.076334
v -0.114524 0.014233 -0.077158
v -0.113941 0.014230 -0.076917
v -0.111228 0.014233 -0.077158
v -0.112052 0.014222 -0.076334
v -0.111811 0.014230 -0.076917
v -0.130233 0.013257 -0.076347
v -0.129409 0.013268 -0.077170
v -0.129992 0.013265 -0.076929
v -0.129409 0.013142 -0.067284
v -0.130233 0.013152 -0.068108
v -0.129992 0.013145 -0.067526
v 0.130119 0.013152 -0.068108
v 0.129295 0.013142 -0.067284
v 0.129878 0.013145 -0.067526
v 0.129295 0.013268 -0.077170
v 0.130119 0.013257 -0.076347
v 0.129878 0.013265 -0.076929
v -0.111228 0.013142 -0.067284
v -0.112052 0.013152 -0.068108
v -0.111811 0.013145 -0.067526
v -0.112052 0.013257 -0.076347
v -0.111228 0.013268 -0.077170
v -0.111811 0.013265 -0.076929
v -0.114524 0.013268 -0.077170
v -0.113700 0.013257 -0.076347
v -0.113941 0.013265 -0.076929
v -0.113700 0.013152 -0.068108
v -0.114524 0.013142 -0.067284
v -0.113941 0.013145 -0.067526
v -0.093872 0.013142 -0.067284
v -0.094695 0.013152 -0.068108
v -0.094454 0.013145 -0.067526
v -0.094695 0.013257 -0.076347
v -0.093872 0.013268 -0.077170
v -0.094454 0.013265 -0.076929
v -0.097167 0.013268 -0.077170
v -0.096343 0.013257 -0.076347
v -0.096585 0.013265 -0.076929
v -0.096343 0.013152 -0.068108
v -0.097167 0.013142 -0.067284
v -0.096585 0.013145 -0.067526
v -0.076515 0.013142 -0.067284
v -0.077339 0.013152 -0.068108
v -0.077097 0.013145 -0.067526
v -0.077339 0.013257 -0.076347
v -0.076515 0.013268 -0.077170
v -0.077097 0.013265 -0.076929
v -0.079810 0.013268 -0.077170
v -0.078986 0.013257 -0.076347
v -0.079228 0.013265 -0.076929
v -0.078986 0.013152 -0.068108
v -0.079810 0.013142 -0.067284
v -0.079228 0.013145 -0.067526
v -0.059158 0.013142 -0.067284
v -0.059982 0.013152 -0.068108
v -0.059740 0.013145 -0.067526
v -0.059982 0.013257 -0.076347
v -0.059158 0.013268 -0.077170
v -0.059740 0.013265 -0.076929
v -0.062453 0.013268 -0.077170
v -0.061630 0.013257 -0.076347
v -0.061871 0.013265 -0.076929
v -0.061630 0.013152 -0.068108
v -0.062453 0.013142 -0.067284
v -0.061871 0.013145 -0.067526
v -0.041801 0.013142 -0.067284
v -0.042625 0.013152 -0.068108
v -0.042384 0.013145 -0.067526
v -0.042625 0.013257 -0.076347
v -0.041801 0.013268 -0.077170
v -0.042384 0.013265 -0.076929
v -0.045097 0.013268 -0.077170
v -0.044273 0.013257 -0.076347
v -0.044514 0.013265 -0.076929
v -0.044273 0.013152 -0.068108
v -0.045097 0.013142 -0.067284
v -0.044514 0.013145 -0.067526
v -0.024444 0.013142 -0.067284
v -0.025268 0.013152 -0.068108
v -0.025027 0.013145 -0.067526
v -0.025268 0.013257 -0.076347
v -0.024444 0.013268 -0.077170
v -0.025027 0.013265 -0.076929
v -0.027740 0.013268 -0.077170
v -0.026916 0.013257 -0.076347
v -0.027157 0.013265 -0.076929
v -0.026916 0.013152 -0.068108
v -0.027740 0.013142 -0.067284
v -0.027157 0.013145 -0.067526
v -0.007087 0.013142 -0.067284
v -0.007911 0.013152 -0.068108
v -0.007670 0.013145 -0.067526
v -0.007911 0.013257 -0.076347
v -0.007087 0.013268 -0.077170
v -0.007670 0.013265 -0.076929
v -0.010383 0.013268 -0.077170
v -0.009559 0.013257 -0.076347
v -0.009800 0.013265 -0.076929
v -0.009559 0.013152 -0.068108
v -0.010383 0.013142 -0.067284
v -0.009800 0.013145 -0.067526
v 0.010269 0.013142 -0.067284
v 0.009446 0.013152 -0.068108
v 0.009687 0.013145 -0.067526
v 0.009446 0.013257 -0.076347
v 0.010269 0.013268 -0.077170
v 0.009687 0.013265 -0.076929
v 0.006974 0.013268 -0.077170
v 0.007798 0.013257 -0.076347
v 0.007556 0.013265 -0.076929
v 0.007798 0.013152 -0.068108
v 0.006974 0.013142 -0.067284
v 0.007556 0.013145 -0.067526
v 0.027626 0.013142 -0.067284
v 0.026802 0.013152 -0.068108
v 0.027044 0.013145 -0.067526
v 0.026802 0.013257 -0.076347
v 0.027626 0.013268 -0.077170
v 0.027044 0.013265 -0.076929
v 0.024331 0.013268 -0.077170
v 0.025155 0.013257 -0.076347
v 0.024913 0.013265 -0.076929
v 0.025155 0.013152 -0.068108
v 0.024331 0.013142 -0.067284
v 0.024913 0.013145 -0.067526
v 0.044983 0.013142 -0.067284
v 0.044159 0.013152 -0.068108
v 0.044400 0.013145 -0.067526
v 0.044159 0.013257 -0.076347
v 0.044983 0.013268 -0.077170
v 0.044400 0.013265 -0.076929
v 0.041687 0.013268 -0.077170
v 0.042511 0.013257 -0.076347
v 0.042270 0.013265 -0.076929
v 0.042511 0.013152 -0.068108
v 0.041687 0.013142 -0.067284
v 0.042270 0.013145 -0.067526
v 0.062340 0.013142 -0.067284
v 0.061516 0.013152 -0.068108
v 0.061757 0.013145 -0.067526
v 0.061516 0.013257 -0.076347
v 0.062340 0.013268 -0.077170
v 0.061757 0.013265 -0.076929
v 0.059044 0.013268 -0.077170
v 0.059868 0.013257 -0.076347
v 0.059627 0.013265 -0.076929
v 0.059868 0.013152 -0.068108
v 0.059044 0.013142 -0.067284
v 0.059627 0.013145 -0.067526
v 0.079697 0.013142 -0.067284
v 0.078873 0.013152 -0.068108
v 0.079114 0.013145 -0.067526
v 0.078873 0.013257 -0.076347
v 0.079697 0.013268 -0.077170
v 0.079114 0.013265 -0.076929
v 0.076401 0.013268 -0.077170
v 0.077225 0.013257 -0.076347
v 0.076984 0.013265 -0.076929
v 0.077225 0.013152 -0.068108
v 0.076401 0.013142 -0.067284
v 0.076984 0.013145 -0.067526
v 0.097053 0.013142 -0.067284
v 0.096230 0.013152 -0.068108
v 0.096471 0.013145 -0.067526
v 0.096230 0.013257 -0.076347
v 0.097053 0.013268 -0.077170
v 0.096471 0.013265 -0.076929
v 0.093758 0.013268 -0.077170
v 0.094582 0.013257 -0.076347
v 0.094340 0.013265 -0.076929
v 0.094582 0.013152 -0.068108
v 0.093758 0.013142 -0.067284
v 0.094340 0.013145 -0.067526
v 0.114410 0.013142 -0.067284
v 0.113586 0.013152 -0.068108
v 0.113828 0.013145 -0.067526
v 0.113586 0.013257 -0.076347
v 0.114410 0.013268 -0.077170
v 0.113828 0.013265 -0.076929
v 0.111115 0.013268 -0.077170
v 0.111939 0.013257 -0.076347
v 0.111697 0.013265 -0.076929
v 0.111939 0.013152 -0.068108
v 0.111115 0.013142 -0.067284
v 0.111697 0.013145 -0.067526
v 0.129295 0.013150 0.007697
v 0.129295 0.012961 0.022526
v 0.111444 0.013150 0.007697
v 0.111444 0.012961 0.022526
v 0.090709 0.013150 0.007697
v 0.108561 0.013150 0.007697
v 0.108561 0.012961 0.022526
v 0.090709 0.012961 0.022526
v 0.069975 0.013150 0.007697
v 0.087826 0.013150 0.007697
v 0.087826 0.012961 0.022526
v 0.069975 0.012961 0.022526
v 0.089886 0.013046 0.015810
v 0.089886 0.013064 0.014413
v 0.089886 0.012240 0.015101
v 0.109385 0.013046 0.015810
v 0.109385 0.013064 0.014413
v 0.109385 0.012240 0.015101
v 0.089886 0.012081 0.015797
v 0.089886 0.012099 0.014400
v 0.089886 0.012090 0.015099
v 0.109385 0.012099 0.014400
v 0.109385 0.012081 0.015797
v 0.109385 0.012090 0.015099
v 0.108561 0.013064 0.014413
v 0.108561 0.013046 0.015810
v 0.108561 0.012240 0.015101
v 0.090709 0.013064 0.014413
v 0.090709 0.013046 0.015810
v 0.090709 0.012240 0.015101
v 0.115757 0.000470 -0.078240
v 0.116312 0.000000 -0.078364
v 0.116255 0.000432 -0.077686
v 0.115953 0.000138 -0.078302
v 0.116007 0.000179 -0.078016
v 0.116284 0.000126 -0.077968
v 0.115914 0.000394 -0.077871
v 0.114850 0.003135 -0.076197
v 0.115344 0.003135 -0.075615
v 0.114995 0.003135 -0.075786
v 0.115757 0.000470 -0.083342
v 0.116254 0.000439 -0.083890
v 0.116312 0.000000 -0.083229
v 0.115913 0.000401 -0.083710
v 0.116007 0.000181 -0.083570
v 0.116283 0.000129 -0.083620
v 0.115952 0.000138 -0.083285
v 0.115344 0.003135 -0.085830
v 0.114850 0.003135 -0.085259
v 0.114995 0.003135 -0.085662
v 0.119484 0.000470 -0.078240
v 0.118986 0.000432 -0.077686
v 0.118928 0.000000 -0.078364
v 0.119327 0.000394 -0.077871
v 0.119233 0.000179 -0.078016
v 0.118957 0.000126 -0.077968
v 0.119288 0.000138 -0.078302
v 0.119897 0.003135 -0.075615
v 0.120391 0.003135 -0.076197
v 0.120246 0.003135 -0.075786
v 0.118987 0.000439 -0.083890
v 0.119484 0.000470 -0.083342
v 0.118928 0.000000 -0.083229
v 0.119328 0.000401 -0.083710
v 0.119234 0.000181 -0.083570
v 0.119288 0.000138 -0.083285
v 0.118958 0.000129 -0.083620
v 0.120391 0.003135 -0.085259
v 0.119897 0.003135 -0.085830
v 0.120246 0.003135 -0.085662
v 0.115766 0.002380 -0.076489
v 0.115273 0.002380 -0.077067
v 0.115418 0.002380 -0.076658
v 0.115694 0.000849 -0.078065
v 0.116185 0.000849 -0.077491
v 0.115838 0.000849 -0.077659
v 0.116186 0.000849 -0.084061
v 0.115694 0.000849 -0.083499
v 0.115838 0.000849 -0.083897
v 0.115273 0.002381 -0.084425
v 0.115766 0.002381 -0.084992
v 0.115418 0.002381 -0.084826
v 0.119547 0.000849 -0.083499
v 0.119055 0.000849 -0.084061
v 0.119403 0.000849 -0.083897
v 0.119474 0.002381 -0.084992
v 0.119968 0.002381 -0.084425
v 0.119823 0.002381 -0.084826
v 0.119056 0.000849 -0.077491
v 0.119547 0.000849 -0.078065
v 0.119403 0.000849 -0.077659
v 0.119968 0.002380 -0.077067
v 0.119475 0.002380 -0.076489
v 0.119823 0.002380 -0.076658
v 0.115714 0.000461 0.079319
v 0.116312 0.000000 0.079081
v 0.116223 0.000376 0.079850
v 0.115940 0.000135 0.079200
v 0.115993 0.000162 0.079471
v 0.116268 0.000110 0.079503
v 0.115887 0.000345 0.079651
v 0.114850 0.001449 0.081075
v 0.115359 0.001449 0.082179
v 0.114999 0.001449 0.081856
v 0.115714 0.000461 0.073094
v 0.116221 0.000388 0.072568
v 0.116312 0.000000 0.073320
v 0.115876 0.000390 0.072736
v 0.115992 0.000165 0.072935
v 0.116267 0.000114 0.072902
v 0.115940 0.000135 0.073207
v 0.115363 0.001449 0.070392
v 0.114850 0.001449 0.071446
v 0.115000 0.001449 0.070701
v 0.119527 0.000461 0.079319
v 0.119018 0.000376 0.079850
v 0.118928 0.000000 0.079081
v 0.119354 0.000345 0.079651
v 0.119248 0.000162 0.079471
v 0.118973 0.000110 0.079503
v 0.119301 0.000135 0.079200
v 0.119882 0.001449 0.082179
v 0.120391 0.001449 0.081075
v 0.120242 0.001449 0.081856
v 0.119020 0.000388 0.072568
v 0.118928 0.000000 0.073320
v 0.119365 0.000390 0.072736
v 0.119249 0.000165 0.072935
v 0.119301 0.000135 0.073207
v 0.118974 0.000114 0.072902
v 0.120391 0.001449 0.071446
v 0.119878 0.001449 0.070392
v 0.120241 0.001449 0.070701
v 0.115923 0.001049 0.080733
v 0.115204 0.001198 0.080166
v 0.116051 0.000848 0.080323
v 0.115698 0.000842 0.080125
v 0.115544 0.001062 0.080459
v 0.115514 0.000867 0.079743
v 0.115916 0.001056 0.071731
v 0.115204 0.001198 0.072302
v 0.116049 0.000847 0.072135
v 0.115697 0.000841 0.072327
v 0.115514 0.000867 0.072698
v 0.115540 0.001065 0.072007
v 0.119527 0.000461 0.073094
v 0.119325 0.001056 0.071731
v 0.120037 0.001198 0.072302
v 0.119543 0.000841 0.072327
v 0.119192 0.000847 0.072135
v 0.119701 0.001065 0.072007
v 0.119727 0.000867 0.072698
v 0.120037 0.001198 0.080166
v 0.119318 0.001049 0.080733
v 0.119543 0.000842 0.080125
v 0.119727 0.000867 0.079743
v 0.119697 0.001062 0.080459
v 0.119190 0.000848 0.080323
v -0.115757 0.000470 -0.078240
v -0.116313 0.000000 -0.078364
v -0.116255 0.000432 -0.077686
v -0.115953 0.000138 -0.078302
v -0.116007 0.000179 -0.078016
v -0.116284 0.000126 -0.077968
v -0.115914 0.000394 -0.077871
v -0.114850 0.003135 -0.076197
v -0.115344 0.003135 -0.075615
v -0.114995 0.003135 -0.075786
v -0.115757 0.000470 -0.083342
v -0.116254 0.000439 -0.083890
v -0.116313 0.000000 -0.083229
v -0.115913 0.000401 -0.083710
v -0.116007 0.000181 -0.083570
v -0.116283 0.000129 -0.083620
v -0.115953 0.000138 -0.083285
v -0.115344 0.003135 -0.085830
v -0.114850 0.003135 -0.085259
v -0.114995 0.003135 -0.085662
v -0.119484 0.000470 -0.078240
v -0.118986 0.000432 -0.077686
v -0.118928 0.000000 -0.078364
v -0.119327 0.000394 -0.077871
v -0.119233 0.000179 -0.078016
v -0.118957 0.000126 -0.077968
v -0.119288 0.000138 -0.078302
v -0.119897 0.003135 -0.075615
v -0.120391 0.003135 -0.076197
v -0.120246 0.003135 -0.075786
v -0.118987 0.000439 -0.083890
v -0.119484 0.000470 -0.083342
v -0.118928 0.000000 -0.083229
v -0.119328 0.000401 -0.083710
v -0.119234 0.000181 -0.083570
v -0.119288 0.000138 -0.083285
v -0.118958 0.000129 -0.083620
v -0.120391 0.003135 -0.085259
v -0.119897 0.003135 -0.085830
v -0.120246 0.003135 -0.085662
v -0.115766 0.002380 -0.076489
v -0.115273 0.002380 -0.077067
v -0.115418 0.002380 -0.076658
v -0.115694 0.000849 -0.078065
v -0.116185 0.000849 -0.077491
v -0.115838 0.000849 -0.077659
v -0.116186 0.000849 -0.084061
v -0.115694 0.000849 -0.083499
v -0.115838 0.000849 -0.083897
v -0.115273 0.002381 -0.084425
v -0.115767 0.002381 -0.084992
v -0.115418 0.002381 -0.084826
v -0.119547 0.000849 -0.083499
v -0.119055 0.000849 -0.084061
v -0.119403 0.000849 -0.083897
v -0.119474 0.002381 -0.084992
v -0.119968 0.002381 -0.084425
v -0.119823 0.002381 -0.084826
v -0.119056 0.000849 -0.077491
v -0.119547 0.000849 -0.078065
v -0.119403 0.000849 -0.077659
v -0.119968 0.002380 -0.077067
v -0.119475 0.002380 -0.076489
v -0.119823 0.002380 -0.076658
v -0.115714 0.000461 0.079319
v -0.116313 0.000000 0.079081
v -0.116223 0.000376 0.079850
v -0.115940 0.000135 0.079200
v -0.115993 0.000162 0.079471
v -0.116268 0.000110 0.079503
v -0.115887 0.000345 0.079651
v -0.114850 0.001449 0.081075
v -0.115359 0.001449 0.082179
v -0.114999 0.001449 0.081856
v -0.115714 0.000461 0.073094
v -0.116221 0.000388 0.072568
v -0.116313 0.000000 0.073320
v -0.115876 0.000390 0.072736
v -0.115992 0.000165 0.072935
v -0.116267 0.000114 0.072902
v -0.115940 0.000135 0.073207
v -0.115363 0.001449 0.070392
v -0.114850 0.001449 0.071446
v -0.115000 0.001449 0.070701
v -0.119018 0.000376 0.079850
v -0.118928 0.000000 0.079081
v -0.119354 0.000345 0.079651
v -0.119248 0.000162 0.079471
v -0.118973 0.000110 0.079503
v -0.119301 0.000135 0.079200
v -0.119882 0.001449 0.082179
v -0.120391 0.001449 0.081075
v -0.120242 0.001449 0.081856
v -0.119020 0.000388 0.072568
v -0.118928 0.000000 0.073320
v -0.119365 0.000390 0.072736
v -0.119249 0.000165 0.072935
v -0.119301 0.000135 0.073207
v -0.118974 0.000114 0.072902
v -0.120391 0.001449 0.071446
v -0.119878 0.001449 0.070392
v -0.120241 0.001449 0.070701
v -0.115923 0.001049 0.080733
v -0.115204 0.001198 0.080166
v -0.116051 0.000848 0.080323
v -0.115698 0.000842 0.080125
v -0.115544 0.001062 0.080459
v -0.115514 0.000867 0.079743
v -0.115916 0.001056 0.071731
v -0.115204 0.001198 0.072302
v -0.116049 0.000847 0.072135
v -0.115698 0.000841 0.072327
v -0.115514 0.000867 0.072698
v -0.115540 0.001065 0.072007
v -0.119527 0.000461 0.073094
v -0.119325 0.001056 0.071731
v -0.120037 0.001198 0.072302
v -0.119543 0.000841 0.072327
v -0.119192 0.000847 0.072135
v -0.119701 0.001065 0.072007
v -0.119727 0.000867 0.072698
v -0.119527 0.000461 0.079319
v -0.120037 0.001198 0.080166
v -0.119318 0.001049 0.080733
v -0.119543 0.000842 0.080125
v -0.119727 0.000867 0.079743
v -0.119697 0.001062 0.080459
v -0.119190 0.000848 0.080323
v 0.153800 0.010496 -0.090791
v 0.150650 0.010623 -0.090790
v 0.153800 0.010499 -0.091041
v 0.150650 0.010627 -0.091040
v 0.153700 0.010623 -0.090790
v 0.153700 0.010627 -0.091040
v 0.153800 0.010490 -0.090292
v 0.150650 0.010617 -0.090290
v 0.153800 0.010493 -0.090542
v 0.150650 0.010620 -0.090540
v 0.150650 0.010611 -0.089790
v 0.153700 0.010617 -0.090290
v 0.153700 0.010620 -0.090540
v 0.153800 0.010483 -0.089792
v 0.153800 0.010487 -0.090042
v 0.150650 0.010614 -0.090040
v 0.153700 0.010611 -0.089790
v 0.153700 0.010614 -0.090040
v 0.150650 0.010604 -0.089291
v 0.153800 0.010477 -0.089293
v 0.153800 0.010480 -0.089543
v 0.150650 0.010608 -0.089541
v 0.153700 0.010604 -0.089291
v 0.153700 0.010608 -0.089541
v 0.150650 0.010598 -0.088791
v 0.153800 0.010471 -0.088793
v 0.153800 0.010474 -0.089043
v 0.150650 0.010601 -0.089041
v 0.153700 0.010598 -0.088791
v 0.153700 0.010601 -0.089041
v 0.150650 0.010592 -0.088292
v 0.153800 0.010464 -0.088293
v 0.153800 0.010467 -0.088543
v 0.150650 0.010595 -0.088542
v 0.153700 0.010592 -0.088292
v 0.153700 0.010595 -0.088542
v 0.150650 0.010585 -0.087792
v 0.153800 0.010458 -0.087793
v 0.153800 0.010461 -0.088043
v 0.150650 0.010588 -0.088042
v 0.153700 0.010585 -0.087792
v 0.153700 0.010588 -0.088042
v 0.150650 0.010579 -0.087290
v 0.153800 0.010451 -0.087292
v 0.153800 0.010455 -0.087542
v 0.150650 0.010582 -0.087540
v 0.153700 0.010579 -0.087290
v 0.153700 0.010582 -0.087540
v 0.150650 0.010572 -0.086791
v 0.153800 0.010445 -0.086792
v 0.153800 0.010448 -0.087042
v 0.150650 0.010576 -0.087041
v 0.153700 0.010572 -0.086791
v 0.153700 0.010576 -0.087041
v 0.150650 0.010566 -0.086291
v 0.153800 0.010439 -0.086293
v 0.153800 0.010442 -0.086543
v 0.150650 0.010569 -0.086541
v 0.153700 0.010566 -0.086291
v 0.153700 0.010569 -0.086541
v 0.150650 0.010560 -0.085791
v 0.153800 0.010432 -0.085793
v 0.153800 0.010436 -0.086043
v 0.150650 0.010563 -0.086041
v 0.153700 0.010560 -0.085791
v 0.153700 0.010563 -0.086041
v 0.150650 0.010553 -0.085292
v 0.153800 0.010426 -0.085293
v 0.153800 0.010429 -0.085543
v 0.150650 0.010556 -0.085542
v 0.153700 0.010553 -0.085292
v 0.153700 0.010556 -0.085542
v 0.150650 0.009660 -0.085553
v 0.153800 0.009785 -0.085301
v 0.150650 0.009657 -0.085303
v 0.153800 0.009788 -0.085551
v 0.153700 0.009660 -0.085553
v 0.153700 0.009657 -0.085303
v 0.153800 0.009794 -0.086051
v 0.150650 0.009667 -0.086053
v 0.153800 0.009791 -0.085801
v 0.150650 0.009664 -0.085803
v 0.150650 0.009673 -0.086552
v 0.153700 0.009667 -0.086053
v 0.153700 0.009664 -0.085803
v 0.153800 0.009800 -0.086551
v 0.153800 0.009797 -0.086301
v 0.150650 0.009670 -0.086302
v 0.153700 0.009673 -0.086552
v 0.153700 0.009670 -0.086302
v 0.150650 0.009680 -0.087052
v 0.153800 0.009807 -0.087050
v 0.153800 0.009804 -0.086800
v 0.150650 0.009676 -0.086802
v 0.153700 0.009680 -0.087052
v 0.153700 0.009676 -0.086802
v 0.150650 0.009686 -0.087552
v 0.153800 0.009813 -0.087550
v 0.153800 0.009810 -0.087300
v 0.150650 0.009683 -0.087302
v 0.153700 0.009686 -0.087552
v 0.153700 0.009683 -0.087302
v 0.150650 0.009692 -0.088051
v 0.153800 0.009820 -0.088050
v 0.153800 0.009816 -0.087800
v 0.150650 0.009689 -0.087801
v 0.153700 0.009692 -0.088051
v 0.153700 0.009689 -0.087801
v 0.150650 0.009699 -0.088551
v 0.153800 0.009826 -0.088549
v 0.153800 0.009823 -0.088299
v 0.150650 0.009695 -0.088301
v 0.153700 0.009699 -0.088551
v 0.153700 0.009695 -0.088301
v 0.150650 0.009705 -0.089053
v 0.153800 0.009832 -0.089051
v 0.153800 0.009829 -0.088801
v 0.150650 0.009702 -0.088803
v 0.153700 0.009705 -0.089053
v 0.153700 0.009702 -0.088803
v 0.150650 0.009711 -0.089552
v 0.153800 0.009839 -0.089551
v 0.153800 0.009836 -0.089301
v 0.150650 0.009708 -0.089302
v 0.153700 0.009711 -0.089552
v 0.153700 0.009708 -0.089302
v 0.150650 0.009718 -0.090052
v 0.153800 0.009845 -0.090050
v 0.153800 0.009842 -0.089800
v 0.150650 0.009715 -0.089802
v 0.153700 0.009718 -0.090052
v 0.153700 0.009715 -0.089802
v 0.150650 0.009724 -0.090552
v 0.153800 0.009852 -0.090550
v 0.153800 0.009848 -0.090300
v 0.150650 0.009721 -0.090302
v 0.153700 0.009724 -0.090552
v 0.153700 0.009721 -0.090302
v 0.150650 0.009731 -0.091051
v 0.153800 0.009858 -0.091050
v 0.153800 0.009855 -0.090800
v 0.150650 0.009727 -0.090801
v 0.153700 0.009731 -0.091051
v 0.153700 0.009727 -0.090801
v 0.154600 0.010447 -0.090916
v 0.150150 0.010529 -0.091251
v 0.153346 0.010529 -0.091251
v 0.156750 0.008635 -0.091723
v 0.156350 0.009707 -0.092242
v 0.156350 0.011458 -0.091005
v 0.156350 0.011090 -0.091949
v 0.150150 0.009291 -0.091972
v 0.150150 0.009707 -0.092242
v 0.150150 0.010195 -0.092333
v 0.150150 0.010681 -0.092230
v 0.150150 0.011090 -0.091949
v 0.156750 0.008499 -0.091082
v 0.156750 0.010200 -0.092741
v 0.156350 0.010195 -0.092333
v 0.150150 0.008898 -0.091038
v 0.150150 0.011458 -0.091005
v 0.154600 0.009907 -0.090923
v 0.150150 0.009833 -0.091260
v 0.153346 0.009833 -0.091260
v 0.156750 0.011859 -0.091039
v 0.156750 0.010841 -0.092605
v 0.156350 0.010681 -0.092230
v 0.150150 0.011360 -0.091533
v 0.150150 0.009010 -0.091563
v 0.156750 0.011739 -0.091684
v 0.156750 0.011382 -0.092233
v 0.156750 0.009556 -0.092621
v 0.156750 0.009006 -0.092264
v 0.156350 0.008898 -0.091038
v 0.156350 0.011360 -0.091533
v 0.156350 0.009291 -0.091972
v 0.156350 0.009010 -0.091563
v 0.154600 0.010378 -0.085447
v 0.150150 0.010451 -0.085109
v 0.153346 0.010451 -0.085109
v 0.156750 0.008545 -0.084686
v 0.156350 0.009604 -0.084140
v 0.156350 0.011386 -0.085332
v 0.156350 0.010993 -0.084398
v 0.150150 0.009194 -0.084421
v 0.150150 0.009604 -0.084140
v 0.150150 0.010089 -0.084037
v 0.150150 0.010577 -0.084127
v 0.150150 0.010993 -0.084398
v 0.156750 0.008426 -0.085330
v 0.156750 0.010084 -0.083629
v 0.156350 0.010089 -0.084037
v 0.150150 0.008826 -0.085365
v 0.150150 0.011386 -0.085332
v 0.154600 0.009837 -0.085454
v 0.150150 0.009755 -0.085118
v 0.153346 0.009755 -0.085118
v 0.156750 0.011785 -0.085287
v 0.156750 0.010728 -0.083749
v 0.156350 0.010577 -0.084127
v 0.150150 0.011274 -0.084807
v 0.150150 0.008924 -0.084837
v 0.156750 0.011649 -0.084646
v 0.156750 0.011278 -0.084106
v 0.156750 0.009443 -0.083765
v 0.156750 0.008902 -0.084136
v 0.156350 0.008826 -0.085365
v 0.156350 0.011274 -0.084807
v 0.156350 0.009194 -0.084421
v 0.156350 0.008924 -0.084837
v 0.153800 0.010305 -0.075793
v 0.150650 0.010432 -0.075791
v 0.153800 0.010308 -0.076043
v 0.150650 0.010435 -0.076041
v 0.153700 0.010432 -0.075791
v 0.153700 0.010435 -0.076041
v 0.153800 0.010298 -0.075293
v 0.150650 0.010426 -0.075291
v 0.153800 0.010302 -0.075543
v 0.150650 0.010429 -0.075541
v 0.150650 0.010419 -0.074792
v 0.153700 0.010426 -0.075291
v 0.153700 0.010429 -0.075541
v 0.153800 0.010292 -0.074793
v 0.153800 0.010295 -0.075043
v 0.150650 0.010422 -0.075042
v 0.153700 0.010419 -0.074792
v 0.153700 0.010422 -0.075042
v 0.150650 0.010413 -0.074292
v 0.153800 0.010286 -0.074294
v 0.153800 0.010289 -0.074544
v 0.150650 0.010416 -0.074542
v 0.153700 0.010413 -0.074292
v 0.153700 0.010416 -0.074542
v 0.150650 0.010407 -0.073792
v 0.153800 0.010279 -0.073794
v 0.153800 0.010282 -0.074044
v 0.150650 0.010410 -0.074042
v 0.153700 0.010407 -0.073792
v 0.153700 0.010410 -0.074042
v 0.150650 0.010400 -0.073293
v 0.153800 0.010273 -0.073294
v 0.153800 0.010276 -0.073544
v 0.150650 0.010403 -0.073543
v 0.153700 0.010400 -0.073293
v 0.153700 0.010403 -0.073543
v 0.150650 0.010394 -0.072793
v 0.153800 0.010266 -0.072795
v 0.153800 0.010270 -0.073045
v 0.150650 0.010397 -0.073043
v 0.153700 0.010394 -0.072793
v 0.153700 0.010397 -0.073043
v 0.150650 0.010387 -0.072291
v 0.153800 0.010260 -0.072293
v 0.153800 0.010263 -0.072543
v 0.150650 0.010391 -0.072541
v 0.153700 0.010387 -0.072291
v 0.153700 0.010391 -0.072541
v 0.150650 0.010381 -0.071792
v 0.153800 0.010254 -0.071793
v 0.153800 0.010257 -0.072043
v 0.150650 0.010384 -0.072042
v 0.153700 0.010381 -0.071792
v 0.153700 0.010384 -0.072042
v 0.150650 0.010375 -0.071292
v 0.153800 0.010247 -0.071294
v 0.153800 0.010250 -0.071544
v 0.150650 0.010378 -0.071542
v 0.153700 0.010375 -0.071292
v 0.153700 0.010378 -0.071542
v 0.150650 0.010368 -0.070792
v 0.153800 0.010241 -0.070794
v 0.153800 0.010244 -0.071044
v 0.150650 0.010371 -0.071042
v 0.153700 0.010368 -0.070792
v 0.153700 0.010371 -0.071042
v 0.150650 0.010362 -0.070293
v 0.153800 0.010235 -0.070294
v 0.153800 0.010238 -0.070544
v 0.150650 0.010365 -0.070543
v 0.153700 0.010362 -0.070293
v 0.153700 0.010365 -0.070543
v 0.150650 0.009469 -0.070554
v 0.153800 0.009593 -0.070303
v 0.150650 0.009466 -0.070304
v 0.153800 0.009596 -0.070553
v 0.153700 0.009469 -0.070554
v 0.153700 0.009466 -0.070304
v 0.153800 0.009603 -0.071052
v 0.150650 0.009475 -0.071054
v 0.153800 0.009599 -0.070802
v 0.150650 0.009472 -0.070804
v 0.150650 0.009482 -0.071554
v 0.153700 0.009475 -0.071054
v 0.153700 0.009472 -0.070804
v 0.153800 0.009609 -0.071552
v 0.153800 0.009606 -0.071302
v 0.150650 0.009479 -0.071304
v 0.153700 0.009482 -0.071554
v 0.153700 0.009479 -0.071304
v 0.150650 0.009488 -0.072053
v 0.153800 0.009615 -0.072051
v 0.153800 0.009612 -0.071801
v 0.150650 0.009485 -0.071803
v 0.153700 0.009488 -0.072053
v 0.153700 0.009485 -0.071803
v 0.150650 0.009494 -0.072553
v 0.153800 0.009622 -0.072551
v 0.153800 0.009619 -0.072301
v 0.150650 0.009491 -0.072303
v 0.153700 0.009494 -0.072553
v 0.153700 0.009491 -0.072303
v 0.150650 0.009501 -0.073052
v 0.153800 0.009628 -0.073051
v 0.153800 0.009625 -0.072801
v 0.150650 0.009498 -0.072802
v 0.153700 0.009501 -0.073052
v 0.153700 0.009498 -0.072802
v 0.150650 0.009507 -0.073552
v 0.153800 0.009635 -0.073551
v 0.153800 0.009631 -0.073301
v 0.150650 0.009504 -0.073302
v 0.153700 0.009507 -0.073552
v 0.153700 0.009504 -0.073302
v 0.150650 0.009514 -0.074054
v 0.153800 0.009641 -0.074052
v 0.153800 0.009638 -0.073802
v 0.150650 0.009510 -0.073804
v 0.153700 0.009514 -0.074054
v 0.153700 0.009510 -0.073804
v 0.150650 0.009520 -0.074553
v 0.153800 0.009647 -0.074552
v 0.153800 0.009644 -0.074302
v 0.150650 0.009517 -0.074303
v 0.153700 0.009520 -0.074553
v 0.153700 0.009517 -0.074303
v 0.150650 0.009526 -0.075053
v 0.153800 0.009654 -0.075051
v 0.153800 0.009651 -0.074801
v 0.150650 0.009523 -0.074803
v 0.153700 0.009526 -0.075053
v 0.153700 0.009523 -0.074803
v 0.150650 0.009533 -0.075553
v 0.153800 0.009660 -0.075551
v 0.153800 0.009657 -0.075301
v 0.150650 0.009530 -0.075303
v 0.153700 0.009533 -0.075553
v 0.153700 0.009530 -0.075303
v 0.150650 0.009539 -0.076052
v 0.153800 0.009666 -0.076051
v 0.153800 0.009663 -0.075801
v 0.150650 0.009536 -0.075802
v 0.153700 0.009539 -0.076052
v 0.153700 0.009536 -0.075802
v 0.154600 0.010256 -0.075917
v 0.150150 0.010338 -0.076253
v 0.153346 0.010338 -0.076253
v 0.156750 0.008444 -0.076725
v 0.156350 0.009516 -0.077243
v 0.156350 0.011267 -0.076006
v 0.156350 0.010898 -0.076950
v 0.150150 0.009099 -0.076973
v 0.150150 0.009516 -0.077243
v 0.150150 0.010004 -0.077334
v 0.150150 0.010489 -0.077231
v 0.150150 0.010898 -0.076950
v 0.156750 0.008308 -0.076083
v 0.156750 0.010009 -0.077742
v 0.156350 0.010004 -0.077334
v 0.150150 0.008707 -0.076039
v 0.150150 0.011267 -0.076006
v 0.154600 0.009715 -0.075924
v 0.150150 0.009642 -0.076261
v 0.153346 0.009642 -0.076261
v 0.156750 0.011667 -0.076041
v 0.156750 0.010650 -0.077606
v 0.156350 0.010489 -0.077231
v 0.150150 0.011169 -0.076534
v 0.150150 0.008818 -0.076564
v 0.156750 0.011548 -0.076685
v 0.156750 0.011190 -0.077235
v 0.156750 0.009364 -0.077622
v 0.156750 0.008815 -0.077265
v 0.156350 0.008707 -0.076039
v 0.156350 0.011169 -0.076534
v 0.156350 0.009099 -0.076973
v 0.156350 0.008818 -0.076564
v 0.154600 0.010186 -0.070448
v 0.150150 0.010259 -0.070111
v 0.153346 0.010259 -0.070111
v 0.156750 0.008354 -0.069687
v 0.156350 0.009412 -0.069141
v 0.156350 0.011194 -0.070333
v 0.156350 0.010802 -0.069399
v 0.150150 0.009003 -0.069422
v 0.150150 0.009412 -0.069141
v 0.150150 0.009898 -0.069038
v 0.150150 0.010386 -0.069129
v 0.150150 0.010802 -0.069399
v 0.156750 0.008234 -0.070332
v 0.156750 0.009893 -0.068630
v 0.156350 0.009898 -0.069038
v 0.150150 0.008635 -0.070366
v 0.150150 0.011194 -0.070333
v 0.154600 0.009645 -0.070455
v 0.150150 0.009563 -0.070120
v 0.153346 0.009563 -0.070120
v 0.156750 0.011594 -0.070289
v 0.156750 0.010537 -0.068750
v 0.156350 0.010386 -0.069129
v 0.150150 0.011083 -0.069808
v 0.150150 0.008733 -0.069838
v 0.156750 0.011458 -0.069647
v 0.156750 0.011087 -0.069107
v 0.156750 0.009251 -0.068766
v 0.156750 0.008711 -0.069137
v 0.156350 0.008635 -0.070366
v 0.156350 0.011083 -0.069808
v 0.156350 0.009003 -0.069422
v 0.156350 0.008733 -0.069838
v -0.153800 0.010496 -0.090791
v -0.150650 0.010623 -0.090790
v -0.153800 0.010499 -0.091041
v -0.150650 0.010627 -0.091040
v -0.153700 0.010623 -0.090790
v -0.153700 0.010627 -0.091040
v -0.153800 0.010490 -0.090292
v -0.150650 0.010617 -0.090290
v -0.153800 0.010493 -0.090542
v -0.150650 0.010620 -0.090540
v -0.150650 0.010611 -0.089790
v -0.153700 0.010617 -0.090290
v -0.153700 0.010620 -0.090540
v -0.153800 0.010483 -0.089792
v -0.153800 0.010487 -0.090042
v -0.150650 0.010614 -0.090040
v -0.153700 0.010611 -0.089790
v -0.153700 0.010614 -0.090040
v -0.150650 0.010604 -0.089291
v -0.153800 0.010477 -0.089293
v -0.153800 0.010480 -0.089543
v -0.150650 0.010608 -0.089541
v -0.153700 0.010604 -0.089291
v -0.153700 0.010608 -0.089541
v -0.150650 0.010598 -0.088791
v -0.153800 0.010471 -0.088793
v -0.153800 0.010474 -0.089043
v -0.150650 0.010601 -0.089041
v -0.153700 0.010598 -0.088791
v -0.153700 0.010601 -0.089041
v -0.150650 0.010592 -0.088292
v -0.153800 0.010464 -0.088293
v -0.153800 0.010467 -0.088543
v -0.150650 0.010595 -0.088542
v -0.153700 0.010592 -0.088292
v -0.153700 0.010595 -0.088542
v -0.150650 0.010585 -0.087792
v -0.153800 0.010458 -0.087793
v -0.153800 0.010461 -0.088043
v -0.150650 0.010588 -0.088042
v -0.153700 0.010585 -0.087792
v -0.153700 0.010588 -0.088042
v -0.150650 0.010579 -0.087290
v -0.153800 0.010451 -0.087292
v -0.153800 0.010455 -0.087542
v -0.150650 0.010582 -0.087540
v -0.153700 0.010579 -0.087290
v -0.153700 0.010582 -0.087540
v -0.150650 0.010572 -0.086791
v -0.153800 0.010445 -0.086792
v -0.153800 0.010448 -0.087042
v -0.150650 0.010576 -0.087041
v -0.153700 0.010572 -0.086791
v -0.153700 0.010576 -0.087041
v -0.150650 0.010566 -0.086291
v -0.153800 0.010439 -0.086293
v -0.153800 0.010442 -0.086543
v -0.150650 0.010569 -0.086541
v -0.153700 0.010566 -0.086291
v -0.153700 0.010569 -0.086541
v -0.150650 0.010560 -0.085791
v -0.153800 0.010432 -0.085793
v -0.153800 0.010436 -0.086043
v -0.150650 0.010563 -0.086041
v -0.153700 0.010560 -0.085791
v -0.153700 0.010563 -0.086041
v -0.150650 0.010553 -0.085292
v -0.153800 0.010426 -0.085293
v -0.153800 0.010429 -0.085543
v -0.150650 0.010556 -0.085542
v -0.153700 0.010553 -0.085292
v -0.153700 0.010556 -0.085542
v -0.150650 0.009660 -0.085553
v -0.153800 0.009785 -0.085301
v -0.150650 0.009657 -0.085303
v -0.153800 0.009788 -0.085551
v -0.153700 0.009660 -0.085553
v -0.153700 0.009657 -0.085303
v -0.153800 0.009794 -0.086051
v -0.150650 0.009667 -0.086053
v -0.153800 0.009791 -0.085801
v -0.150650 0.009664 -0.085803
v -0.150650 0.009673 -0.086552
v -0.153700 0.009667 -0.086053
v -0.153700 0.009664 -0.085803
v -0.153800 0.009800 -0.086551
v -0.153800 0.009797 -0.086301
v -0.150650 0.009670 -0.086302
v -0.153700 0.009673 -0.086552
v -0.153700 0.009670 -0.086302
v -0.150650 0.009680 -0.087052
v -0.153800 0.009807 -0.087050
v -0.153800 0.009804 -0.086800
v -0.150650 0.009676 -0.086802
v -0.153700 0.009680 -0.087052
v -0.153700 0.009676 -0.086802
v -0.150650 0.009686 -0.087552
v -0.153800 0.009813 -0.087550
v -0.153800 0.009810 -0.087300
v -0.150650 0.009683 -0.087302
v -0.153700 0.009686 -0.087552
v -0.153700 0.009683 -0.087302
v -0.150650 0.009692 -0.088051
v -0.153800 0.009820 -0.088050
v -0.153800 0.009816 -0.087800
v -0.150650 0.009689 -0.087801
v -0.153700 0.009692 -0.088051
v -0.153700 0.009689 -0.087801
v -0.150650 0.009699 -0.088551
v -0.153800 0.009826 -0.088549
v -0.153800 0.009823 -0.088299
v -0.150650 0.009695 -0.088301
v -0.153700 0.009699 -0.088551
v -0.153700 0.009695 -0.088301
v -0.150650 0.009705 -0.089053
v -0.153800 0.009832 -0.089051
v -0.153800 0.009829 -0.088801
v -0.150650 0.009702 -0.088803
v -0.153700 0.009705 -0.089053
v -0.153700 0.009702 -0.088803
v -0.150650 0.009711 -0.089552
v -0.153800 0.009839 -0.089551
v -0.153800 0.009836 -0.089301
v -0.150650 0.009708 -0.089302
v -0.153700 0.009711 -0.089552
v -0.153700 0.009708 -0.089302
v -0.150650 0.009718 -0.090052
v -0.153800 0.009845 -0.090050
v -0.153800 0.009842 -0.089800
v -0.150650 0.009715 -0.089802
v -0.153700 0.009718 -0.090052
v -0.153700 0.009715 -0.089802
v -0.150650 0.009724 -0.090552
v -0.153800 0.009852 -0.090550
v -0.153800 0.009848 -0.090300
v -0.150650 0.009721 -0.090302
v -0.153700 0.009724 -0.090552
v -0.153700 0.009721 -0.090302
v -0.150650 0.009731 -0.091051
v -0.153800 0.009858 -0.091050
v -0.153800 0.009855 -0.090800
v -0.150650 0.009727 -0.090801
v -0.153700 0.009731 -0.091051
v -0.153700 0.009727 -0.090801
v -0.154600 0.010447 -0.090916
v -0.150150 0.010529 -0.091251
v -0.153346 0.010529 -0.091251
v -0.156750 0.008635 -0.091723
v -0.156350 0.009707 -0.092242
v -0.156350 0.011458 -0.091005
v -0.156350 0.011090 -0.091949
v -0.150150 0.009291 -0.091972
v -0.150150 0.009707 -0.092242
v -0.150150 0.010195 -0.092333
v -0.150150 0.010681 -0.092230
v -0.150150 0.011090 -0.091949
v -0.156750 0.008499 -0.091082
v -0.156750 0.010200 -0.092741
v -0.156350 0.010195 -0.092333
v -0.150150 0.008898 -0.091038
v -0.150150 0.011458 -0.091005
v -0.154600 0.009907 -0.090923
v -0.150150 0.009833 -0.091260
v -0.153346 0.009833 -0.091260
v -0.156750 0.011859 -0.091039
v -0.156750 0.010841 -0.092605
v -0.156350 0.010681 -0.092230
v -0.150150 0.011360 -0.091533
v -0.150150 0.009010 -0.091563
v -0.156750 0.011739 -0.091684
v -0.156750 0.011382 -0.092233
v -0.156750 0.009556 -0.092621
v -0.156750 0.009006 -0.092264
v -0.156350 0.008898 -0.091038
v -0.156350 0.011360 -0.091533
v -0.156350 0.009291 -0.091972
v -0.156350 0.009010 -0.091563
v -0.154600 0.010378 -0.085447
v -0.150150 0.010451 -0.085109
v -0.153346 0.010451 -0.085109
v -0.156750 0.008545 -0.084686
v -0.156350 0.009604 -0.084140
v -0.156350 0.011386 -0.085332
v -0.156350 0.010993 -0.084398
v -0.150150 0.009194 -0.084421
v -0.150150 0.009604 -0.084140
v -0.150150 0.010089 -0.084037
v -0.150150 0.010577 -0.084127
v -0.150150 0.010993 -0.084398
v -0.156750 0.008426 -0.085330
v -0.156750 0.010084 -0.083629
v -0.156350 0.010089 -0.084037
v -0.150150 0.008826 -0.085365
v -0.150150 0.011386 -0.085332
v -0.154600 0.009837 -0.085454
v -0.150150 0.009755 -0.085118
v -0.153346 0.009755 -0.085118
v -0.156750 0.011785 -0.085287
v -0.156750 0.010728 -0.083749
v -0.156350 0.010577 -0.084127
v -0.150150 0.011274 -0.084807
v -0.150150 0.008924 -0.084837
v -0.156750 0.011649 -0.084646
v -0.156750 0.011278 -0.084106
v -0.156750 0.009443 -0.083765
v -0.156750 0.008902 -0.084136
v -0.156350 0.008826 -0.085365
v -0.156350 0.011274 -0.084807
v -0.156350 0.009194 -0.084421
v -0.156350 0.008924 -0.084837
v -0.153800 0.010305 -0.075793
v -0.150650 0.010432 -0.075791
v -0.153800 0.010308 -0.076043
v -0.150650 0.010435 -0.076041
v -0.153700 0.010432 -0.075791
v -0.153700 0.010435 -0.076041
v -0.153800 0.010298 -0.075293
v -0.150650 0.010426 -0.075291
v -0.153800 0.010302 -0.075543
v -0.150650 0.010429 -0.075541
v -0.150650 0.010419 -0.074792
v -0.153700 0.010426 -0.075291
v -0.153700 0.010429 -0.075541
v -0.153800 0.010292 -0.074793
v -0.153800 0.010295 -0.075043
v -0.150650 0.010422 -0.075042
v -0.153700 0.010419 -0.074792
v -0.153700 0.010422 -0.075042
v -0.150650 0.010413 -0.074292
v -0.153800 0.010286 -0.074294
v -0.153800 0.010289 -0.074544
v -0.150650 0.010416 -0.074542
v -0.153700 0.010413 -0.074292
v -0.153700 0.010416 -0.074542
v -0.150650 0.010407 -0.073792
v -0.153800 0.010279 -0.073794
v -0.153800 0.010282 -0.074044
v -0.150650 0.010410 -0.074042
v -0.153700 0.010407 -0.073792
v -0.153700 0.010410 -0.074042
v -0.150650 0.010400 -0.073293
v -0.153800 0.010273 -0.073294
v -0.153800 0.010276 -0.073544
v -0.150650 0.010403 -0.073543
v -0.153700 0.010400 -0.073293
v -0.153700 0.010403 -0.073543
v -0.150650 0.010394 -0.072793
v -0.153800 0.010266 -0.072795
v -0.153800 0.010270 -0.073045
v -0.150650 0.010397 -0.073043
v -0.153700 0.010394 -0.072793
v -0.153700 0.010397 -0.073043
v -0.150650 0.010387 -0.072291
v -0.153800 0.010260 -0.072293
v -0.153800 0.010263 -0.072543
v -0.150650 0.010391 -0.072541
v -0.153700 0.010387 -0.072291
v -0.153700 0.010391 -0.072541
v -0.150650 0.010381 -0.071792
v -0.153800 0.010254 -0.071793
v -0.153800 0.010257 -0.072043
v -0.150650 0.010384 -0.072042
v -0.153700 0.010381 -0.071792
v -0.153700 0.010384 -0.072042
v -0.150650 0.010375 -0.071292
v -0.153800 0.010247 -0.071294
v -0.153800 0.010250 -0.071544
v -0.150650 0.010378 -0.071542
v -0.153700 0.010375 -0.071292
v -0.153700 0.010378 -0.071542
v -0.150650 0.010368 -0.070792
v -0.153800 0.010241 -0.070794
v -0.153800 0.010244 -0.071044
v -0.150650 0.010371 -0.071042
v -0.153700 0.010368 -0.070792
v -0.153700 0.010371 -0.071042
v -0.150650 0.010362 -0.070293
v -0.153800 0.010235 -0.070294
v -0.153800 0.010238 -0.070544
v -0.150650 0.010365 -0.070543
v -0.153700 0.010362 -0.070293
v -0.153700 0.010365 -0.070543
v -0.150650 0.009469 -0.070554
v -0.153800 0.009593 -0.070303
v -0.150650 0.009466 -0.070304
v -0.153800 0.009596 -0.070553
v -0.153700 0.009469 -0.070554
v -0.153700 0.009466 -0.070304
v -0.153800 0.009603 -0.071052
v -0.150650 0.009475 -0.071054
v -0.153800 0.009599 -0.070802
v -0.150650 0.009472 -0.070804
v -0.150650 0.009482 -0.071554
v -0.153700 0.009475 -0.071054
v -0.153700 0.009472 -0.070804
v -0.153800 0.009609 -0.071552
v -0.153800 0.009606 -0.071302
v -0.150650 0.009479 -0.071304
v -0.153700 0.009482 -0.071554
v -0.153700 0.009479 -0.071304
v -0.150650 0.009488 -0.072053
v -0.153800 0.009615 -0.072051
v -0.153800 0.009612 -0.071801
v -0.150650 0.009485 -0.071803
v -0.153700 0.009488 -0.072053
v -0.153700 0.009485 -0.071803
v -0.150650 0.009494 -0.072553
v -0.153800 0.009622 -0.072551
v -0.153800 0.009619 -0.072301
v -0.150650 0.009491 -0.072303
v -0.153700 0.009494 -0.072553
v -0.153700 0.009491 -0.072303
v -0.150650 0.009501 -0.073052
v -0.153800 0.009628 -0.073051
v -0.153800 0.009625 -0.072801
v -0.150650 0.009498 -0.072802
v -0.153700 0.009501 -0.073052
v -0.153700 0.009498 -0.072802
v -0.150650 0.009507 -0.073552
v -0.153800 0.009635 -0.073551
v -0.153800 0.009631 -0.073301
v -0.150650 0.009504 -0.073302
v -0.153700 0.009507 -0.073552
v -0.153700 0.009504 -0.073302
v -0.150650 0.009514 -0.074054
v -0.153800 0.009641 -0.074052
v -0.153800 0.009638 -0.073802
v -0.150650 0.009510 -0.073804
v -0.153700 0.009514 -0.074054
v -0.153700 0.009510 -0.073804
v -0.150650 0.009520 -0.074553
v -0.153800 0.009647 -0.074552
v -0.153800 0.009644 -0.074302
v -0.150650 0.009517 -0.074303
v -0.153700 0.009520 -0.074553
v -0.153700 0.009517 -0.074303
v -0.150650 0.009526 -0.075053
v -0.153800 0.009654 -0.075051
v -0.153800 0.009651 -0.074801
v -0.150650 0.009523 -0.074803
v -0.153700 0.009526 -0.075053
v -0.153700 0.009523 -0.074803
v -0.150650 0.009533 -0.075553
v -0.153800 0.009660 -0.075551
v -0.153800 0.009657 -0.075301
v -0.150650 0.009530 -0.075303
v -0.153700 0.009533 -0.075553
v -0.153700 0.009530 -0.075303
v -0.150650 0.009539 -0.076052
v -0.153800 0.009666 -0.076051
v -0.153800 0.009663 -0.075801
v -0.150650 0.009536 -0.075802
v -0.153700 0.009539 -0.076052
v -0.153700 0.009536 -0.075802
v -0.154600 0.010256 -0.075917
v -0.150150 0.010338 -0.076253
v -0.153346 0.010338 -0.076253
v -0.156750 0.008444 -0.076725
v -0.156350 0.009516 -0.077243
v -0.156350 0.011267 -0.076006
v -0.156350 0.010898 -0.076950
v -0.150150 0.009099 -0.076973
v -0.150150 0.009516 -0.077243
v -0.150150 0.010004 -0.077334
v -0.150150 0.010489 -0.077231
v -0.150150 0.010898 -0.076950
v -0.156750 0.008308 -0.076083
v -0.156750 0.010009 -0.077742
v -0.156350 0.010004 -0.077334
v -0.150150 0.008707 -0.076039
v -0.150150 0.011267 -0.076006
v -0.154600 0.009715 -0.075924
v -0.150150 0.009642 -0.076261
v -0.153346 0.009642 -0.076261
v -0.156750 0.011667 -0.076041
v -0.156750 0.010650 -0.077606
v -0.156350 0.010489 -0.077231
v -0.150150 0.011169 -0.076534
v -0.150150 0.008818 -0.076564
v -0.156750 0.011548 -0.076685
v -0.156750 0.011190 -0.077235
v -0.156750 0.009364 -0.077622
v -0.156750 0.008815 -0.077265
v -0.156350 0.008707 -0.076039
v -0.156350 0.011169 -0.076534
v -0.156350 0.009099 -0.076973
v -0.156350 0.008818 -0.076564
v -0.154600 0.010186 -0.070448
v -0.150150 0.010259 -0.070111
v -0.153346 0.010259 -0.070111
v -0.156750 0.008354 -0.069687
v -0.156350 0.009412 -0.069141
v -0.156350 0.011194 -0.070333
v -0.156350 0.010802 -0.069399
v -0.150150 0.009003 -0.069422
v -0.150150 0.009412 -0.069141
v -0.150150 0.009898 -0.069038
v -0.150150 0.010386 -0.069129
v -0.150150 0.010802 -0.069399
v -0.156750 0.008234 -0.070332
v -0.156750 0.009893 -0.068630
v -0.156350 0.009898 -0.069038
v -0.150150 0.008635 -0.070366
v -0.150150 0.011194 -0.070333
v -0.154600 0.009645 -0.070455
v -0.150150 0.009563 -0.070120
v -0.153346 0.009563 -0.070120
v -0.156750 0.011594 -0.070289
v -0.156750 0.010537 -0.068750
v -0.156350 0.010386 -0.069129
v -0.150150 0.011083 -0.069808
v -0.150150 0.008733 -0.069838
v -0.156750 0.011458 -0.069647
v -0.156750 0.011087 -0.069107
v -0.156750 0.009251 -0.068766
v -0.156750 0.008711 -0.069137
v -0.156350 0.008635 -0.070366
v -0.156350 0.011083 -0.069808
v -0.156350 0.009003 -0.069422
v -0.156350 0.008733 -0.069838
vn -0.0000 0.9999 0.0128
vn -0.0000 -1.0000 -0.0099
vn -0.0296 -0.9985 0.0465
vn -0.0405 -0.9987 0.0322
vn -0.0176 -0.9989 -0.0430
vn -0.0383 -0.9964 -0.0759
vn -0.0224 -0.9949 -0.0987
vn -0.0091 -0.9984 -0.0551
vn -0.0473 -0.9948 -0.0897
vn -0.0277 -0.9926 -0.1181
vn -0.0586 -0.9924 -0.1080
vn -0.0344 -0.9890 -0.1437
vn -0.0764 -0.9874 -0.1386
vn -0.0447 -0.9815 -0.1864
vn -0.1194 -0.9688 -0.2173
vn -0.0692 -0.9526 -0.2962
vn -0.1582 -0.9554 -0.2493
vn -0.1091 -0.9382 -0.3285
vn -0.0239 -0.9991 -0.0340
vn -0.0504 -0.9970 -0.0585
vn -0.0620 -0.9958 -0.0681
vn -0.0767 -0.9938 -0.0809
vn -0.0997 -0.9897 -0.1026
vn -0.1549 -0.9751 -0.1584
vn -0.1952 -0.9630 -0.1858
vn -0.0294 -0.9992 -0.0260
vn -0.0611 -0.9972 -0.0428
vn -0.0750 -0.9960 -0.0486
vn -0.0925 -0.9941 -0.0567
vn -0.1199 -0.9903 -0.0706
vn -0.1845 -0.9770 -0.1069
vn -0.2268 -0.9654 -0.1287
vn -0.0351 -0.9992 -0.0176
vn -0.0721 -0.9970 -0.0263
vn -0.0883 -0.9957 -0.0284
vn -0.1085 -0.9936 -0.0316
vn -0.1399 -0.9894 -0.0378
vn -0.2126 -0.9756 -0.0553
vn -0.2566 -0.9639 -0.0716
vn -0.0473 -0.9988 -0.0110
vn -0.0956 -0.9953 -0.0126
vn -0.1154 -0.9933 -0.0115
vn -0.1402 -0.9901 -0.0108
vn -0.1787 -0.9839 -0.0109
vn -0.2413 -0.9704 -0.0136
vn -0.2814 -0.9594 -0.0212
vn -0.0605 -0.9982 0.0047
vn -0.1207 -0.9924 0.0236
vn -0.1215 -0.9926 0.0007
vn -0.0562 -0.9984 -0.0066
vn -0.1422 -0.9893 0.0313
vn -0.1443 -0.9895 0.0043
vn -0.1697 -0.9847 0.0403
vn -0.1730 -0.9849 0.0083
vn -0.2129 -0.9756 0.0531
vn -0.2176 -0.9760 0.0130
vn -0.3099 -0.9475 0.0782
vn -0.3195 -0.9474 0.0202
vn -0.3580 -0.9273 0.1094
vn -0.3925 -0.9190 0.0378
vn -0.0503 -0.9986 0.0190
vn -0.1012 -0.9936 0.0504
vn -0.1191 -0.9909 0.0628
vn -0.1417 -0.9868 0.0778
vn -0.1772 -0.9791 0.0999
vn -0.2566 -0.9554 0.1459
vn -0.3008 -0.9365 0.1806
vn -0.0825 -0.9937 0.0754
vn -0.0969 -0.9910 0.0920
vn -0.1150 -0.9870 0.1123
vn -0.1433 -0.9794 0.1425
vn -0.2055 -0.9567 0.2060
vn -0.2450 -0.9382 0.2445
vn -0.0619 -0.9929 0.1020
vn -0.0726 -0.9898 0.1229
vn -0.0859 -0.9852 0.1484
vn -0.1064 -0.9767 0.1866
vn -0.1506 -0.9521 0.2661
vn -0.1856 -0.9333 0.3075
vn -0.0152 -0.9978 0.0646
vn -0.0356 -0.9902 0.1347
vn -0.0417 -0.9862 0.1605
vn -0.0491 -0.9802 0.1920
vn -0.0603 -0.9692 0.2388
vn -0.0837 -0.9391 0.3334
vn -0.1159 -0.9196 0.3754
vn -0.0025 -0.9971 0.0765
vn -0.0101 -0.9862 0.1650
vn -0.0118 -0.9807 0.1952
vn -0.0138 -0.9727 0.2316
vn -0.0168 -0.9585 0.2846
vn -0.0226 -0.9214 0.3881
vn -0.0410 -0.8960 0.4422
vn -0.0125 -0.9726 -0.2322
vn -0.0183 -0.9301 -0.3670
vn -0.0000 -0.9214 -0.3885
vn -0.0000 -0.9686 -0.2485
vn -0.0441 -0.9036 -0.4260
vn -0.0000 -0.8731 -0.4875
vn -0.0063 -0.9927 -0.1208
vn -0.0014 -0.9980 -0.0636
vn -0.0079 -0.9893 -0.1458
vn -0.0098 -0.9839 -0.1784
vn -0.0000 -0.9828 -0.1846
vn -0.0000 -0.9853 -0.1709
vn -0.0000 -0.9877 -0.1563
vn -0.0000 -0.9916 -0.1291
vn -0.0000 -0.9980 -0.0634
vn -0.0462 0.7168 -0.6957
vn -0.0000 0.7161 -0.6980
vn -0.7048 0.7084 -0.0372
vn -0.6801 0.7124 -0.1731
vn -0.1822 0.7188 -0.6710
vn -0.6097 0.7146 -0.3429
vn -0.4978 0.7164 -0.4888
vn -0.4979 0.7164 -0.4887
vn -0.3520 0.7179 -0.6006
vn -0.0462 0.6988 0.7138
vn -0.1822 0.7014 0.6891
vn -0.7048 0.7072 0.0552
vn -0.6801 0.7078 0.1913
vn -0.3520 0.7023 0.6188
vn -0.4979 0.7037 0.5069
vn -0.6097 0.7056 0.3611
vn 0.7071 0.7070 0.0090
vn -0.0000 0.6980 0.7161
vn -0.0000 -0.9781 0.2083
vn -0.0000 -0.9692 0.2463
vn -0.0000 -0.9536 0.3012
vn -0.0000 -0.9137 0.4064
vn -0.0000 -0.8794 0.4761
vn -0.0000 -0.9971 0.0760
vn -0.0000 -0.9843 0.1765
vn -1.0000 -0.0000 -0.0000
vn -0.7071 0.7070 0.0090
vn 0.2799 0.9595 -0.0320
vn 0.2712 0.9612 -0.0498
vn 0.2060 0.9630 -0.1736
vn 0.1831 0.9595 -0.2141
vn 0.1043 0.9332 -0.3439
vn 0.0347 0.8940 -0.4467
vn 0.0347 0.8823 0.4693
vn 0.1043 0.9242 0.3675
vn 0.2060 0.9583 0.1979
vn 0.1831 0.9538 0.2384
vn 0.2712 0.9597 0.0741
vn 0.2799 0.9584 0.0562
vn -0.0000 0.8560 0.5169
vn -0.0000 0.8689 -0.4949
vn -0.0000 0.3944 -0.9189
vn -0.0000 0.0128 -0.9999
vn -0.0000 -0.3709 -0.9287
vn -0.0000 -0.6980 -0.7161
vn -0.0000 -0.0128 0.9999
vn -0.0000 0.3709 0.9287
vn -0.0000 -0.9189 -0.3944
vn -0.0000 -0.9939 -0.1107
vn -0.0000 0.9964 -0.0853
vn -0.0000 0.9287 -0.3709
vn -0.0000 0.9939 0.1107
vn -0.0000 0.9189 0.3944
vn -0.0000 -0.9964 0.0853
vn -0.0000 -0.9287 0.3709
vn -0.0000 -0.7161 0.6980
vn -0.0000 -0.3944 0.9189
vn -0.9979 0.0008 -0.0654
vn 1.0000 -0.0000 -0.0000
vn -0.0654 -0.0127 0.9978
vn -0.9978 0.0008 -0.0660
vn -0.9979 -0.0008 0.0648
vn -0.9979 -0.0008 0.0654
vn -0.5000 0.0111 -0.8660
vn -0.2588 0.0123 -0.9658
vn -0.2585 0.0123 -0.9659
vn -0.4995 0.0111 -0.8663
vn -0.7071 0.0090 -0.7070
vn -0.7065 0.0090 -0.7077
vn -0.8660 0.0064 -0.5000
vn -0.8655 0.0064 -0.5009
vn -0.9659 0.0033 -0.2588
vn -0.9656 0.0033 -0.2599
vn -0.0654 0.0127 -0.9978
vn -0.8660 -0.0064 0.5000
vn -0.9659 -0.0033 0.2588
vn -0.9662 -0.0033 0.2577
vn -0.8665 -0.0064 0.4991
vn -0.7071 -0.0090 0.7070
vn -0.7077 -0.0090 0.7064
vn -0.5000 -0.0111 0.8660
vn -0.5005 -0.0110 0.8657
vn -0.2588 -0.0123 0.9658
vn -0.2591 -0.0123 0.9658
vn -0.3733 -0.9277 0.0010
vn -0.2921 -0.9564 0.0018
vn 0.0405 -0.9987 0.0322
vn 0.0296 -0.9985 0.0465
vn 0.0176 -0.9989 -0.0430
vn 0.0091 -0.9984 -0.0551
vn 0.0224 -0.9949 -0.0987
vn 0.0383 -0.9964 -0.0759
vn 0.0277 -0.9926 -0.1181
vn 0.0473 -0.9948 -0.0897
vn 0.0344 -0.9890 -0.1437
vn 0.0586 -0.9924 -0.1080
vn 0.0447 -0.9815 -0.1864
vn 0.0764 -0.9874 -0.1386
vn 0.0692 -0.9526 -0.2962
vn 0.1194 -0.9688 -0.2173
vn 0.1091 -0.9382 -0.3285
vn 0.1582 -0.9554 -0.2493
vn 0.0239 -0.9991 -0.0340
vn 0.0504 -0.9970 -0.0585
vn 0.0620 -0.9958 -0.0681
vn 0.0767 -0.9938 -0.0809
vn 0.0997 -0.9897 -0.1026
vn 0.1549 -0.9751 -0.1584
vn 0.1952 -0.9630 -0.1858
vn 0.0294 -0.9992 -0.0260
vn 0.0611 -0.9972 -0.0428
vn 0.0750 -0.9960 -0.0486
vn 0.0925 -0.9941 -0.0567
vn 0.1199 -0.9903 -0.0706
vn 0.1845 -0.9770 -0.1069
vn 0.2268 -0.9654 -0.1287
vn 0.0351 -0.9992 -0.0176
vn 0.0721 -0.9970 -0.0263
vn 0.0883 -0.9957 -0.0284
vn 0.1085 -0.9936 -0.0316
vn 0.1399 -0.9894 -0.0378
vn 0.2126 -0.9756 -0.0553
vn 0.2566 -0.9639 -0.0716
vn 0.0473 -0.9988 -0.0110
vn 0.0956 -0.9953 -0.0126
vn 0.1154 -0.9933 -0.0115
vn 0.1402 -0.9901 -0.0108
vn 0.1787 -0.9839 -0.0109
vn 0.2413 -0.9704 -0.0136
vn 0.2814 -0.9594 -0.0212
vn 0.0605 -0.9982 0.0047
vn 0.0562 -0.9984 -0.0066
vn 0.1215 -0.9926 0.0007
vn 0.1207 -0.9924 0.0236
vn 0.1443 -0.9895 0.0043
vn 0.1422 -0.9893 0.0313
vn 0.1730 -0.9849 0.0083
vn 0.1697 -0.9847 0.0403
vn 0.2176 -0.9760 0.0130
vn 0.2129 -0.9756 0.0531
vn 0.3195 -0.9474 0.0202
vn 0.3099 -0.9475 0.0782
vn 0.3925 -0.9190 0.0378
vn 0.3580 -0.9273 0.1094
vn 0.0503 -0.9986 0.0190
vn 0.1012 -0.9936 0.0504
vn 0.1191 -0.9909 0.0628
vn 0.1417 -0.9868 0.0778
vn 0.1772 -0.9791 0.0999
vn 0.2566 -0.9554 0.1459
vn 0.3008 -0.9365 0.1806
vn 0.0825 -0.9937 0.0754
vn 0.0969 -0.9910 0.0920
vn 0.1150 -0.9870 0.1123
vn 0.1433 -0.9794 0.1425
vn 0.2055 -0.9567 0.2060
vn 0.2450 -0.9382 0.2445
vn 0.0619 -0.9929 0.1020
vn 0.0726 -0.9898 0.1229
vn 0.0859 -0.9852 0.1484
vn 0.1064 -0.9767 0.1866
vn 0.1506 -0.9521 0.2661
vn 0.1856 -0.9333 0.3075
vn 0.0152 -0.9978 0.0646
vn 0.0356 -0.9902 0.1347
vn 0.0417 -0.9862 0.1605
vn 0.0491 -0.9802 0.1920
vn 0.0603 -0.9692 0.2388
vn 0.0837 -0.9391 0.3334
vn 0.1159 -0.9196 0.3754
vn 0.0025 -0.9971 0.0765
vn 0.0101 -0.9862 0.1650
vn 0.0118 -0.9807 0.1952
vn 0.0138 -0.9727 0.2316
vn 0.0168 -0.9585 0.2846
vn 0.0226 -0.9214 0.3881
vn 0.0410 -0.8960 0.4422
vn 0.0125 -0.9726 -0.2322
vn 0.0183 -0.9301 -0.3670
vn 0.0441 -0.9036 -0.4260
vn 0.0014 -0.9980 -0.0636
vn 0.0063 -0.9927 -0.1208
vn 0.0079 -0.9893 -0.1458
vn 0.0098 -0.9839 -0.1784
vn 0.0462 0.7168 -0.6957
vn 0.7048 0.7084 -0.0372
vn 0.6801 0.7124 -0.1731
vn 0.1822 0.7188 -0.6710
vn 0.6097 0.7146 -0.3429
vn 0.4979 0.7164 -0.4888
vn 0.3520 0.7179 -0.6006
vn 0.0462 0.6988 0.7138
vn 0.1822 0.7014 0.6891
vn 0.7048 0.7072 0.0552
vn 0.6801 0.7078 0.1913
vn 0.3520 0.7023 0.6188
vn 0.4979 0.7037 0.5069
vn 0.6097 0.7056 0.3611
vn -0.2799 0.9595 -0.0320
vn -0.1831 0.9595 -0.2141
vn -0.2060 0.9630 -0.1736
vn -0.2712 0.9612 -0.0498
vn -0.0347 0.8940 -0.4467
vn -0.1043 0.9332 -0.3439
vn -0.0347 0.8823 0.4693
vn -0.1831 0.9538 0.2384
vn -0.2060 0.9583 0.1979
vn -0.1043 0.9242 0.3675
vn -0.2799 0.9584 0.0562
vn -0.2712 0.9597 0.0741
vn 0.9979 0.0008 -0.0654
vn 0.0654 -0.0127 0.9978
vn 0.9978 0.0008 -0.0660
vn 0.9979 -0.0008 0.0648
vn 0.9979 -0.0008 0.0654
vn 0.5000 0.0111 -0.8660
vn 0.4995 0.0111 -0.8663
vn 0.2585 0.0123 -0.9659
vn 0.2588 0.0123 -0.9658
vn 0.7071 0.0090 -0.7070
vn 0.7065 0.0090 -0.7077
vn 0.8660 0.0064 -0.5000
vn 0.8655 0.0064 -0.5009
vn 0.9659 0.0033 -0.2588
vn 0.9656 0.0033 -0.2599
vn 0.0654 0.0127 -0.9978
vn 0.8660 -0.0064 0.5000
vn 0.8665 -0.0064 0.4991
vn 0.9662 -0.0033 0.2577
vn 0.9659 -0.0033 0.2588
vn 0.7071 -0.0090 0.7070
vn 0.7077 -0.0090 0.7064
vn 0.5000 -0.0111 0.8660
vn 0.5005 -0.0110 0.8657
vn 0.2588 -0.0123 0.9658
vn 0.2591 -0.0123 0.9658
vn 0.3733 -0.9277 0.0010
vn 0.2921 -0.9564 0.0018
vn 0.9808 0.0025 -0.1951
vn 0.7071 0.0090 -0.7071
vn 0.1951 0.0125 -0.9807
vn 0.9808 -0.0025 0.1951
vn 0.1951 -0.0125 0.9807
vn -0.9808 -0.0025 0.1951
vn -0.1951 -0.0125 0.9807
vn -0.9808 0.0025 -0.1951
vn -0.1951 0.0125 -0.9807
vn 0.7071 -0.0090 0.7071
vn -0.7071 -0.0090 0.7071
vn -0.7071 0.0090 -0.7071
vn -0.0000 0.6604 -0.7509
vn -0.0000 0.6410 0.7675
vn -0.9236 -0.3611 0.1289
vn -0.6242 -0.7712 0.1249
vn -0.5108 -0.7481 0.4235
vn -0.6512 -0.5126 0.5596
vn -0.1585 -0.9785 0.1320
vn -0.1425 -0.8396 0.5242
vn -0.1694 -0.5490 0.8185
vn -0.9239 -0.3586 -0.1334
vn -0.6527 -0.4943 -0.5741
vn -0.5121 -0.7395 -0.4370
vn -0.6249 -0.7700 -0.1286
vn -0.1693 -0.5205 -0.8369
vn -0.1437 -0.8292 -0.5402
vn -0.1587 -0.9779 -0.1364
vn 0.9236 -0.3611 0.1289
vn 0.6512 -0.5126 0.5596
vn 0.5108 -0.7481 0.4236
vn 0.6242 -0.7712 0.1249
vn 0.1694 -0.5490 0.8185
vn 0.1425 -0.8396 0.5242
vn 0.1585 -0.9785 0.1320
vn 0.1693 -0.5205 -0.8369
vn 0.6527 -0.4943 -0.5741
vn 0.5121 -0.7395 -0.4370
vn 0.1437 -0.8292 -0.5402
vn 0.9239 -0.3586 -0.1334
vn 0.6249 -0.7700 -0.1286
vn 0.1587 -0.9779 -0.1364
vn -0.8347 -0.5417 0.0989
vn -0.5832 -0.8062 0.1002
vn -0.4659 -0.8155 0.3434
vn -0.5562 -0.7080 0.4352
vn -0.1490 -0.9834 0.1037
vn -0.1259 -0.8970 0.4236
vn -0.1379 -0.7529 0.6436
vn -0.8341 -0.5412 -0.1069
vn -0.5583 -0.6926 -0.4567
vn -0.4721 -0.8022 -0.3654
vn -0.5837 -0.8047 -0.1084
vn -0.1409 -0.7333 -0.6651
vn -0.1298 -0.8868 -0.4436
vn -0.1487 -0.9829 -0.1087
vn 0.8347 -0.5417 0.0989
vn 0.5562 -0.7080 0.4352
vn 0.4659 -0.8155 0.3434
vn 0.5832 -0.8062 0.1002
vn 0.1379 -0.7529 0.6435
vn 0.1259 -0.8970 0.4236
vn 0.1490 -0.9834 0.1037
vn 0.1409 -0.7333 -0.6651
vn 0.5583 -0.6926 -0.4567
vn 0.4721 -0.8022 -0.3654
vn 0.1298 -0.8868 -0.4436
vn 0.8341 -0.5412 -0.1069
vn 0.5837 -0.8047 -0.1084
vn 0.1487 -0.9829 -0.1087
vn 0.4761 -0.7868 0.3927
vn 0.1479 -0.8320 0.5347
vn -0.1060 -0.9440 0.3125
vn -0.3684 -0.9000 0.2329
vn -0.4761 -0.7868 0.3927
vn -0.1478 -0.8320 0.5347
vn -0.5675 -0.8200 0.0741
vn -0.7425 -0.6568 0.1314
vn -0.1512 -0.8188 -0.5538
vn -0.4801 -0.7786 -0.4042
vn -0.1071 -0.9386 -0.3280
vn -0.3715 -0.8961 -0.2429
vn 0.1512 -0.8188 -0.5537
vn 0.4801 -0.7786 -0.4041
vn -0.7412 -0.6571 -0.1373
vn -0.5695 -0.8185 -0.0763
vn 0.7412 -0.6571 -0.1373
vn 0.7425 -0.6568 0.1314
vn 0.1071 -0.9386 -0.3280
vn 0.3715 -0.8961 -0.2429
vn 0.5695 -0.8185 -0.0763
vn 0.5675 -0.8200 0.0741
vn 0.3684 -0.9000 0.2329
vn 0.1060 -0.9440 0.3125
vn 0.9441 -0.2918 0.1536
vn 0.8705 -0.4730 0.1359
vn 0.5660 -0.6724 0.4770
vn 0.6670 -0.4743 0.5746
vn 0.1557 -0.6939 0.7030
vn 0.1875 -0.5129 0.8377
vn -0.8705 -0.4730 0.1359
vn -0.9441 -0.2918 0.1536
vn -0.6670 -0.4743 0.5746
vn -0.5660 -0.6724 0.4770
vn -0.1875 -0.5129 0.8377
vn -0.1557 -0.6939 0.7030
vn 0.1879 -0.4824 -0.8555
vn 0.1567 -0.6753 -0.7207
vn 0.5696 -0.6610 -0.4886
vn 0.6695 -0.4544 -0.5876
vn 0.8720 -0.4695 -0.1384
vn 0.9451 -0.2866 -0.1567
vn -0.9451 -0.2866 -0.1567
vn -0.8720 -0.4695 -0.1384
vn -0.5696 -0.6610 -0.4886
vn -0.6695 -0.4544 -0.5876
vn -0.1567 -0.6753 -0.7207
vn -0.1879 -0.4824 -0.8555
vn 0.7527 -0.6326 0.1823
vn 0.4489 -0.7721 0.4498
vn 0.1528 -0.7833 0.6025
vn -0.7527 -0.6326 0.1823
vn -0.4489 -0.7721 0.4498
vn -0.1528 -0.7833 0.6025
vn -0.1547 -0.7718 -0.6168
vn -0.4546 -0.7637 -0.4585
vn -0.7556 -0.6284 -0.1848
vn 0.7556 -0.6284 -0.1848
vn 0.4546 -0.7637 -0.4585
vn 0.1547 -0.7718 -0.6168
vn 0.4530 -0.8888 0.0699
vn 0.2403 -0.9555 0.1712
vn 0.0897 -0.9682 0.2334
vn -0.4530 -0.8888 0.0699
vn -0.2403 -0.9555 0.1712
vn -0.0897 -0.9682 0.2334
vn -0.0922 -0.9649 -0.2457
vn -0.2442 -0.9530 -0.1794
vn -0.4547 -0.8876 -0.0731
vn 0.4547 -0.8876 -0.0731
vn 0.2442 -0.9530 -0.1794
vn 0.0922 -0.9649 -0.2457
vn 0.5108 -0.7481 0.4235
vn 0.5832 -0.8061 0.1002
vn 0.1259 -0.8971 0.4236
vn 0.8340 -0.5412 -0.1069
vn 0.5837 -0.8047 -0.1085
vn 0.5583 -0.6926 -0.4568
vn -0.5832 -0.8061 0.1002
vn -0.4659 -0.8154 0.3435
vn -0.1379 -0.7529 0.6435
vn -0.8340 -0.5412 -0.1069
vn -0.1528 -0.7834 0.6025
vn 0.4372 0.8993 0.0115
vn 0.4373 0.8993 0.0115
vn 0.7865 0.6176 0.0079
vn -0.0000 -0.9999 -0.0128
vn 0.4373 -0.8993 -0.0115
vn 0.7865 -0.6176 -0.0079
vn 0.4372 -0.8993 -0.0115
vn 0.2590 0.0123 -0.9658
vn 0.1281 0.0127 -0.9917
vn 0.1281 -0.0127 0.9917
vn 0.7088 0.7028 -0.0602
vn 0.7088 0.7011 0.0781
vn 0.7139 0.6434 0.2762
vn 0.7139 0.4888 0.5014
vn 0.7139 0.2597 0.6503
vn 0.7139 -0.0089 0.7002
vn 0.7139 -0.2762 0.6434
vn 0.7139 -0.5014 0.4888
vn 0.7139 -0.6503 0.2597
vn 0.7088 -0.7028 0.0602
vn 0.0281 0.9995 0.0128
vn -0.0000 -0.3945 0.9189
vn 0.0617 -0.9980 -0.0127
vn 0.0281 -0.9995 -0.0128
vn 0.7088 -0.7011 -0.0781
vn 0.0617 0.9980 0.0127
vn 0.2590 -0.0123 0.9658
vn 0.7139 0.6503 -0.2597
vn 0.7139 0.5014 -0.4888
vn 0.7139 0.2762 -0.6434
vn 0.7139 0.0089 -0.7002
vn 0.7139 -0.2597 -0.6503
vn 0.7139 -0.4888 -0.5014
vn 0.7139 -0.6434 -0.2762
vn 0.1281 0.0126 -0.9917
vn 0.7139 -0.2762 0.6435
vn -0.4373 0.8992 0.0115
vn -0.7865 0.6175 0.0079
vn -0.4373 0.8993 0.0115
vn -0.4373 -0.8992 -0.0115
vn -0.7865 -0.6175 -0.0079
vn -0.4373 -0.8993 -0.0115
vn -0.2590 0.0123 -0.9658
vn -0.1281 0.0127 -0.9917
vn -0.1281 -0.0127 0.9917
vn -0.7088 0.7028 -0.0602
vn -0.7088 0.7011 0.0781
vn -0.7139 0.6434 0.2762
vn -0.7139 0.4888 0.5014
vn -0.7139 0.2597 0.6503
vn -0.7139 -0.0089 0.7002
vn -0.7139 -0.2762 0.6435
vn -0.7139 -0.5014 0.4888
vn -0.7139 -0.6503 0.2597
vn -0.7088 -0.7028 0.0602
vn -0.0281 0.9995 0.0128
vn -0.0617 -0.9980 -0.0127
vn -0.0281 -0.9995 -0.0128
vn -0.7088 -0.7010 -0.0781
vn -0.0617 0.9980 0.0127
vn -0.2590 -0.0123 0.9658
vn -0.7140 0.6503 -0.2597
vn -0.7140 0.5014 -0.4887
vn -0.7140 0.5014 -0.4888
vn -0.7140 0.2762 -0.6434
vn -0.7140 0.0089 -0.7001
vn -0.7140 -0.2597 -0.6503
vn -0.7140 -0.4888 -0.5014
vn -0.7140 -0.6434 -0.2762
vn -0.7088 0.7010 0.0781
vn -0.7140 0.4888 0.5014
vn -0.7140 0.2597 0.6503
vn -0.7140 -0.0089 0.7001
vn -0.7140 -0.2762 0.6434
vn -0.7140 -0.5014 0.4888
vn -0.7140 -0.6503 0.2597
vn -0.7140 -0.2597 -0.6502
vt 0.373347 0.481557
vt 0.012644 0.519479
vt 0.023770 0.367892
vt 0.128050 0.367950
vt 0.129016 0.361876
vt 0.128291 0.363626
vt 0.126542 0.364349
vt 0.126542 0.361875
vt 0.446706 0.334992
vt 0.441545 0.343928
vt 0.439411 0.342291
vt 0.439680 0.034488
vt 0.428471 0.026905
vt 0.431098 0.025798
vt 0.442175 0.033438
vt 0.417627 0.019683
vt 0.420377 0.018516
vt 0.407898 0.013331
vt 0.410760 0.012118
vt 0.399946 0.008237
vt 0.402905 0.006989
vt 0.394288 0.004734
vt 0.397331 0.003452
vt 0.391283 0.003060
vt 0.394383 0.001729
vt 0.437541 0.036147
vt 0.426220 0.028653
vt 0.415269 0.021518
vt 0.405444 0.015238
vt 0.397404 0.010206
vt 0.391675 0.006760
vt 0.388628 0.005137
vt 0.435905 0.038302
vt 0.424497 0.030923
vt 0.413465 0.023899
vt 0.403563 0.017714
vt 0.395454 0.012765
vt 0.389674 0.009389
vt 0.386596 0.007820
vt 0.434882 0.040807
vt 0.423419 0.033561
vt 0.412334 0.026664
vt 0.402383 0.020592
vt 0.394231 0.015741
vt 0.388419 0.012445
vt 0.385317 0.010929
vt 0.434541 0.043493
vt 0.423058 0.036388
vt 0.411955 0.029627
vt 0.401985 0.023677
vt 0.393816 0.018931
vt 0.387990 0.015716
vt 0.384876 0.014262
vt 0.436736 0.337675
vt 0.425348 0.346075
vt 0.424963 0.343267
vt 0.436376 0.335006
vt 0.414319 0.354336
vt 0.413909 0.351390
vt 0.404388 0.361901
vt 0.403954 0.358827
vt 0.396210 0.368254
vt 0.395755 0.365070
vt 0.390316 0.372959
vt 0.389842 0.369684
vt 0.387059 0.375713
vt 0.386556 0.372340
vt 0.437771 0.340159
vt 0.426442 0.348689
vt 0.415471 0.357078
vt 0.405593 0.364760
vt 0.397462 0.371219
vt 0.391608 0.376017
vt 0.388400 0.378852
vt 0.428171 0.350933
vt 0.417287 0.359431
vt 0.407491 0.367215
vt 0.399432 0.373766
vt 0.393640 0.378646
vt 0.390488 0.381543
vt 0.430419 0.352656
vt 0.419647 0.361238
vt 0.409955 0.369099
vt 0.401990 0.375720
vt 0.396278 0.380665
vt 0.393185 0.383625
vt 0.444029 0.344959
vt 0.433034 0.353743
vt 0.422391 0.362379
vt 0.412817 0.370290
vt 0.404957 0.376955
vt 0.399340 0.381944
vt 0.396327 0.384959
vt 0.446697 0.345317
vt 0.435841 0.354125
vt 0.425335 0.362782
vt 0.415888 0.370714
vt 0.408138 0.377398
vt 0.402612 0.382408
vt 0.399699 0.385461
vt 0.406082 0.006536
vt 0.400591 0.002992
vt 0.436248 0.002484
vt 0.436298 0.006125
vt 0.397718 0.001223
vt 0.436222 0.000668
vt 0.433922 0.025405
vt 0.444857 0.033069
vt 0.423335 0.018097
vt 0.413838 0.011678
vt 0.444910 0.043443
vt 0.436364 0.011414
vt 0.652337 0.009877
vt 0.652337 0.016444
vt 0.652337 0.023867
vt 0.652337 0.031642
vt 0.993554 0.546952
vt 0.992952 0.546952
vt 0.992952 0.508983
vt 0.993554 0.508983
vt 0.993554 0.566442
vt 0.992952 0.566442
vt 0.992952 0.563184
vt 0.993554 0.563184
vt 0.993554 0.550209
vt 0.992952 0.550209
vt 0.992952 0.559940
vt 0.993554 0.559940
vt 0.992952 0.556697
vt 0.993554 0.556697
vt 0.992952 0.553453
vt 0.993554 0.553453
vt 0.993554 0.942289
vt 0.992952 0.942289
vt 0.992952 0.939031
vt 0.993554 0.939031
vt 0.992952 0.922799
vt 0.993554 0.922799
vt 0.993554 0.926056
vt 0.992952 0.926056
vt 0.992952 0.935787
vt 0.993554 0.935787
vt 0.992952 0.932544
vt 0.993554 0.932544
vt 0.992952 0.929300
vt 0.993554 0.929300
vt 0.469345 0.472282
vt 0.469944 0.472705
vt 0.469944 0.482927
vt 0.469345 0.482503
vt 0.992987 0.000713
vt 0.993586 0.000685
vt 0.993586 0.253984
vt 0.992987 0.253984
vt 0.007122 0.529616
vt 0.004711 0.527767
vt 0.383568 0.481557
vt 0.383568 0.519509
vt 0.382933 0.519467
vt 0.374297 0.530779
vt 0.374463 0.531398
vt 0.371257 0.531820
vt 0.371215 0.531185
vt 0.383146 0.522715
vt 0.382527 0.522549
vt 0.377104 0.529616
vt 0.377424 0.530171
vt 0.379515 0.527767
vt 0.379968 0.528220
vt 0.381364 0.525356
vt 0.381919 0.525677
vt 0.001699 0.522549
vt 0.001080 0.522715
vt 0.000658 0.519509
vt 0.001293 0.519467
vt 0.013011 0.531185
vt 0.012969 0.531820
vt 0.009763 0.531398
vt 0.009929 0.530779
vt 0.002862 0.525356
vt 0.002307 0.525677
vt 0.004258 0.528220
vt 0.006801 0.530171
vt 0.000658 0.266240
vt 0.001293 0.266240
vt 0.361478 0.508543
vt 0.013011 0.266240
vt 0.652338 0.364131
vt 0.652338 0.372150
vt 0.652337 0.042057
vt 0.652338 0.378906
vt 0.652338 0.383959
vt 0.652338 0.387019
vt 0.652338 0.336171
vt 0.652338 0.346497
vt 0.652338 0.355384
vt 0.994868 0.724412
vt 0.995467 0.724412
vt 0.995467 0.939308
vt 0.994868 0.939732
vt 0.311477 0.531185
vt 0.311505 0.531820
vt 0.951859 0.843979
vt 0.950936 0.843361
vt 0.950936 0.832953
vt 0.951859 0.832336
vt 0.949847 0.843145
vt 0.949847 0.833169
vt 0.992952 0.625871
vt 0.993554 0.625871
vt 0.129016 0.265325
vt 0.126542 0.265325
vt 0.025016 0.265325
vt 0.025016 0.361818
vt 0.022542 0.361817
vt 0.022542 0.265325
vt 0.025016 0.364293
vt 0.021973 0.367147
vt 0.021229 0.365349
vt 0.978778 0.455901
vt 0.981748 0.455901
vt 0.981748 0.457721
vt 0.978778 0.457721
vt 0.981748 0.459540
vt 0.978778 0.459540
vt 0.978778 0.354733
vt 0.981748 0.354733
vt 0.981748 0.356552
vt 0.978778 0.356552
vt 0.981748 0.358370
vt 0.978778 0.358370
vt 0.373347 0.266240
vt 0.130591 0.365410
vt 0.130591 0.266240
vt 0.129847 0.367207
vt 0.377882 0.269968
vt 0.377882 0.170795
vt 0.379556 0.173414
vt 0.379556 0.269968
vt 0.021229 0.266240
vt 0.383868 0.168164
vt 0.383868 0.267273
vt 0.382194 0.267273
vt 0.382194 0.170782
vt 0.023266 0.363567
vt 0.649543 0.008612
vt 0.649543 0.007669
vt 0.650653 0.007669
vt 0.650653 0.008612
vt 0.681455 0.008611
vt 0.681455 0.007668
vt 0.682565 0.007668
vt 0.682565 0.008611
vt 0.698975 0.008611
vt 0.698975 0.007668
vt 0.700086 0.007668
vt 0.700086 0.008611
vt 0.648432 0.008612
vt 0.648432 0.007669
vt 0.683676 0.008611
vt 0.683676 0.007668
vt 0.684786 0.007668
vt 0.684786 0.008611
vt 0.701196 0.007668
vt 0.701196 0.008611
vt 0.646211 0.008612
vt 0.646211 0.007669
vt 0.647321 0.007669
vt 0.647321 0.008612
vt 0.666155 0.008611
vt 0.666155 0.007668
vt 0.675901 0.007668
vt 0.675901 0.008611
vt 0.702307 0.008611
vt 0.702307 0.007668
vt 0.703418 0.007668
vt 0.703418 0.008611
vt 0.694533 0.007668
vt 0.694533 0.008611
vt 0.651764 0.007669
vt 0.651764 0.008612
vt 0.628690 0.008613
vt 0.628690 0.007669
vt 0.629801 0.007669
vt 0.629801 0.008613
vt 0.697865 0.008611
vt 0.697865 0.007668
vt 0.652874 0.007669
vt 0.652874 0.008612
vt 0.954957 0.878722
vt 0.950936 0.858367
vt 0.951859 0.857750
vt 0.696754 0.008611
vt 0.696754 0.007668
vt 0.653985 0.008612
vt 0.653985 0.007669
vt 0.655096 0.007669
vt 0.655096 0.008612
vt 0.633133 0.008612
vt 0.633133 0.007669
vt 0.634243 0.007669
vt 0.634243 0.008612
vt 0.695643 0.007668
vt 0.695643 0.008611
vt 0.636464 0.008612
vt 0.636464 0.007669
vt 0.635354 0.008612
vt 0.635354 0.007669
vt 0.664842 0.007669
vt 0.664842 0.008612
vt 0.679233 0.008611
vt 0.679233 0.007668
vt 0.680344 0.007668
vt 0.680344 0.008611
vt 0.630911 0.008612
vt 0.630911 0.007669
vt 0.632022 0.007669
vt 0.632022 0.008612
vt 0.678123 0.008611
vt 0.678123 0.007668
vt 0.677012 0.007668
vt 0.677012 0.008611
vt 0.627579 0.008613
vt 0.627579 0.007669
vt 0.948758 0.832953
vt 0.948758 0.843361
vt 0.947834 0.843979
vt 0.947834 0.832336
vt 0.940248 0.888028
vt 0.931617 0.900680
vt 0.936762 0.887040
vt 0.941838 0.888889
vt 0.941838 0.900680
vt 0.902472 0.387161
vt 0.917158 0.387161
vt 0.917158 0.602055
vt 0.902472 0.602055
vt 0.931617 0.885993
vt 0.020562 0.921098
vt 0.273859 0.921098
vt 0.273859 0.927281
vt 0.020562 0.927281
vt 0.952477 0.844902
vt 0.952477 0.831412
vt 0.947217 0.844902
vt 0.947217 0.831412
vt 0.943352 0.878722
vt 0.947834 0.857750
vt 0.948758 0.858367
vt 0.949847 0.858584
vt 0.948588 0.520378
vt 0.954956 0.520378
vt 0.949847 0.817730
vt 0.948758 0.817947
vt 0.954957 0.891991
vt 0.954957 0.895308
vt 0.943173 0.895308
vt 0.943191 0.891991
vt 0.954957 0.888674
vt 0.943221 0.888674
vt 0.954957 0.885357
vt 0.943259 0.885357
vt 0.954957 0.882039
vt 0.943304 0.882039
vt 0.954957 0.898626
vt 0.943166 0.898626
vt 0.954957 0.937029
vt 0.943166 0.937029
vt 0.950936 0.817947
vt 0.007294 0.927281
vt 0.003976 0.927281
vt 0.003976 0.920960
vt 0.007294 0.921005
vt 0.010611 0.927281
vt 0.010611 0.921043
vt 0.013928 0.927281
vt 0.013928 0.921073
vt 0.017245 0.927281
vt 0.017245 0.921091
vt 0.000659 0.927281
vt 0.000659 0.920912
vt 0.951859 0.818564
vt 0.947217 0.856827
vt 0.954957 0.818961
vt 0.952477 0.819488
vt 0.947834 0.818564
vt 0.385181 0.075663
vt 0.947217 0.819488
vt 0.944247 0.817455
vt 0.385080 0.054945
vt 0.947000 0.820577
vt 0.947000 0.830323
vt 0.943945 0.838156
vt 0.947000 0.845991
vt 0.947000 0.855737
vt 0.952693 0.820577
vt 0.351608 0.531185
vt 0.351645 0.531820
vt 0.993554 0.585948
vt 0.992952 0.585948
vt 0.952477 0.856827
vt 0.954957 0.859107
vt 0.329745 0.531185
vt 0.329777 0.531820
vt 0.992952 0.607698
vt 0.993554 0.607698
vt 0.954957 0.837236
vt 0.952693 0.830323
vt 0.952693 0.855737
vt 0.952693 0.845991
vt 0.373347 0.050922
vt 0.128050 0.164529
vt 0.023770 0.164587
vt 0.012644 0.013000
vt 0.129016 0.168773
vt 0.126542 0.168774
vt 0.126542 0.166300
vt 0.128291 0.167024
vt 0.857969 0.334992
vt 0.865264 0.342291
vt 0.863130 0.343927
vt 0.864995 0.034488
vt 0.862500 0.033438
vt 0.873577 0.025798
vt 0.876204 0.026905
vt 0.884298 0.018516
vt 0.887048 0.019683
vt 0.893915 0.012118
vt 0.896777 0.013331
vt 0.901770 0.006989
vt 0.904729 0.008237
vt 0.907344 0.003452
vt 0.910387 0.004734
vt 0.910292 0.001729
vt 0.913392 0.003060
vt 0.867133 0.036147
vt 0.878455 0.028653
vt 0.889405 0.021518
vt 0.899231 0.015238
vt 0.907271 0.010206
vt 0.913000 0.006760
vt 0.916047 0.005137
vt 0.868770 0.038302
vt 0.880178 0.030923
vt 0.891210 0.023899
vt 0.901112 0.017714
vt 0.909221 0.012765
vt 0.915001 0.009389
vt 0.918078 0.007820
vt 0.869793 0.040807
vt 0.881256 0.033561
vt 0.892340 0.026664
vt 0.902292 0.020592
vt 0.910444 0.015741
vt 0.916256 0.012444
vt 0.919358 0.010928
vt 0.870134 0.043493
vt 0.881617 0.036388
vt 0.892720 0.029627
vt 0.902690 0.023677
vt 0.910859 0.018931
vt 0.916685 0.015716
vt 0.919799 0.014261
vt 0.867939 0.337675
vt 0.868299 0.335006
vt 0.879712 0.343267
vt 0.879327 0.346075
vt 0.890766 0.351390
vt 0.890356 0.354336
vt 0.900721 0.358827
vt 0.900288 0.361900
vt 0.908920 0.365070
vt 0.908465 0.368254
vt 0.914833 0.369684
vt 0.914359 0.372959
vt 0.918119 0.372340
vt 0.917616 0.375713
vt 0.866904 0.340159
vt 0.878233 0.348689
vt 0.889204 0.357078
vt 0.899082 0.364760
vt 0.907213 0.371219
vt 0.913067 0.376016
vt 0.916275 0.378852
vt 0.876504 0.350933
vt 0.887388 0.359431
vt 0.897184 0.367215
vt 0.905243 0.373765
vt 0.911035 0.378645
vt 0.914187 0.381543
vt 0.874256 0.352656
vt 0.885028 0.361238
vt 0.894720 0.369099
vt 0.902685 0.375720
vt 0.908397 0.380664
vt 0.911490 0.383625
vt 0.860646 0.344959
vt 0.871641 0.353743
vt 0.882284 0.362379
vt 0.891858 0.370290
vt 0.899718 0.376955
vt 0.905335 0.381943
vt 0.908348 0.384958
vt 0.857978 0.345317
vt 0.868834 0.354124
vt 0.879340 0.362782
vt 0.888787 0.370714
vt 0.896537 0.377398
vt 0.902063 0.382408
vt 0.904976 0.385460
vt 0.898593 0.006536
vt 0.868376 0.006125
vt 0.868427 0.002484
vt 0.904084 0.002992
vt 0.868453 0.000668
vt 0.906957 0.001223
vt 0.859818 0.033069
vt 0.870753 0.025405
vt 0.881340 0.018097
vt 0.890837 0.011678
vt 0.859765 0.043443
vt 0.868311 0.011414
vt 0.991036 0.546953
vt 0.991036 0.508984
vt 0.991638 0.508984
vt 0.991638 0.546953
vt 0.991036 0.566443
vt 0.991036 0.563186
vt 0.991638 0.563186
vt 0.991638 0.566443
vt 0.991638 0.550211
vt 0.991036 0.550211
vt 0.991036 0.559942
vt 0.991638 0.559942
vt 0.991036 0.556698
vt 0.991638 0.556698
vt 0.991036 0.553455
vt 0.991638 0.553455
vt 0.991036 0.942296
vt 0.991036 0.939039
vt 0.991638 0.939039
vt 0.991638 0.942296
vt 0.991638 0.922806
vt 0.991638 0.926064
vt 0.991036 0.926064
vt 0.991036 0.922806
vt 0.991036 0.935795
vt 0.991638 0.935795
vt 0.991036 0.932551
vt 0.991638 0.932551
vt 0.991036 0.929308
vt 0.991638 0.929308
vt 0.985416 0.041209
vt 0.985416 0.030988
vt 0.986015 0.030564
vt 0.986015 0.040785
vt 0.992987 0.507256
vt 0.993586 0.507283
vt 0.004711 0.004712
vt 0.007122 0.002863
vt 0.382933 0.013012
vt 0.383568 0.012970
vt 0.383568 0.050922
vt 0.374297 0.001700
vt 0.371215 0.001294
vt 0.371257 0.000659
vt 0.374463 0.001081
vt 0.382527 0.009930
vt 0.383146 0.009764
vt 0.377104 0.002863
vt 0.377424 0.002308
vt 0.379515 0.004713
vt 0.379968 0.004259
vt 0.381364 0.007123
vt 0.381919 0.006803
vt 0.001699 0.009930
vt 0.001293 0.013012
vt 0.000658 0.012970
vt 0.001080 0.009764
vt 0.013011 0.001294
vt 0.009929 0.001700
vt 0.009763 0.001081
vt 0.012969 0.000659
vt 0.002862 0.007123
vt 0.002307 0.006803
vt 0.004258 0.004259
vt 0.006801 0.002308
vt 0.361478 0.023936
vt 0.994868 0.509092
vt 0.995467 0.509516
vt 0.311477 0.001294
vt 0.311505 0.000659
vt 0.093708 0.887189
vt 0.105351 0.887189
vt 0.104734 0.888113
vt 0.094325 0.888113
vt 0.104517 0.889202
vt 0.094542 0.889202
vt 0.991638 0.625874
vt 0.991036 0.625874
vt 0.022542 0.168833
vt 0.025016 0.168831
vt 0.025016 0.166357
vt 0.021973 0.165332
vt 0.021229 0.167130
vt 0.965806 0.619793
vt 0.965806 0.621613
vt 0.962836 0.621613
vt 0.962836 0.619793
vt 0.965806 0.623432
vt 0.962836 0.623432
vt 0.965806 0.518624
vt 0.965806 0.520442
vt 0.962836 0.520442
vt 0.962836 0.518624
vt 0.965806 0.522261
vt 0.962836 0.522261
vt 0.130591 0.167069
vt 0.129847 0.165272
vt 0.379556 0.366521
vt 0.377882 0.369140
vt 0.383868 0.366382
vt 0.382194 0.363765
vt 0.023266 0.167083
vt 0.602082 0.007668
vt 0.603193 0.007668
vt 0.603193 0.008611
vt 0.602082 0.008611
vt 0.030098 0.366128
vt 0.031209 0.366128
vt 0.031209 0.367071
vt 0.030098 0.367071
vt 0.047619 0.366128
vt 0.048729 0.366128
vt 0.048729 0.367071
vt 0.047619 0.367071
vt 0.600971 0.007668
vt 0.600971 0.008611
vt 0.032319 0.366128
vt 0.033430 0.366128
vt 0.033430 0.367071
vt 0.032319 0.367071
vt 0.049840 0.366128
vt 0.049840 0.367071
vt 0.598750 0.007668
vt 0.599861 0.007668
vt 0.599861 0.008611
vt 0.598750 0.008611
vt 0.052061 0.366128
vt 0.061807 0.366128
vt 0.061807 0.367071
vt 0.052061 0.367071
vt 0.050951 0.366128
vt 0.050951 0.367071
vt 0.043176 0.366128
vt 0.043176 0.367071
vt 0.604303 0.007668
vt 0.604303 0.008611
vt 0.618492 0.007668
vt 0.619602 0.007668
vt 0.619602 0.008611
vt 0.618492 0.008611
vt 0.046508 0.366128
vt 0.046508 0.367071
vt 0.605414 0.007668
vt 0.605414 0.008611
vt 0.058964 0.884092
vt 0.079936 0.887189
vt 0.079319 0.888113
vt 0.045398 0.366128
vt 0.045398 0.367071
vt 0.606524 0.007668
vt 0.607635 0.007668
vt 0.607635 0.008611
vt 0.606524 0.008611
vt 0.622934 0.007668
vt 0.624044 0.007668
vt 0.624044 0.008611
vt 0.622934 0.008611
vt 0.044287 0.366128
vt 0.044287 0.367071
vt 0.589004 0.007668
vt 0.589004 0.008611
vt 0.625155 0.007668
vt 0.626266 0.007668
vt 0.626266 0.008611
vt 0.625155 0.008611
vt 0.617381 0.007668
vt 0.617381 0.008611
vt 0.027877 0.366128
vt 0.028987 0.366128
vt 0.028987 0.367071
vt 0.027877 0.367071
vt 0.620713 0.007668
vt 0.621823 0.007668
vt 0.621823 0.008611
vt 0.620713 0.008611
vt 0.026766 0.366128
vt 0.026766 0.367071
vt 0.024545 0.366128
vt 0.025656 0.366128
vt 0.025656 0.367071
vt 0.024545 0.367071
vt 0.104734 0.890291
vt 0.105351 0.891215
vt 0.093708 0.891215
vt 0.094325 0.890291
vt 0.376253 0.371814
vt 0.379740 0.370826
vt 0.384885 0.384466
vt 0.374663 0.372675
vt 0.374663 0.384466
vt 0.902472 0.816950
vt 0.917158 0.816950
vt 0.384885 0.369780
vt 0.527155 0.921098
vt 0.527155 0.927281
vt 0.092784 0.886572
vt 0.106274 0.886572
vt 0.106274 0.891832
vt 0.092784 0.891832
vt 0.058964 0.895697
vt 0.079319 0.890291
vt 0.079936 0.891215
vt 0.079102 0.889202
vt 0.417308 0.890461
vt 0.119956 0.889202
vt 0.417308 0.884093
vt 0.119739 0.890291
vt 0.045695 0.884092
vt 0.045695 0.895858
vt 0.042378 0.895876
vt 0.042378 0.884092
vt 0.049012 0.884092
vt 0.049012 0.895828
vt 0.052330 0.884092
vt 0.052330 0.895790
vt 0.055647 0.884092
vt 0.055647 0.895745
vt 0.039061 0.895882
vt 0.039061 0.884092
vt 0.000658 0.895882
vt 0.000658 0.884092
vt 0.119739 0.888113
vt 0.540424 0.927281
vt 0.540424 0.921005
vt 0.543742 0.920960
vt 0.543742 0.927281
vt 0.537107 0.927281
vt 0.537107 0.921043
vt 0.533790 0.927281
vt 0.533790 0.921073
vt 0.530473 0.927281
vt 0.530473 0.921091
vt 0.547059 0.920912
vt 0.547059 0.927281
vt 0.119122 0.887189
vt 0.080860 0.891832
vt 0.118725 0.884092
vt 0.118199 0.886572
vt 0.119122 0.891215
vt 0.919494 0.075664
vt 0.120232 0.894802
vt 0.118199 0.891832
vt 0.919595 0.054945
vt 0.117109 0.892048
vt 0.099531 0.895104
vt 0.107363 0.892048
vt 0.091695 0.892048
vt 0.081949 0.892048
vt 0.117109 0.886356
vt 0.351608 0.001294
vt 0.351645 0.000659
vt 0.991638 0.585950
vt 0.991036 0.585950
vt 0.078579 0.884092
vt 0.080860 0.886572
vt 0.329745 0.001294
vt 0.329777 0.000659
vt 0.991638 0.607700
vt 0.991036 0.607700
vt 0.100450 0.884092
vt 0.107363 0.886356
vt 0.081949 0.886356
vt 0.091695 0.886355
vt 0.867230 0.948821
vt 0.842104 0.948821
vt 0.842104 0.947426
vt 0.867230 0.947426
vt 0.867230 0.922299
vt 0.842104 0.922299
vt 0.842104 0.920903
vt 0.867230 0.920903
vt 0.840708 0.947426
vt 0.840708 0.922299
vt 0.841117 0.948413
vt 0.025462 0.981529
vt 0.025462 0.979624
vt 0.026434 0.979624
vt 0.026434 0.981529
vt 0.027407 0.979624
vt 0.027407 0.981529
vt 0.002600 0.979624
vt 0.002600 0.981529
vt 0.001628 0.981529
vt 0.001628 0.979624
vt 0.000655 0.981529
vt 0.000655 0.979624
vt 0.075076 0.981529
vt 0.075076 0.979624
vt 0.076048 0.979624
vt 0.076048 0.981529
vt 0.077020 0.979624
vt 0.077020 0.981529
vt 0.052213 0.979624
vt 0.052213 0.981529
vt 0.051241 0.981529
vt 0.051241 0.979624
vt 0.050269 0.981529
vt 0.050269 0.979624
vt 0.841117 0.921312
vt 0.099883 0.979624
vt 0.099883 0.981529
vt 0.868626 0.947426
vt 0.868626 0.922299
vt 0.868217 0.921312
vt 0.868217 0.948413
vt 0.960714 0.027179
vt 0.960714 0.002052
vt 0.962110 0.002052
vt 0.962110 0.027179
vt 0.987236 0.027179
vt 0.987236 0.002052
vt 0.988632 0.002052
vt 0.988632 0.027179
vt 0.962110 0.000656
vt 0.987236 0.000656
vt 0.961123 0.001065
vt 0.226551 0.967505
vt 0.226551 0.965600
vt 0.227523 0.965600
vt 0.227523 0.967505
vt 0.228495 0.965600
vt 0.228495 0.967505
vt 0.203688 0.965600
vt 0.203688 0.967505
vt 0.202716 0.967505
vt 0.202716 0.965600
vt 0.201744 0.967505
vt 0.201744 0.965600
vt 0.276165 0.967505
vt 0.276165 0.965600
vt 0.277137 0.965600
vt 0.277137 0.967505
vt 0.278109 0.965600
vt 0.278109 0.967505
vt 0.253302 0.965600
vt 0.253302 0.967505
vt 0.252330 0.967505
vt 0.252330 0.965600
vt 0.251358 0.967505
vt 0.251358 0.965600
vt 0.988223 0.001065
vt 0.300971 0.965600
vt 0.300971 0.967505
vt 0.962110 0.028575
vt 0.987236 0.028575
vt 0.988223 0.028166
vt 0.961123 0.028166
vt 0.683964 0.977224
vt 0.683964 0.952097
vt 0.685360 0.952097
vt 0.685360 0.977224
vt 0.710487 0.977224
vt 0.710487 0.952097
vt 0.711883 0.952097
vt 0.711883 0.977224
vt 0.685360 0.950701
vt 0.710487 0.950701
vt 0.684373 0.951110
vt 0.977130 0.704353
vt 0.975224 0.704353
vt 0.975224 0.703381
vt 0.977130 0.703381
vt 0.975224 0.702409
vt 0.977130 0.702409
vt 0.975224 0.727216
vt 0.977130 0.727216
vt 0.977130 0.728188
vt 0.975224 0.728188
vt 0.977130 0.729160
vt 0.975224 0.729160
vt 0.977130 0.654739
vt 0.975224 0.654739
vt 0.975224 0.653767
vt 0.977130 0.653767
vt 0.975224 0.652795
vt 0.977130 0.652795
vt 0.975224 0.677602
vt 0.977130 0.677602
vt 0.977130 0.678574
vt 0.975224 0.678574
vt 0.977130 0.679546
vt 0.975224 0.679546
vt 0.711474 0.951110
vt 0.975224 0.629932
vt 0.977130 0.629932
vt 0.685360 0.978620
vt 0.710487 0.978620
vt 0.711474 0.978211
vt 0.684373 0.978211
vt 0.548374 0.947426
vt 0.548374 0.922299
vt 0.549770 0.922299
vt 0.549770 0.947426
vt 0.574897 0.947426
vt 0.574897 0.922299
vt 0.576293 0.922299
vt 0.576293 0.947426
vt 0.549770 0.920903
vt 0.574897 0.920903
vt 0.548783 0.921312
vt 0.443432 0.889504
vt 0.443432 0.887598
vt 0.444404 0.887598
vt 0.444404 0.889504
vt 0.445376 0.887598
vt 0.445376 0.889504
vt 0.420569 0.887598
vt 0.420569 0.889503
vt 0.419597 0.889503
vt 0.419597 0.887598
vt 0.418625 0.889503
vt 0.418625 0.887598
vt 0.493046 0.889504
vt 0.493046 0.887598
vt 0.494018 0.887598
vt 0.494018 0.889504
vt 0.494990 0.887598
vt 0.494990 0.889504
vt 0.470183 0.887598
vt 0.470183 0.889504
vt 0.469211 0.889504
vt 0.469211 0.887598
vt 0.468239 0.889504
vt 0.468239 0.887598
vt 0.575884 0.921312
vt 0.517853 0.887598
vt 0.517853 0.889504
vt 0.549770 0.948822
vt 0.574897 0.948822
vt 0.575884 0.948413
vt 0.548783 0.948413
vt 0.060519 0.935803
vt 0.085646 0.935803
vt 0.085646 0.937199
vt 0.060519 0.937199
vt 0.060519 0.962326
vt 0.085646 0.962326
vt 0.085646 0.963722
vt 0.060519 0.963722
vt 0.087042 0.937199
vt 0.087042 0.962326
vt 0.086633 0.936212
vt 0.939509 0.658778
vt 0.937604 0.658778
vt 0.937604 0.657806
vt 0.939509 0.657806
vt 0.937604 0.656834
vt 0.939509 0.656834
vt 0.937604 0.681641
vt 0.939509 0.681641
vt 0.939509 0.682613
vt 0.937604 0.682613
vt 0.939509 0.683586
vt 0.937604 0.683586
vt 0.939509 0.609164
vt 0.937604 0.609164
vt 0.937604 0.608192
vt 0.939509 0.608192
vt 0.937604 0.607219
vt 0.939509 0.607219
vt 0.937604 0.632027
vt 0.939509 0.632027
vt 0.939509 0.632999
vt 0.937604 0.632999
vt 0.939509 0.633971
vt 0.937604 0.633971
vt 0.086633 0.963313
vt 0.937604 0.584356
vt 0.939509 0.584356
vt 0.059123 0.937199
vt 0.059123 0.962326
vt 0.059532 0.963313
vt 0.059532 0.936212
vt 0.231814 0.963721
vt 0.206687 0.963721
vt 0.206687 0.962326
vt 0.231814 0.962326
vt 0.231814 0.937199
vt 0.206687 0.937199
vt 0.206687 0.935803
vt 0.231814 0.935803
vt 0.205291 0.962326
vt 0.205291 0.937199
vt 0.205700 0.963313
vt 0.986386 0.706982
vt 0.984481 0.706982
vt 0.984481 0.706010
vt 0.986386 0.706010
vt 0.984481 0.705038
vt 0.986386 0.705038
vt 0.984481 0.729845
vt 0.986386 0.729845
vt 0.986386 0.730817
vt 0.984481 0.730817
vt 0.986386 0.731790
vt 0.984481 0.731790
vt 0.986386 0.657368
vt 0.984481 0.657368
vt 0.984481 0.656396
vt 0.986386 0.656396
vt 0.984481 0.655424
vt 0.986386 0.655424
vt 0.984481 0.680231
vt 0.986386 0.680231
vt 0.986386 0.681203
vt 0.984481 0.681203
vt 0.986386 0.682175
vt 0.984481 0.682175
vt 0.205700 0.936212
vt 0.984481 0.632561
vt 0.986386 0.632561
vt 0.233210 0.962326
vt 0.233210 0.937199
vt 0.232801 0.936212
vt 0.232801 0.963313
vt 0.633363 0.948822
vt 0.608237 0.948822
vt 0.608237 0.947426
vt 0.633363 0.947426
vt 0.633363 0.922299
vt 0.608237 0.922299
vt 0.608237 0.920903
vt 0.633363 0.920903
vt 0.606841 0.947426
vt 0.606841 0.922299
vt 0.607249 0.948413
vt 0.514439 0.462459
vt 0.512534 0.462459
vt 0.512534 0.461487
vt 0.514439 0.461487
vt 0.512534 0.460515
vt 0.514439 0.460515
vt 0.512534 0.485322
vt 0.514439 0.485322
vt 0.514439 0.486295
vt 0.512534 0.486295
vt 0.514439 0.487267
vt 0.512534 0.487267
vt 0.514439 0.412845
vt 0.512534 0.412845
vt 0.512534 0.411873
vt 0.514439 0.411873
vt 0.512534 0.410900
vt 0.514439 0.410900
vt 0.512534 0.435708
vt 0.514439 0.435708
vt 0.514439 0.436680
vt 0.512534 0.436680
vt 0.514439 0.437652
vt 0.512534 0.437652
vt 0.607249 0.921312
vt 0.512534 0.388037
vt 0.514439 0.388037
vt 0.634759 0.947426
vt 0.634759 0.922299
vt 0.634350 0.921312
vt 0.634350 0.948413
vt 0.177453 0.935803
vt 0.202580 0.935803
vt 0.202580 0.937199
vt 0.177453 0.937199
vt 0.177453 0.962326
vt 0.202580 0.962326
vt 0.202580 0.963722
vt 0.177453 0.963722
vt 0.203976 0.937199
vt 0.203976 0.962326
vt 0.203567 0.936212
vt 0.376707 0.969106
vt 0.376707 0.971011
vt 0.375735 0.971011
vt 0.375735 0.969106
vt 0.374763 0.971011
vt 0.374763 0.969106
vt 0.399570 0.971011
vt 0.399570 0.969106
vt 0.400542 0.969106
vt 0.400542 0.971011
vt 0.401514 0.969106
vt 0.401514 0.971011
vt 0.327093 0.969106
vt 0.327093 0.971011
vt 0.326121 0.971011
vt 0.326121 0.969106
vt 0.325149 0.971011
vt 0.325149 0.969106
vt 0.349956 0.971011
vt 0.349956 0.969106
vt 0.350928 0.969106
vt 0.350928 0.971011
vt 0.351900 0.969106
vt 0.351900 0.971011
vt 0.203567 0.963313
vt 0.302286 0.971011
vt 0.302286 0.969106
vt 0.176058 0.937199
vt 0.176058 0.962326
vt 0.176466 0.963313
vt 0.176466 0.936212
vt 0.593551 0.978619
vt 0.568424 0.978619
vt 0.568424 0.977223
vt 0.593551 0.977223
vt 0.593551 0.952096
vt 0.568424 0.952096
vt 0.568424 0.950701
vt 0.593551 0.950701
vt 0.567028 0.977223
vt 0.567028 0.952096
vt 0.567437 0.978210
vt 0.493046 0.884092
vt 0.493046 0.885997
vt 0.492074 0.885997
vt 0.492074 0.884092
vt 0.491101 0.885997
vt 0.491101 0.884092
vt 0.515909 0.885997
vt 0.515909 0.884092
vt 0.516881 0.884092
vt 0.516881 0.885997
vt 0.517853 0.884092
vt 0.517853 0.885997
vt 0.443431 0.884092
vt 0.443431 0.885997
vt 0.442459 0.885997
vt 0.442459 0.884092
vt 0.441487 0.885997
vt 0.441487 0.884092
vt 0.466294 0.885997
vt 0.466294 0.884092
vt 0.467266 0.884092
vt 0.467266 0.885997
vt 0.468239 0.884092
vt 0.468239 0.885997
vt 0.567437 0.951109
vt 0.418624 0.885997
vt 0.418624 0.884092
vt 0.594947 0.977223
vt 0.594947 0.952096
vt 0.594538 0.951109
vt 0.594538 0.978210
vt 0.652021 0.978620
vt 0.626894 0.978620
vt 0.626894 0.977224
vt 0.652021 0.977224
vt 0.652021 0.952097
vt 0.626894 0.952097
vt 0.626894 0.950701
vt 0.652021 0.950701
vt 0.625498 0.977224
vt 0.625498 0.952097
vt 0.625907 0.978211
vt 0.942731 0.658778
vt 0.940826 0.658778
vt 0.940826 0.657806
vt 0.942731 0.657806
vt 0.940826 0.656834
vt 0.942731 0.656834
vt 0.940826 0.681641
vt 0.942731 0.681641
vt 0.942731 0.682613
vt 0.940826 0.682613
vt 0.942731 0.683586
vt 0.940826 0.683586
vt 0.942731 0.609164
vt 0.940826 0.609164
vt 0.940826 0.608191
vt 0.942731 0.608191
vt 0.940826 0.607219
vt 0.942731 0.607219
vt 0.940826 0.632027
vt 0.942731 0.632027
vt 0.942731 0.632999
vt 0.940826 0.632999
vt 0.942731 0.633971
vt 0.940826 0.633971
vt 0.625907 0.951110
vt 0.940826 0.584356
vt 0.942731 0.584356
vt 0.653417 0.977224
vt 0.653417 0.952097
vt 0.653008 0.951110
vt 0.653008 0.978211
vt 0.802290 0.950703
vt 0.827417 0.950703
vt 0.827417 0.952099
vt 0.802290 0.952099
vt 0.802290 0.977226
vt 0.827417 0.977226
vt 0.827417 0.978622
vt 0.802290 0.978621
vt 0.828813 0.952099
vt 0.828813 0.977226
vt 0.828404 0.951112
vt 0.902909 0.980498
vt 0.902909 0.982404
vt 0.901937 0.982404
vt 0.901937 0.980498
vt 0.900964 0.982404
vt 0.900964 0.980498
vt 0.925771 0.982404
vt 0.925771 0.980498
vt 0.926744 0.980498
vt 0.926744 0.982404
vt 0.927716 0.980498
vt 0.927716 0.982404
vt 0.853295 0.980498
vt 0.853295 0.982404
vt 0.852323 0.982404
vt 0.852323 0.980498
vt 0.851350 0.982404
vt 0.851350 0.980498
vt 0.876157 0.982404
vt 0.876157 0.980498
vt 0.877130 0.980498
vt 0.877130 0.982404
vt 0.878102 0.980498
vt 0.878102 0.982404
vt 0.828404 0.978213
vt 0.828488 0.982404
vt 0.828488 0.980498
vt 0.800895 0.952099
vt 0.800895 0.977226
vt 0.801303 0.978213
vt 0.801303 0.951112
vt 0.465680 0.963722
vt 0.440554 0.963722
vt 0.440554 0.962326
vt 0.465680 0.962326
vt 0.465680 0.937199
vt 0.440554 0.937199
vt 0.440554 0.935804
vt 0.465680 0.935803
vt 0.439158 0.962326
vt 0.439158 0.937199
vt 0.439566 0.963313
vt 0.327096 0.974518
vt 0.327096 0.972612
vt 0.328068 0.972612
vt 0.328068 0.974518
vt 0.329040 0.972612
vt 0.329040 0.974518
vt 0.304233 0.972612
vt 0.304233 0.974518
vt 0.303261 0.974518
vt 0.303261 0.972612
vt 0.302289 0.974518
vt 0.302289 0.972612
vt 0.376711 0.974518
vt 0.376711 0.972612
vt 0.377683 0.972612
vt 0.377683 0.974518
vt 0.378655 0.972612
vt 0.378655 0.974518
vt 0.353848 0.972612
vt 0.353848 0.974518
vt 0.352875 0.974518
vt 0.352875 0.972612
vt 0.351903 0.974518
vt 0.351903 0.972612
vt 0.439566 0.936212
vt 0.401518 0.972612
vt 0.401518 0.974518
vt 0.467076 0.962326
vt 0.467076 0.937199
vt 0.466667 0.936212
vt 0.466667 0.963313
vt 0.116277 0.937199
vt 0.116277 0.962326
vt 0.114881 0.962326
vt 0.114881 0.937199
vt 0.089754 0.937199
vt 0.089754 0.962326
vt 0.088358 0.962326
vt 0.088358 0.937199
vt 0.114881 0.963722
vt 0.089754 0.963722
vt 0.115868 0.963313
vt 0.493044 0.891105
vt 0.493044 0.893010
vt 0.492072 0.893010
vt 0.492072 0.891105
vt 0.491100 0.893010
vt 0.491100 0.891105
vt 0.515907 0.893010
vt 0.515907 0.891105
vt 0.516879 0.891105
vt 0.516879 0.893010
vt 0.517851 0.891105
vt 0.517851 0.893010
vt 0.443429 0.891105
vt 0.443429 0.893010
vt 0.442457 0.893010
vt 0.442457 0.891105
vt 0.441485 0.893010
vt 0.441485 0.891105
vt 0.466292 0.893010
vt 0.466292 0.891105
vt 0.467264 0.891105
vt 0.467264 0.893010
vt 0.468236 0.891105
vt 0.468236 0.893010
vt 0.088767 0.963313
vt 0.418622 0.893010
vt 0.418622 0.891105
vt 0.114881 0.935803
vt 0.089754 0.935803
vt 0.088767 0.936212
vt 0.115868 0.936212
vt 0.694542 0.947426
vt 0.694542 0.922299
vt 0.695938 0.922299
vt 0.695938 0.947426
vt 0.721064 0.947426
vt 0.721064 0.922299
vt 0.722460 0.922299
vt 0.722460 0.947426
vt 0.695938 0.920903
vt 0.721064 0.920903
vt 0.694951 0.921312
vt 0.989610 0.726261
vt 0.987705 0.726261
vt 0.987705 0.725289
vt 0.989610 0.725289
vt 0.987705 0.724317
vt 0.989610 0.724317
vt 0.987705 0.749124
vt 0.989610 0.749124
vt 0.989610 0.750096
vt 0.987705 0.750096
vt 0.989610 0.751068
vt 0.987705 0.751068
vt 0.989610 0.676647
vt 0.987705 0.676647
vt 0.987705 0.675675
vt 0.989610 0.675675
vt 0.987705 0.674702
vt 0.989610 0.674702
vt 0.987705 0.699510
vt 0.989610 0.699510
vt 0.989610 0.700482
vt 0.987705 0.700482
vt 0.989610 0.701454
vt 0.987705 0.701454
vt 0.722051 0.921312
vt 0.987705 0.651840
vt 0.989610 0.651840
vt 0.695938 0.948822
vt 0.721064 0.948822
vt 0.722051 0.948413
vt 0.694951 0.948413
vt 0.380690 0.962327
vt 0.380690 0.937200
vt 0.382086 0.937200
vt 0.382086 0.962327
vt 0.407213 0.962327
vt 0.407213 0.937200
vt 0.408609 0.937200
vt 0.408609 0.962327
vt 0.382086 0.935804
vt 0.407213 0.935804
vt 0.381099 0.936213
vt 0.701822 0.980498
vt 0.701822 0.982403
vt 0.700850 0.982403
vt 0.700850 0.980498
vt 0.699878 0.982403
vt 0.699878 0.980498
vt 0.724685 0.982403
vt 0.724685 0.980498
vt 0.725657 0.980498
vt 0.725657 0.982403
vt 0.726629 0.980498
vt 0.726629 0.982403
vt 0.652208 0.980498
vt 0.652208 0.982403
vt 0.651236 0.982403
vt 0.651236 0.980498
vt 0.650264 0.982403
vt 0.650264 0.980498
vt 0.675071 0.982403
vt 0.675071 0.980498
vt 0.676043 0.980498
vt 0.676043 0.982403
vt 0.677015 0.980498
vt 0.677015 0.982403
vt 0.408200 0.936213
vt 0.627401 0.982403
vt 0.627401 0.980498
vt 0.382086 0.963723
vt 0.407213 0.963723
vt 0.408200 0.963314
vt 0.381099 0.963314
vt 0.798184 0.978619
vt 0.773057 0.978619
vt 0.773057 0.977223
vt 0.798184 0.977223
vt 0.798184 0.952096
vt 0.773057 0.952096
vt 0.773057 0.950700
vt 0.798184 0.950700
vt 0.771661 0.977223
vt 0.771661 0.952096
vt 0.772070 0.978210
vt 0.025464 0.967506
vt 0.025464 0.965601
vt 0.026436 0.965601
vt 0.026436 0.967506
vt 0.027408 0.965601
vt 0.027408 0.967506
vt 0.002601 0.965601
vt 0.002601 0.967506
vt 0.001629 0.967506
vt 0.001629 0.965601
vt 0.000656 0.967506
vt 0.000656 0.965601
vt 0.075078 0.967506
vt 0.075078 0.965601
vt 0.076050 0.965601
vt 0.076050 0.967506
vt 0.077022 0.965601
vt 0.077022 0.967506
vt 0.052215 0.965601
vt 0.052215 0.967506
vt 0.051243 0.967506
vt 0.051243 0.965601
vt 0.050271 0.967506
vt 0.050271 0.965601
vt 0.772070 0.951109
vt 0.099885 0.965601
vt 0.099885 0.967506
vt 0.799580 0.977223
vt 0.799580 0.952096
vt 0.799171 0.951109
vt 0.799171 0.978210
vt 0.604130 0.948821
vt 0.579003 0.948821
vt 0.579003 0.947425
vt 0.604130 0.947425
vt 0.604130 0.922298
vt 0.579003 0.922298
vt 0.579003 0.920902
vt 0.604130 0.920902
vt 0.577607 0.947425
vt 0.577607 0.922298
vt 0.578016 0.948412
vt 0.126005 0.981527
vt 0.126005 0.979622
vt 0.126977 0.979622
vt 0.126977 0.981527
vt 0.127950 0.979622
vt 0.127950 0.981527
vt 0.103142 0.979622
vt 0.103142 0.981527
vt 0.102170 0.981527
vt 0.102170 0.979622
vt 0.101198 0.981527
vt 0.101198 0.979622
vt 0.175620 0.981527
vt 0.175620 0.979622
vt 0.176592 0.979622
vt 0.176592 0.981527
vt 0.177564 0.979622
vt 0.177564 0.981527
vt 0.152757 0.979622
vt 0.152757 0.981527
vt 0.151785 0.981527
vt 0.151785 0.979622
vt 0.150813 0.981527
vt 0.150813 0.979622
vt 0.578016 0.921311
vt 0.200427 0.979622
vt 0.200427 0.981527
vt 0.605526 0.947425
vt 0.605526 0.922298
vt 0.605117 0.921311
vt 0.605117 0.948412
vt 0.524149 0.986509
vt 0.499022 0.986509
vt 0.499022 0.985113
vt 0.524149 0.985113
vt 0.524149 0.959986
vt 0.499022 0.959986
vt 0.499022 0.958590
vt 0.524149 0.958590
vt 0.497626 0.985113
vt 0.497626 0.959986
vt 0.498035 0.986100
vt 0.226552 0.971011
vt 0.226552 0.969106
vt 0.227524 0.969106
vt 0.227524 0.971011
vt 0.228496 0.969106
vt 0.228496 0.971011
vt 0.203689 0.969106
vt 0.203689 0.971011
vt 0.202717 0.971011
vt 0.202717 0.969106
vt 0.201745 0.971011
vt 0.201745 0.969106
vt 0.276166 0.971011
vt 0.276166 0.969106
vt 0.277138 0.969106
vt 0.277138 0.971011
vt 0.278110 0.969106
vt 0.278110 0.971011
vt 0.253303 0.969106
vt 0.253303 0.971011
vt 0.252331 0.971011
vt 0.252331 0.969106
vt 0.251359 0.971011
vt 0.251359 0.969106
vt 0.498035 0.958999
vt 0.300973 0.969106
vt 0.300973 0.971011
vt 0.525545 0.985113
vt 0.525545 0.959986
vt 0.525136 0.958999
vt 0.525136 0.986100
vt 0.987076 0.977742
vt 0.961950 0.977742
vt 0.961949 0.976346
vt 0.987076 0.976346
vt 0.987076 0.951219
vt 0.961949 0.951219
vt 0.961950 0.949823
vt 0.987076 0.949823
vt 0.960554 0.976346
vt 0.960554 0.951219
vt 0.960962 0.977333
vt 0.075079 0.972611
vt 0.075079 0.974516
vt 0.074107 0.974516
vt 0.074107 0.972611
vt 0.073135 0.974516
vt 0.073135 0.972611
vt 0.097942 0.974516
vt 0.097942 0.972611
vt 0.098914 0.972611
vt 0.098914 0.974516
vt 0.099886 0.972611
vt 0.099886 0.974516
vt 0.025465 0.972611
vt 0.025465 0.974516
vt 0.024493 0.974516
vt 0.024493 0.972611
vt 0.023521 0.974516
vt 0.023521 0.972611
vt 0.048328 0.974516
vt 0.048328 0.972611
vt 0.049300 0.972611
vt 0.049300 0.974516
vt 0.050272 0.972611
vt 0.050272 0.974516
vt 0.960962 0.950232
vt 0.000658 0.974516
vt 0.000658 0.972611
vt 0.988472 0.976346
vt 0.988472 0.951219
vt 0.988063 0.950232
vt 0.988063 0.977333
vt 0.812871 0.920901
vt 0.837998 0.920901
vt 0.837998 0.922297
vt 0.812871 0.922297
vt 0.812871 0.947423
vt 0.837998 0.947423
vt 0.837998 0.948819
vt 0.812871 0.948819
vt 0.839394 0.922297
vt 0.839394 0.947423
vt 0.838985 0.921310
vt 0.226545 0.978024
vt 0.226545 0.976119
vt 0.227517 0.976119
vt 0.227517 0.978024
vt 0.228489 0.976119
vt 0.228489 0.978024
vt 0.203682 0.976119
vt 0.203682 0.978024
vt 0.202710 0.978024
vt 0.202710 0.976119
vt 0.201738 0.978024
vt 0.201738 0.976119
vt 0.276159 0.978024
vt 0.276159 0.976119
vt 0.277131 0.976119
vt 0.277131 0.978024
vt 0.278103 0.976119
vt 0.278103 0.978024
vt 0.253296 0.976119
vt 0.253296 0.978024
vt 0.252324 0.978024
vt 0.252324 0.976119
vt 0.251352 0.978024
vt 0.251352 0.976119
vt 0.838985 0.948410
vt 0.300966 0.976119
vt 0.300966 0.978024
vt 0.811475 0.922297
vt 0.811475 0.947423
vt 0.811884 0.948410
vt 0.811884 0.921310
vt 0.856651 0.978618
vt 0.831524 0.978618
vt 0.831524 0.977222
vt 0.856651 0.977222
vt 0.856651 0.952095
vt 0.831524 0.952095
vt 0.831524 0.950699
vt 0.856651 0.950699
vt 0.830128 0.977222
vt 0.830128 0.952095
vt 0.830537 0.978209
vt 0.025463 0.985033
vt 0.025463 0.983128
vt 0.026436 0.983128
vt 0.026436 0.985033
vt 0.027408 0.983128
vt 0.027408 0.985033
vt 0.002601 0.983128
vt 0.002601 0.985033
vt 0.001628 0.985033
vt 0.001628 0.983128
vt 0.000656 0.985033
vt 0.000656 0.983128
vt 0.075077 0.985033
vt 0.075077 0.983128
vt 0.076050 0.983128
vt 0.076050 0.985033
vt 0.077022 0.983128
vt 0.077022 0.985033
vt 0.052215 0.983128
vt 0.052215 0.985033
vt 0.051243 0.985033
vt 0.051243 0.983128
vt 0.050270 0.985033
vt 0.050270 0.983128
vt 0.830537 0.951108
vt 0.099885 0.983128
vt 0.099885 0.985033
vt 0.858047 0.977222
vt 0.858047 0.952095
vt 0.857638 0.951108
vt 0.857638 0.978209
vt 0.622786 0.978618
vt 0.597659 0.978618
vt 0.597659 0.977222
vt 0.622786 0.977222
vt 0.622786 0.952095
vt 0.597659 0.952095
vt 0.597659 0.950699
vt 0.622786 0.950699
vt 0.596263 0.977222
vt 0.596263 0.952095
vt 0.596672 0.978209
vt 0.075078 0.969108
vt 0.075078 0.971013
vt 0.074106 0.971013
vt 0.074106 0.969108
vt 0.073134 0.971013
vt 0.073134 0.969108
vt 0.097941 0.971013
vt 0.097941 0.969108
vt 0.098913 0.969108
vt 0.098913 0.971013
vt 0.099886 0.969108
vt 0.099886 0.971013
vt 0.025464 0.969108
vt 0.025464 0.971013
vt 0.024492 0.971013
vt 0.024492 0.969108
vt 0.023520 0.971013
vt 0.023520 0.969108
vt 0.048327 0.971013
vt 0.048327 0.969108
vt 0.049299 0.969108
vt 0.049299 0.971013
vt 0.050271 0.969108
vt 0.050271 0.971013
vt 0.596672 0.951108
vt 0.000657 0.971013
vt 0.000657 0.969108
vt 0.624182 0.977222
vt 0.624182 0.952095
vt 0.623773 0.951108
vt 0.623773 0.978209
vt 0.885884 0.978618
vt 0.860758 0.978618
vt 0.860758 0.977222
vt 0.885884 0.977222
vt 0.885884 0.952096
vt 0.860758 0.952096
vt 0.860758 0.950700
vt 0.885884 0.950700
vt 0.859362 0.977222
vt 0.859362 0.952096
vt 0.859771 0.978209
vt 0.126006 0.978022
vt 0.126006 0.976117
vt 0.126978 0.976117
vt 0.126978 0.978022
vt 0.127950 0.976117
vt 0.127950 0.978022
vt 0.103143 0.976117
vt 0.103143 0.978022
vt 0.102171 0.978022
vt 0.102171 0.976117
vt 0.101198 0.978022
vt 0.101198 0.976117
vt 0.175620 0.978022
vt 0.175620 0.976117
vt 0.176592 0.976117
vt 0.176592 0.978022
vt 0.177564 0.976117
vt 0.177564 0.978022
vt 0.152757 0.976117
vt 0.152757 0.978022
vt 0.151785 0.978022
vt 0.151785 0.976117
vt 0.150813 0.978022
vt 0.150813 0.976117
vt 0.859771 0.951108
vt 0.200427 0.976117
vt 0.200427 0.978022
vt 0.887280 0.977222
vt 0.887280 0.952096
vt 0.886872 0.951108
vt 0.886872 0.978209
vt 0.436445 0.963721
vt 0.411318 0.963721
vt 0.411318 0.962325
vt 0.436445 0.962325
vt 0.436445 0.937199
vt 0.411318 0.937199
vt 0.411318 0.935803
vt 0.436445 0.935803
vt 0.409922 0.962325
vt 0.409922 0.937199
vt 0.410331 0.963313
vt 0.126007 0.967507
vt 0.126007 0.965602
vt 0.126980 0.965602
vt 0.126980 0.967507
vt 0.127952 0.965602
vt 0.127952 0.967507
vt 0.103145 0.965602
vt 0.103145 0.967507
vt 0.102173 0.967507
vt 0.102173 0.965602
vt 0.101201 0.967507
vt 0.101201 0.965602
vt 0.175621 0.967507
vt 0.175621 0.965602
vt 0.176593 0.965602
vt 0.176593 0.967507
vt 0.177565 0.965602
vt 0.177565 0.967507
vt 0.152759 0.965602
vt 0.152759 0.967507
vt 0.151786 0.967507
vt 0.151786 0.965602
vt 0.150814 0.967507
vt 0.150814 0.965602
vt 0.410331 0.936212
vt 0.200428 0.965602
vt 0.200428 0.967507
vt 0.437841 0.962325
vt 0.437841 0.937199
vt 0.437432 0.936212
vt 0.437432 0.963313
vt 0.654728 0.977223
vt 0.654728 0.952097
vt 0.656124 0.952097
vt 0.656124 0.977223
vt 0.681250 0.977223
vt 0.681250 0.952097
vt 0.682646 0.952097
vt 0.682646 0.977223
vt 0.656124 0.950701
vt 0.681250 0.950701
vt 0.655136 0.951110
vt 0.327089 0.981527
vt 0.327089 0.979622
vt 0.328061 0.979622
vt 0.328061 0.981527
vt 0.329033 0.979622
vt 0.329033 0.981527
vt 0.304226 0.979622
vt 0.304226 0.981527
vt 0.303254 0.981527
vt 0.303254 0.979622
vt 0.302282 0.981527
vt 0.302282 0.979622
vt 0.376703 0.981527
vt 0.376703 0.979622
vt 0.377675 0.979622
vt 0.377675 0.981527
vt 0.378647 0.979622
vt 0.378647 0.981527
vt 0.353840 0.979622
vt 0.353840 0.981527
vt 0.352868 0.981527
vt 0.352868 0.979622
vt 0.351896 0.981527
vt 0.351896 0.979622
vt 0.682237 0.951110
vt 0.401510 0.979622
vt 0.401510 0.981527
vt 0.656124 0.978619
vt 0.681250 0.978619
vt 0.682237 0.978211
vt 0.655136 0.978211
vt 0.433128 0.444359
vt 0.433128 0.419232
vt 0.434524 0.419232
vt 0.434524 0.444359
vt 0.480589 0.444359
vt 0.480589 0.419232
vt 0.481985 0.419232
vt 0.481985 0.444359
vt 0.434524 0.417836
vt 0.480589 0.417836
vt 0.433537 0.418245
vt 0.272355 0.983127
vt 0.272355 0.985032
vt 0.271383 0.985032
vt 0.271383 0.983127
vt 0.270411 0.985032
vt 0.270411 0.983127
vt 0.295218 0.985032
vt 0.295218 0.983127
vt 0.296190 0.983127
vt 0.296190 0.985032
vt 0.297162 0.983127
vt 0.297162 0.985032
vt 0.203689 0.983127
vt 0.203689 0.985032
vt 0.202717 0.985032
vt 0.202717 0.983127
vt 0.201745 0.985032
vt 0.201745 0.983127
vt 0.226552 0.985032
vt 0.226552 0.983127
vt 0.227524 0.983127
vt 0.227524 0.985032
vt 0.228496 0.983127
vt 0.228496 0.985032
vt 0.481576 0.418245
vt 0.989498 0.895333
vt 0.987592 0.895333
vt 0.987592 0.853418
vt 0.989498 0.853418
vt 0.434524 0.445754
vt 0.480589 0.445754
vt 0.481576 0.445346
vt 0.433537 0.445346
vt 0.433129 0.414557
vt 0.433129 0.389431
vt 0.434524 0.389431
vt 0.434524 0.414557
vt 0.490362 0.414557
vt 0.490362 0.389431
vt 0.491758 0.389431
vt 0.491758 0.414557
vt 0.434524 0.388035
vt 0.490362 0.388035
vt 0.433537 0.388444
vt 0.980684 0.032400
vt 0.978779 0.032400
vt 0.978779 0.031428
vt 0.980684 0.031428
vt 0.978779 0.030455
vt 0.980684 0.030455
vt 0.978779 0.055262
vt 0.980684 0.055262
vt 0.980684 0.056234
vt 0.978779 0.056234
vt 0.980684 0.057207
vt 0.978779 0.057207
vt 0.980684 0.109957
vt 0.978779 0.109957
vt 0.978779 0.108985
vt 0.980684 0.108985
vt 0.978779 0.108012
vt 0.980684 0.108012
vt 0.978779 0.132819
vt 0.980684 0.132819
vt 0.980684 0.133791
vt 0.978779 0.133791
vt 0.980684 0.134764
vt 0.978779 0.134764
vt 0.491349 0.388444
vt 0.980684 0.185570
vt 0.978779 0.185570
vt 0.434524 0.415953
vt 0.490362 0.415953
vt 0.491349 0.415545
vt 0.433537 0.415545
vt 0.234525 0.962326
vt 0.234525 0.937199
vt 0.235921 0.937199
vt 0.235921 0.962326
vt 0.261047 0.962326
vt 0.261047 0.937199
vt 0.262443 0.937199
vt 0.262443 0.962326
vt 0.235921 0.935803
vt 0.261047 0.935803
vt 0.234934 0.936212
vt 0.175622 0.969108
vt 0.175622 0.971013
vt 0.174650 0.971013
vt 0.174650 0.969108
vt 0.173678 0.971013
vt 0.173678 0.969108
vt 0.198485 0.971013
vt 0.198485 0.969108
vt 0.199457 0.969108
vt 0.199457 0.971013
vt 0.200429 0.969108
vt 0.200429 0.971013
vt 0.126009 0.969108
vt 0.126009 0.971013
vt 0.125036 0.971013
vt 0.125036 0.969108
vt 0.124064 0.971013
vt 0.124064 0.969108
vt 0.148871 0.971013
vt 0.148871 0.969108
vt 0.149843 0.969108
vt 0.149843 0.971013
vt 0.150816 0.969108
vt 0.150816 0.971013
vt 0.262034 0.936212
vt 0.101202 0.971013
vt 0.101202 0.969108
vt 0.235921 0.963722
vt 0.261047 0.963722
vt 0.262034 0.963313
vt 0.234934 0.963313
vt 0.263758 0.962322
vt 0.263758 0.937196
vt 0.265154 0.937196
vt 0.265154 0.962322
vt 0.290280 0.962322
vt 0.290280 0.937196
vt 0.291676 0.937196
vt 0.291676 0.962322
vt 0.265154 0.935800
vt 0.290280 0.935800
vt 0.264167 0.936209
vt 0.752750 0.982404
vt 0.752750 0.980498
vt 0.753722 0.980498
vt 0.753722 0.982404
vt 0.754695 0.980498
vt 0.754695 0.982404
vt 0.729888 0.980498
vt 0.729888 0.982404
vt 0.728915 0.982404
vt 0.728915 0.980498
vt 0.727943 0.982404
vt 0.727943 0.980498
vt 0.802365 0.982404
vt 0.802365 0.980498
vt 0.803337 0.980498
vt 0.803337 0.982404
vt 0.804309 0.980498
vt 0.804309 0.982404
vt 0.779502 0.980498
vt 0.779502 0.982404
vt 0.778530 0.982404
vt 0.778530 0.980498
vt 0.777557 0.982404
vt 0.777557 0.980498
vt 0.291268 0.936209
vt 0.827172 0.980498
vt 0.827172 0.982404
vt 0.265154 0.963718
vt 0.290280 0.963718
vt 0.291268 0.963310
vt 0.264167 0.963309
vt 0.535085 0.956710
vt 0.509958 0.956710
vt 0.509958 0.955314
vt 0.535085 0.955314
vt 0.535085 0.930188
vt 0.509958 0.930188
vt 0.509958 0.928792
vt 0.535085 0.928792
vt 0.508563 0.955314
vt 0.508563 0.930188
vt 0.508971 0.956301
vt 0.601278 0.980498
vt 0.601278 0.982403
vt 0.600305 0.982403
vt 0.600305 0.980498
vt 0.599333 0.982403
vt 0.599333 0.980498
vt 0.624140 0.982403
vt 0.624140 0.980498
vt 0.625113 0.980498
vt 0.625113 0.982403
vt 0.626085 0.980498
vt 0.626085 0.982403
vt 0.551663 0.980498
vt 0.551663 0.982403
vt 0.550691 0.982403
vt 0.550691 0.980498
vt 0.549719 0.982403
vt 0.549719 0.980498
vt 0.574526 0.982403
vt 0.574526 0.980498
vt 0.575498 0.980498
vt 0.575498 0.982403
vt 0.576470 0.980498
vt 0.576470 0.982403
vt 0.508971 0.929201
vt 0.526856 0.982403
vt 0.526856 0.980498
vt 0.536481 0.955314
vt 0.536481 0.930188
vt 0.536072 0.929201
vt 0.536072 0.956301
vt 0.987076 0.947943
vt 0.961950 0.947943
vt 0.961950 0.946547
vt 0.987076 0.946547
vt 0.987076 0.921420
vt 0.961950 0.921420
vt 0.961950 0.920024
vt 0.987076 0.920024
vt 0.960554 0.946547
vt 0.960554 0.921420
vt 0.960963 0.947534
vt 0.937606 0.709950
vt 0.939511 0.709950
vt 0.939511 0.710922
vt 0.937606 0.710922
vt 0.939511 0.711895
vt 0.937606 0.711895
vt 0.939511 0.687088
vt 0.937606 0.687088
vt 0.937606 0.686115
vt 0.939511 0.686115
vt 0.937606 0.685143
vt 0.939511 0.685143
vt 0.937606 0.759565
vt 0.939511 0.759565
vt 0.939511 0.760537
vt 0.937606 0.760537
vt 0.939511 0.761509
vt 0.937606 0.761509
vt 0.939511 0.736702
vt 0.937606 0.736702
vt 0.937606 0.735730
vt 0.939511 0.735730
vt 0.937606 0.734757
vt 0.939511 0.734757
vt 0.960963 0.920433
vt 0.939511 0.784372
vt 0.937606 0.784372
vt 0.988472 0.946547
vt 0.988472 0.921420
vt 0.988064 0.920433
vt 0.988064 0.947534
vt 0.118986 0.935804
vt 0.144113 0.935804
vt 0.144113 0.937200
vt 0.118986 0.937200
vt 0.118986 0.962327
vt 0.144113 0.962327
vt 0.144113 0.963723
vt 0.118986 0.963723
vt 0.145509 0.937200
vt 0.145509 0.962327
vt 0.145100 0.936213
vt 0.517660 0.462459
vt 0.515755 0.462459
vt 0.515755 0.461487
vt 0.517660 0.461487
vt 0.515755 0.460514
vt 0.517660 0.460514
vt 0.515755 0.485321
vt 0.517660 0.485321
vt 0.517660 0.486293
vt 0.515755 0.486293
vt 0.517660 0.487266
vt 0.515755 0.487266
vt 0.517660 0.412845
vt 0.515755 0.412845
vt 0.515755 0.411873
vt 0.517660 0.411873
vt 0.515755 0.410900
vt 0.517660 0.410900
vt 0.515755 0.435707
vt 0.517660 0.435707
vt 0.517660 0.436680
vt 0.515755 0.436680
vt 0.517660 0.437652
vt 0.515755 0.437652
vt 0.145100 0.963314
vt 0.515755 0.388038
vt 0.517660 0.388038
vt 0.117590 0.937200
vt 0.117590 0.962327
vt 0.117999 0.963314
vt 0.117999 0.936213
vt 0.173347 0.963719
vt 0.148220 0.963719
vt 0.148220 0.962323
vt 0.173347 0.962323
vt 0.173347 0.937197
vt 0.148220 0.937197
vt 0.148220 0.935801
vt 0.173347 0.935801
vt 0.146825 0.962323
vt 0.146825 0.937197
vt 0.147233 0.963310
vt 0.986388 0.807768
vt 0.984483 0.807768
vt 0.984483 0.806796
vt 0.986388 0.806796
vt 0.984483 0.805824
vt 0.986388 0.805824
vt 0.984483 0.830631
vt 0.986388 0.830631
vt 0.986388 0.831603
vt 0.984483 0.831603
vt 0.986388 0.832575
vt 0.984483 0.832575
vt 0.986388 0.758154
vt 0.984483 0.758154
vt 0.984483 0.757181
vt 0.986388 0.757181
vt 0.984483 0.756209
vt 0.986388 0.756209
vt 0.984483 0.781017
vt 0.986388 0.781017
vt 0.986388 0.781989
vt 0.984483 0.781989
vt 0.986388 0.782961
vt 0.984483 0.782961
vt 0.147233 0.936210
vt 0.984483 0.733346
vt 0.986388 0.733346
vt 0.174743 0.962323
vt 0.174743 0.937197
vt 0.174334 0.936210
vt 0.174334 0.963310
vt 0.979487 0.290629
vt 0.954360 0.290629
vt 0.954360 0.289233
vt 0.979487 0.289233
vt 0.979487 0.264106
vt 0.954360 0.264106
vt 0.954360 0.262710
vt 0.979487 0.262710
vt 0.952964 0.289233
vt 0.952964 0.264106
vt 0.953373 0.290220
vt 0.126007 0.985032
vt 0.126007 0.983127
vt 0.126980 0.983127
vt 0.126980 0.985032
vt 0.127952 0.983127
vt 0.127952 0.985032
vt 0.103145 0.983127
vt 0.103145 0.985032
vt 0.102172 0.985032
vt 0.102172 0.983127
vt 0.101200 0.985032
vt 0.101200 0.983127
vt 0.175621 0.985032
vt 0.175621 0.983127
vt 0.176593 0.983127
vt 0.176593 0.985032
vt 0.177566 0.983127
vt 0.177566 0.985032
vt 0.152759 0.983127
vt 0.152759 0.985032
vt 0.151787 0.985032
vt 0.151787 0.983127
vt 0.150814 0.985032
vt 0.150814 0.983127
vt 0.953373 0.263119
vt 0.200428 0.983127
vt 0.200428 0.985032
vt 0.980883 0.289233
vt 0.980883 0.264106
vt 0.980474 0.263119
vt 0.980474 0.290220
vt 0.564320 0.978620
vt 0.539193 0.978620
vt 0.539193 0.977224
vt 0.564320 0.977224
vt 0.564320 0.952098
vt 0.539193 0.952098
vt 0.539193 0.950702
vt 0.564320 0.950702
vt 0.537797 0.977224
vt 0.537797 0.952098
vt 0.538206 0.978212
vt 0.904378 0.892785
vt 0.902472 0.892785
vt 0.902472 0.891813
vt 0.904378 0.891813
vt 0.902472 0.890840
vt 0.904378 0.890840
vt 0.902472 0.915648
vt 0.904378 0.915648
vt 0.904378 0.916620
vt 0.902472 0.916620
vt 0.904378 0.917592
vt 0.902472 0.917592
vt 0.904378 0.843170
vt 0.902472 0.843170
vt 0.902472 0.842198
vt 0.904378 0.842198
vt 0.902472 0.841226
vt 0.904378 0.841226
vt 0.902472 0.866033
vt 0.904378 0.866033
vt 0.904378 0.867005
vt 0.902472 0.867005
vt 0.904378 0.867977
vt 0.902472 0.867977
vt 0.538206 0.951111
vt 0.902472 0.818363
vt 0.904378 0.818363
vt 0.565716 0.977224
vt 0.565716 0.952098
vt 0.565307 0.951111
vt 0.565307 0.978212
vt 0.691830 0.948822
vt 0.666703 0.948822
vt 0.666703 0.947426
vt 0.691830 0.947426
vt 0.691830 0.922299
vt 0.666703 0.922299
vt 0.666703 0.920903
vt 0.691830 0.920903
vt 0.665307 0.947426
vt 0.665307 0.922299
vt 0.665716 0.948413
vt 0.989609 0.827053
vt 0.987704 0.827053
vt 0.987704 0.826081
vt 0.989609 0.826081
vt 0.987704 0.825109
vt 0.989609 0.825109
vt 0.987704 0.849916
vt 0.989609 0.849916
vt 0.989609 0.850888
vt 0.987704 0.850888
vt 0.989609 0.851860
vt 0.987704 0.851860
vt 0.989609 0.777438
vt 0.987704 0.777438
vt 0.987704 0.776466
vt 0.989609 0.776466
vt 0.987704 0.775494
vt 0.989609 0.775494
vt 0.987704 0.800301
vt 0.989609 0.800301
vt 0.989609 0.801274
vt 0.987704 0.801274
vt 0.989609 0.802246
vt 0.987704 0.802246
vt 0.665716 0.921312
vt 0.987704 0.752631
vt 0.989609 0.752631
vt 0.693226 0.947426
vt 0.693226 0.922299
vt 0.692817 0.921312
vt 0.692817 0.948413
vt 0.753008 0.947425
vt 0.753008 0.922299
vt 0.754404 0.922299
vt 0.754404 0.947425
vt 0.779531 0.947425
vt 0.779531 0.922299
vt 0.780927 0.922299
vt 0.780927 0.947425
vt 0.754404 0.920903
vt 0.779531 0.920903
vt 0.753417 0.921312
vt 0.934716 0.810739
vt 0.936621 0.810739
vt 0.936621 0.811711
vt 0.934716 0.811711
vt 0.936621 0.812683
vt 0.934716 0.812683
vt 0.936621 0.787876
vt 0.934716 0.787876
vt 0.934716 0.786904
vt 0.936621 0.786904
vt 0.934716 0.785932
vt 0.936621 0.785932
vt 0.934716 0.860354
vt 0.936621 0.860354
vt 0.936621 0.861326
vt 0.934716 0.861326
vt 0.936621 0.862298
vt 0.934716 0.862298
vt 0.936621 0.837491
vt 0.934716 0.837491
vt 0.934716 0.836519
vt 0.936621 0.836519
vt 0.934716 0.835546
vt 0.936621 0.835546
vt 0.780518 0.921312
vt 0.936621 0.885161
vt 0.934716 0.885161
vt 0.754404 0.948821
vt 0.779531 0.948821
vt 0.780518 0.948412
vt 0.753417 0.948412
vt 0.401184 0.459747
vt 0.376057 0.459747
vt 0.376057 0.458351
vt 0.401184 0.458351
vt 0.401184 0.388555
vt 0.376058 0.388555
vt 0.376058 0.387159
vt 0.401184 0.387159
vt 0.374662 0.458351
vt 0.374662 0.388555
vt 0.375070 0.459338
vt 0.376567 0.326393
vt 0.374662 0.326393
vt 0.374662 0.325421
vt 0.376567 0.325421
vt 0.374662 0.324449
vt 0.376567 0.324449
vt 0.374662 0.349256
vt 0.376567 0.349256
vt 0.376567 0.350228
vt 0.374662 0.350228
vt 0.376567 0.351200
vt 0.374662 0.351200
vt 0.376567 0.236135
vt 0.374662 0.236135
vt 0.374662 0.235163
vt 0.376567 0.235163
vt 0.374662 0.234191
vt 0.376567 0.234191
vt 0.374662 0.258998
vt 0.376567 0.258998
vt 0.376567 0.259970
vt 0.374662 0.259970
vt 0.376567 0.260942
vt 0.374662 0.260942
vt 0.375070 0.387568
vt 0.374662 0.170683
vt 0.376567 0.170683
vt 0.402580 0.458351
vt 0.402580 0.388555
vt 0.402171 0.387568
vt 0.402171 0.459338
vt 0.509822 0.462507
vt 0.484695 0.462507
vt 0.484695 0.461111
vt 0.509822 0.461111
vt 0.509822 0.419233
vt 0.484695 0.419233
vt 0.484695 0.417837
vt 0.509822 0.417837
vt 0.483299 0.461111
vt 0.483299 0.419233
vt 0.483708 0.462098
vt 0.753421 0.007670
vt 0.753421 0.009575
vt 0.752449 0.009575
vt 0.752449 0.007670
vt 0.751477 0.009575
vt 0.751477 0.007670
vt 0.776284 0.009575
vt 0.776284 0.007670
vt 0.777256 0.007670
vt 0.777256 0.009575
vt 0.778228 0.007670
vt 0.778228 0.009575
vt 0.818277 0.007670
vt 0.818277 0.009575
vt 0.817305 0.009575
vt 0.817305 0.007670
vt 0.816333 0.009575
vt 0.816333 0.007670
vt 0.841140 0.009575
vt 0.841140 0.007670
vt 0.842113 0.007670
vt 0.842113 0.009575
vt 0.843085 0.007670
vt 0.843085 0.009575
vt 0.483708 0.418246
vt 0.713371 0.009575
vt 0.713371 0.007670
vt 0.511217 0.461111
vt 0.511217 0.419233
vt 0.510809 0.418246
vt 0.510809 0.462098
vt 0.322222 0.962325
vt 0.322222 0.937199
vt 0.323618 0.937199
vt 0.323618 0.962325
vt 0.348745 0.962325
vt 0.348745 0.937199
vt 0.350141 0.937199
vt 0.350141 0.962325
vt 0.323618 0.935803
vt 0.348745 0.935803
vt 0.322631 0.936212
vt 0.962838 0.650356
vt 0.964743 0.650356
vt 0.964743 0.651328
vt 0.962838 0.651328
vt 0.964743 0.652301
vt 0.962838 0.652301
vt 0.964743 0.627494
vt 0.962838 0.627494
vt 0.962838 0.626521
vt 0.964743 0.626521
vt 0.962838 0.625549
vt 0.964743 0.625549
vt 0.962838 0.699970
vt 0.964743 0.699970
vt 0.964743 0.700942
vt 0.962838 0.700942
vt 0.964743 0.701914
vt 0.962838 0.701914
vt 0.964743 0.677107
vt 0.962838 0.677107
vt 0.962838 0.676135
vt 0.964743 0.676135
vt 0.962838 0.675163
vt 0.964743 0.675163
vt 0.349732 0.936212
vt 0.964743 0.724777
vt 0.962838 0.724777
vt 0.323618 0.963721
vt 0.348745 0.963721
vt 0.349732 0.963312
vt 0.322631 0.963312
vt 0.952966 0.259431
vt 0.952966 0.234304
vt 0.954362 0.234304
vt 0.954362 0.259431
vt 0.979489 0.259431
vt 0.979489 0.234304
vt 0.980885 0.234304
vt 0.980885 0.259431
vt 0.954362 0.232908
vt 0.979489 0.232908
vt 0.953375 0.233317
vt 0.372895 0.983127
vt 0.372895 0.985032
vt 0.371922 0.985032
vt 0.371922 0.983127
vt 0.370950 0.985032
vt 0.370950 0.983127
vt 0.395757 0.985032
vt 0.395757 0.983127
vt 0.396729 0.983127
vt 0.396729 0.985032
vt 0.397702 0.983127
vt 0.397702 0.985032
vt 0.323280 0.983127
vt 0.323280 0.985032
vt 0.322308 0.985032
vt 0.322308 0.983127
vt 0.321336 0.985032
vt 0.321336 0.983127
vt 0.346143 0.985032
vt 0.346143 0.983127
vt 0.347115 0.983127
vt 0.347115 0.985032
vt 0.348087 0.983127
vt 0.348087 0.985032
vt 0.980476 0.233317
vt 0.298473 0.985032
vt 0.298473 0.983127
vt 0.954362 0.260827
vt 0.979489 0.260827
vt 0.980476 0.260418
vt 0.953375 0.260418
vt 0.952967 0.229635
vt 0.952967 0.204508
vt 0.954363 0.204508
vt 0.954363 0.229635
vt 0.979489 0.229635
vt 0.979489 0.204508
vt 0.980885 0.204508
vt 0.980885 0.229635
vt 0.954363 0.203112
vt 0.979489 0.203112
vt 0.953376 0.203521
vt 0.175623 0.972611
vt 0.175623 0.974516
vt 0.174651 0.974516
vt 0.174651 0.972611
vt 0.173679 0.974516
vt 0.173679 0.972611
vt 0.198486 0.974516
vt 0.198486 0.972611
vt 0.199458 0.972611
vt 0.199458 0.974516
vt 0.200430 0.972611
vt 0.200430 0.974516
vt 0.126009 0.972611
vt 0.126009 0.974516
vt 0.125036 0.974516
vt 0.125036 0.972611
vt 0.124064 0.974516
vt 0.124064 0.972611
vt 0.148871 0.974516
vt 0.148871 0.972611
vt 0.149844 0.972611
vt 0.149844 0.974516
vt 0.150816 0.972611
vt 0.150816 0.974516
vt 0.980476 0.203521
vt 0.101201 0.974516
vt 0.101201 0.972611
vt 0.954363 0.231031
vt 0.979489 0.231031
vt 0.980476 0.230622
vt 0.953376 0.230622
vt 0.468390 0.962324
vt 0.468390 0.937197
vt 0.469785 0.937197
vt 0.469785 0.962324
vt 0.494912 0.962324
vt 0.494912 0.937197
vt 0.496308 0.937197
vt 0.496308 0.962324
vt 0.469785 0.935802
vt 0.494912 0.935802
vt 0.468798 0.936210
vt 0.914041 0.892783
vt 0.912136 0.892783
vt 0.912136 0.891811
vt 0.914041 0.891811
vt 0.912136 0.890838
vt 0.914041 0.890838
vt 0.912136 0.915645
vt 0.914041 0.915645
vt 0.914041 0.916618
vt 0.912136 0.916618
vt 0.914041 0.917590
vt 0.912136 0.917590
vt 0.914041 0.843169
vt 0.912136 0.843169
vt 0.912136 0.842197
vt 0.914041 0.842197
vt 0.912136 0.841224
vt 0.914041 0.841224
vt 0.912136 0.866031
vt 0.914041 0.866031
vt 0.914041 0.867004
vt 0.912136 0.867004
vt 0.914041 0.867976
vt 0.912136 0.867976
vt 0.495899 0.936210
vt 0.912136 0.818362
vt 0.914041 0.818362
vt 0.469785 0.963720
vt 0.494912 0.963720
vt 0.495899 0.963311
vt 0.468798 0.963311
vt 0.294387 0.935804
vt 0.319513 0.935804
vt 0.319513 0.937200
vt 0.294387 0.937200
vt 0.294387 0.962327
vt 0.319513 0.962327
vt 0.319513 0.963723
vt 0.294386 0.963723
vt 0.320909 0.937200
vt 0.320909 0.962327
vt 0.320500 0.936213
vt 0.939842 0.860353
vt 0.937937 0.860353
vt 0.937937 0.859381
vt 0.939842 0.859381
vt 0.937937 0.858409
vt 0.939842 0.858409
vt 0.937937 0.883216
vt 0.939842 0.883216
vt 0.939842 0.884188
vt 0.937937 0.884188
vt 0.939842 0.885160
vt 0.937937 0.885160
vt 0.939842 0.810739
vt 0.937937 0.810739
vt 0.937937 0.809767
vt 0.939842 0.809767
vt 0.937937 0.808795
vt 0.939842 0.808795
vt 0.937937 0.833602
vt 0.939842 0.833602
vt 0.939842 0.834574
vt 0.937937 0.834574
vt 0.939842 0.835546
vt 0.937937 0.835546
vt 0.320500 0.963314
vt 0.937937 0.785932
vt 0.939842 0.785932
vt 0.292991 0.937200
vt 0.292991 0.962327
vt 0.293399 0.963314
vt 0.293399 0.936213
vt 0.031285 0.935802
vt 0.056411 0.935802
vt 0.056411 0.937198
vt 0.031285 0.937198
vt 0.031285 0.962324
vt 0.056411 0.962324
vt 0.056411 0.963720
vt 0.031285 0.963720
vt 0.057807 0.937198
vt 0.057807 0.962324
vt 0.057398 0.936211
vt 0.276167 0.972612
vt 0.276167 0.974517
vt 0.275195 0.974517
vt 0.275195 0.972612
vt 0.274223 0.974517
vt 0.274223 0.972612
vt 0.299030 0.974517
vt 0.299030 0.972612
vt 0.300002 0.972612
vt 0.300002 0.974517
vt 0.300974 0.972612
vt 0.300974 0.974517
vt 0.226553 0.972612
vt 0.226553 0.974517
vt 0.225581 0.974517
vt 0.225581 0.972612
vt 0.224609 0.974517
vt 0.224609 0.972612
vt 0.249416 0.974517
vt 0.249416 0.972612
vt 0.250388 0.972612
vt 0.250388 0.974517
vt 0.251360 0.972612
vt 0.251360 0.974517
vt 0.057398 0.963311
vt 0.201746 0.974517
vt 0.201746 0.972612
vt 0.029889 0.937198
vt 0.029889 0.962324
vt 0.030298 0.963311
vt 0.030298 0.936211
vt 0.027179 0.963719
vt 0.002052 0.963719
vt 0.002052 0.962323
vt 0.027179 0.962323
vt 0.027179 0.937197
vt 0.002052 0.937197
vt 0.002052 0.935801
vt 0.027179 0.935801
vt 0.000657 0.962323
vt 0.000657 0.937197
vt 0.001065 0.963310
vt 0.907599 0.892781
vt 0.905694 0.892781
vt 0.905694 0.891809
vt 0.907599 0.891809
vt 0.905694 0.890837
vt 0.907599 0.890837
vt 0.905694 0.915644
vt 0.907599 0.915644
vt 0.907599 0.916616
vt 0.905694 0.916616
vt 0.907599 0.917588
vt 0.905694 0.917588
vt 0.907599 0.843167
vt 0.905694 0.843167
vt 0.905694 0.842194
vt 0.907599 0.842194
vt 0.905694 0.841222
vt 0.907599 0.841222
vt 0.905694 0.866030
vt 0.907599 0.866030
vt 0.907599 0.867002
vt 0.905694 0.867002
vt 0.907599 0.867974
vt 0.905694 0.867974
vt 0.001065 0.936209
vt 0.905694 0.818359
vt 0.907599 0.818359
vt 0.028575 0.962323
vt 0.028575 0.937197
vt 0.028166 0.936209
vt 0.028166 0.963310
vt 0.957841 0.966349
vt 0.932715 0.966349
vt 0.932715 0.964953
vt 0.957841 0.964953
vt 0.957841 0.939826
vt 0.932715 0.939826
vt 0.932715 0.938430
vt 0.957841 0.938430
vt 0.931319 0.964953
vt 0.931319 0.939826
vt 0.931727 0.965940
vt 0.964742 0.800759
vt 0.962837 0.800759
vt 0.962837 0.799787
vt 0.964742 0.799787
vt 0.962837 0.798815
vt 0.964742 0.798815
vt 0.962837 0.823622
vt 0.964742 0.823622
vt 0.964742 0.824594
vt 0.962837 0.824594
vt 0.964742 0.825567
vt 0.962837 0.825567
vt 0.964742 0.751145
vt 0.962837 0.751145
vt 0.962837 0.750173
vt 0.964742 0.750173
vt 0.962837 0.749201
vt 0.964742 0.749201
vt 0.962837 0.774008
vt 0.964742 0.774008
vt 0.964742 0.774980
vt 0.962837 0.774980
vt 0.964742 0.775952
vt 0.962837 0.775952
vt 0.931727 0.938839
vt 0.962837 0.726338
vt 0.964742 0.726338
vt 0.959237 0.964953
vt 0.959237 0.939826
vt 0.958828 0.938839
vt 0.958828 0.965940
vt 0.768954 0.978620
vt 0.743827 0.978620
vt 0.743827 0.977224
vt 0.768954 0.977224
vt 0.768954 0.952097
vt 0.743827 0.952097
vt 0.743827 0.950701
vt 0.768954 0.950701
vt 0.742431 0.977224
vt 0.742431 0.952097
vt 0.742840 0.978211
vt 0.908916 0.843170
vt 0.910821 0.843170
vt 0.910821 0.844142
vt 0.908916 0.844142
vt 0.910821 0.845114
vt 0.908916 0.845114
vt 0.910821 0.820307
vt 0.908916 0.820307
vt 0.908916 0.819335
vt 0.910821 0.819335
vt 0.908916 0.818363
vt 0.910821 0.818363
vt 0.908916 0.892785
vt 0.910821 0.892785
vt 0.910821 0.893757
vt 0.908916 0.893757
vt 0.910821 0.894729
vt 0.908916 0.894729
vt 0.910821 0.869922
vt 0.908916 0.869922
vt 0.908916 0.868949
vt 0.910821 0.868949
vt 0.908916 0.867977
vt 0.910821 0.867977
vt 0.742840 0.951110
vt 0.910821 0.917592
vt 0.908916 0.917592
vt 0.770350 0.977224
vt 0.770350 0.952097
vt 0.769941 0.951110
vt 0.769941 0.978211
vt 0.739719 0.978621
vt 0.714592 0.978621
vt 0.714592 0.977225
vt 0.739719 0.977225
vt 0.739719 0.952099
vt 0.714592 0.952099
vt 0.714592 0.950703
vt 0.739719 0.950703
vt 0.713196 0.977225
vt 0.713196 0.952099
vt 0.713605 0.978213
vt 0.975224 0.755527
vt 0.977129 0.755527
vt 0.977129 0.756499
vt 0.975224 0.756499
vt 0.977129 0.757471
vt 0.975224 0.757471
vt 0.977129 0.732664
vt 0.975224 0.732664
vt 0.975224 0.731692
vt 0.977129 0.731692
vt 0.975224 0.730720
vt 0.977129 0.730720
vt 0.975224 0.805142
vt 0.977129 0.805142
vt 0.977129 0.806114
vt 0.975224 0.806114
vt 0.977129 0.807086
vt 0.975224 0.807086
vt 0.977129 0.782279
vt 0.975224 0.782279
vt 0.975224 0.781307
vt 0.977129 0.781307
vt 0.975224 0.780334
vt 0.977129 0.780334
vt 0.713605 0.951112
vt 0.977129 0.829949
vt 0.975224 0.829949
vt 0.741115 0.977225
vt 0.741115 0.952099
vt 0.740706 0.951112
vt 0.740706 0.978213
vt 0.636075 0.947426
vt 0.636075 0.922299
vt 0.637471 0.922299
vt 0.637471 0.947426
vt 0.662598 0.947426
vt 0.662598 0.922299
vt 0.663994 0.922299
vt 0.663994 0.947426
vt 0.637471 0.920903
vt 0.662598 0.920903
vt 0.636484 0.921312
vt 0.940827 0.709952
vt 0.942732 0.709952
vt 0.942732 0.710924
vt 0.940827 0.710924
vt 0.942732 0.711897
vt 0.940827 0.711897
vt 0.942732 0.687090
vt 0.940827 0.687090
vt 0.940827 0.686117
vt 0.942732 0.686117
vt 0.940827 0.685145
vt 0.942732 0.685145
vt 0.940827 0.759566
vt 0.942732 0.759566
vt 0.942732 0.760538
vt 0.940827 0.760538
vt 0.942732 0.761510
vt 0.940827 0.761510
vt 0.942732 0.736703
vt 0.940827 0.736703
vt 0.940827 0.735731
vt 0.942732 0.735731
vt 0.940827 0.734759
vt 0.942732 0.734759
vt 0.663585 0.921312
vt 0.942732 0.784373
vt 0.940827 0.784373
vt 0.637471 0.948822
vt 0.662598 0.948822
vt 0.663585 0.948413
vt 0.636484 0.948413
vt 0.430418 0.442997
vt 0.405291 0.442997
vt 0.405291 0.441601
vt 0.430418 0.441601
vt 0.430418 0.388555
vt 0.405291 0.388555
vt 0.405291 0.387159
vt 0.430418 0.387159
vt 0.403895 0.441601
vt 0.403895 0.388555
vt 0.404304 0.442588
vt 0.462463 0.009576
vt 0.462463 0.007671
vt 0.463435 0.007671
vt 0.463435 0.009576
vt 0.464407 0.007671
vt 0.464407 0.009576
vt 0.439600 0.007671
vt 0.439600 0.009576
vt 0.438628 0.009576
vt 0.438628 0.007671
vt 0.437656 0.009576
vt 0.437656 0.007671
vt 0.537481 0.009576
vt 0.537481 0.007671
vt 0.538453 0.007671
vt 0.538453 0.009576
vt 0.539425 0.007671
vt 0.539425 0.009576
vt 0.514618 0.007671
vt 0.514618 0.009576
vt 0.513646 0.009576
vt 0.513646 0.007671
vt 0.512673 0.009576
vt 0.512673 0.007671
vt 0.404304 0.387568
vt 0.587691 0.007671
vt 0.587691 0.009576
vt 0.431814 0.441601
vt 0.431814 0.388555
vt 0.431405 0.387568
vt 0.431405 0.442588
vt 0.750297 0.948822
vt 0.725170 0.948822
vt 0.725170 0.947426
vt 0.750297 0.947426
vt 0.750297 0.922299
vt 0.725170 0.922299
vt 0.725170 0.920903
vt 0.750297 0.920903
vt 0.723774 0.947426
vt 0.723774 0.922299
vt 0.724183 0.948413
vt 0.276163 0.979621
vt 0.276163 0.981527
vt 0.275190 0.981527
vt 0.275190 0.979621
vt 0.274218 0.981527
vt 0.274218 0.979621
vt 0.299026 0.981527
vt 0.299026 0.979621
vt 0.299998 0.979621
vt 0.299998 0.981527
vt 0.300970 0.979621
vt 0.300970 0.981527
vt 0.226548 0.979621
vt 0.226548 0.981527
vt 0.225576 0.981527
vt 0.225576 0.979621
vt 0.224604 0.981527
vt 0.224604 0.979621
vt 0.249411 0.981527
vt 0.249411 0.979621
vt 0.250383 0.979621
vt 0.250383 0.981527
vt 0.251355 0.979621
vt 0.251355 0.981527
vt 0.724183 0.921312
vt 0.201741 0.981527
vt 0.201741 0.979621
vt 0.751693 0.947426
vt 0.751693 0.922299
vt 0.751284 0.921312
vt 0.751284 0.948413
vt 0.869943 0.947425
vt 0.869943 0.922298
vt 0.871339 0.922298
vt 0.871339 0.947425
vt 0.896466 0.947425
vt 0.896466 0.922298
vt 0.897862 0.922298
vt 0.897862 0.947425
vt 0.871339 0.920902
vt 0.896466 0.920902
vt 0.870352 0.921311
vt 0.025466 0.978022
vt 0.025466 0.976117
vt 0.026438 0.976117
vt 0.026438 0.978022
vt 0.027410 0.976117
vt 0.027410 0.978022
vt 0.002603 0.976117
vt 0.002603 0.978022
vt 0.001631 0.978022
vt 0.001631 0.976117
vt 0.000659 0.978022
vt 0.000659 0.976117
vt 0.075080 0.978022
vt 0.075080 0.976117
vt 0.076052 0.976117
vt 0.076052 0.978022
vt 0.077024 0.976117
vt 0.077024 0.978022
vt 0.052217 0.976117
vt 0.052217 0.978022
vt 0.051245 0.978022
vt 0.051245 0.976117
vt 0.050273 0.978022
vt 0.050273 0.976117
vt 0.897453 0.921311
vt 0.099887 0.976117
vt 0.099887 0.978022
vt 0.871339 0.948821
vt 0.896466 0.948821
vt 0.897453 0.948412
vt 0.870352 0.948412
vt 0.897557 0.975469
vt 0.897557 0.950342
vt 0.898952 0.950342
vt 0.898952 0.975469
vt 0.924079 0.975469
vt 0.924079 0.950342
vt 0.925475 0.950342
vt 0.925475 0.975469
vt 0.898953 0.948947
vt 0.924079 0.948947
vt 0.897966 0.949355
vt 0.327093 0.967507
vt 0.327093 0.965602
vt 0.328065 0.965602
vt 0.328065 0.967507
vt 0.329037 0.965602
vt 0.329037 0.967507
vt 0.304230 0.965602
vt 0.304230 0.967507
vt 0.303258 0.967507
vt 0.303258 0.965602
vt 0.302285 0.967507
vt 0.302285 0.965602
vt 0.376707 0.967507
vt 0.376707 0.965602
vt 0.377679 0.965602
vt 0.377679 0.967507
vt 0.378651 0.965602
vt 0.378651 0.967507
vt 0.353844 0.965602
vt 0.353844 0.967507
vt 0.352872 0.967507
vt 0.352872 0.965602
vt 0.351900 0.967507
vt 0.351900 0.965602
vt 0.925066 0.949355
vt 0.401514 0.965602
vt 0.401514 0.967507
vt 0.898952 0.976865
vt 0.924079 0.976865
vt 0.925066 0.976456
vt 0.897966 0.976456
vt 0.944994 0.582619
vt 0.919867 0.582619
vt 0.919867 0.581223
vt 0.944994 0.581223
vt 0.944994 0.433254
vt 0.919867 0.433254
vt 0.919867 0.431858
vt 0.944994 0.431858
vt 0.918471 0.581223
vt 0.918471 0.433254
vt 0.918880 0.582210
vt 0.982197 0.055264
vt 0.984102 0.055264
vt 0.984102 0.056236
vt 0.982197 0.056236
vt 0.984102 0.057208
vt 0.982197 0.057208
vt 0.984102 0.032401
vt 0.982197 0.032401
vt 0.982197 0.031429
vt 0.984102 0.031429
vt 0.982197 0.030457
vt 0.984102 0.030457
vt 0.982197 0.216653
vt 0.984102 0.216653
vt 0.984102 0.217625
vt 0.982197 0.217625
vt 0.984102 0.218598
vt 0.982197 0.218598
vt 0.984102 0.193790
vt 0.982197 0.193790
vt 0.982197 0.192818
vt 0.984102 0.192818
vt 0.982197 0.191846
vt 0.984102 0.191846
vt 0.918880 0.432267
vt 0.984102 0.353235
vt 0.982197 0.353235
vt 0.946390 0.581223
vt 0.946390 0.433254
vt 0.945981 0.432267
vt 0.945981 0.582210
vt 0.808764 0.948822
vt 0.783637 0.948822
vt 0.783637 0.947426
vt 0.808764 0.947426
vt 0.808764 0.922299
vt 0.783637 0.922299
vt 0.783637 0.920903
vt 0.808764 0.920903
vt 0.782241 0.947426
vt 0.782241 0.922299
vt 0.782650 0.948413
vt 0.327084 0.978022
vt 0.327084 0.976117
vt 0.328056 0.976117
vt 0.328056 0.978022
vt 0.329028 0.976117
vt 0.329028 0.978022
vt 0.304221 0.976117
vt 0.304221 0.978022
vt 0.303249 0.978022
vt 0.303249 0.976117
vt 0.302277 0.978022
vt 0.302277 0.976117
vt 0.376698 0.978022
vt 0.376698 0.976117
vt 0.377670 0.976117
vt 0.377670 0.978022
vt 0.378642 0.976117
vt 0.378642 0.978022
vt 0.353835 0.976117
vt 0.353835 0.978022
vt 0.352863 0.978022
vt 0.352863 0.976117
vt 0.351891 0.978022
vt 0.351891 0.976117
vt 0.782650 0.921312
vt 0.401504 0.976117
vt 0.401504 0.978022
vt 0.810160 0.947426
vt 0.810160 0.922299
vt 0.809751 0.921312
vt 0.809751 0.948413
vt 0.377981 0.963719
vt 0.352854 0.963719
vt 0.352854 0.962323
vt 0.377981 0.962323
vt 0.377981 0.937196
vt 0.352854 0.937196
vt 0.352854 0.935801
vt 0.377981 0.935801
vt 0.351458 0.962323
vt 0.351458 0.937196
vt 0.351867 0.963310
vt 0.933401 0.769208
vt 0.931496 0.769208
vt 0.931496 0.768236
vt 0.933401 0.768236
vt 0.931496 0.767264
vt 0.933401 0.767264
vt 0.931496 0.792071
vt 0.933401 0.792071
vt 0.933401 0.793043
vt 0.931496 0.793043
vt 0.933401 0.794015
vt 0.931496 0.794015
vt 0.933402 0.719594
vt 0.931496 0.719594
vt 0.931496 0.718622
vt 0.933402 0.718622
vt 0.931496 0.717649
vt 0.933402 0.717649
vt 0.931496 0.742457
vt 0.933401 0.742457
vt 0.933402 0.743429
vt 0.931496 0.743429
vt 0.933402 0.744401
vt 0.931496 0.744401
vt 0.351867 0.936209
vt 0.931496 0.694786
vt 0.933402 0.694786
vt 0.379377 0.962323
vt 0.379377 0.937196
vt 0.378968 0.936209
vt 0.378968 0.963310
vt 0.433131 0.474155
vt 0.433131 0.449028
vt 0.434527 0.449028
vt 0.434527 0.474155
vt 0.466634 0.474155
vt 0.466634 0.449028
vt 0.468030 0.449028
vt 0.468030 0.474155
vt 0.434527 0.447632
vt 0.466634 0.447632
vt 0.433540 0.448041
vt 0.987702 0.647890
vt 0.989607 0.647890
vt 0.989607 0.648862
vt 0.987702 0.648862
vt 0.989607 0.649834
vt 0.987702 0.649834
vt 0.989607 0.625027
vt 0.987702 0.625027
vt 0.987702 0.624055
vt 0.989607 0.624055
vt 0.987702 0.623083
vt 0.989607 0.623083
vt 0.987702 0.591926
vt 0.989607 0.591926
vt 0.989607 0.592898
vt 0.987702 0.592898
vt 0.989607 0.593870
vt 0.987702 0.593870
vt 0.989607 0.569063
vt 0.987702 0.569063
vt 0.987702 0.568091
vt 0.989607 0.568091
vt 0.987702 0.567119
vt 0.989607 0.567119
vt 0.467621 0.448041
vt 0.987702 0.537905
vt 0.989607 0.537905
vt 0.434527 0.475551
vt 0.466634 0.475551
vt 0.467621 0.475142
vt 0.433540 0.475142
vt 0.954359 0.292507
vt 0.979486 0.292507
vt 0.979486 0.293903
vt 0.954359 0.293903
vt 0.954359 0.312050
vt 0.979486 0.312050
vt 0.979486 0.313446
vt 0.954359 0.313446
vt 0.980882 0.293903
vt 0.980882 0.312050
vt 0.980473 0.292916
vt 0.485277 0.525789
vt 0.485277 0.523884
vt 0.486249 0.523884
vt 0.486249 0.525789
vt 0.487221 0.523884
vt 0.487221 0.525789
vt 0.462414 0.523884
vt 0.462414 0.525789
vt 0.461442 0.525789
vt 0.461442 0.523884
vt 0.460470 0.525789
vt 0.460470 0.523884
vt 0.442013 0.525789
vt 0.442013 0.523884
vt 0.442986 0.523884
vt 0.442986 0.525789
vt 0.443958 0.523884
vt 0.443958 0.525789
vt 0.505677 0.523884
vt 0.505677 0.525789
vt 0.504705 0.525789
vt 0.504705 0.523884
vt 0.503733 0.525789
vt 0.503733 0.523884
vt 0.419151 0.525789
vt 0.419151 0.523884
vt 0.980473 0.313037
vt 0.952963 0.293903
vt 0.952963 0.312050
vt 0.953372 0.313037
vt 0.953372 0.292916
vt 0.405292 0.445004
vt 0.430419 0.445004
vt 0.430419 0.446400
vt 0.405292 0.446400
vt 0.405292 0.478506
vt 0.430419 0.478506
vt 0.430419 0.479902
vt 0.405292 0.479902
vt 0.431815 0.446400
vt 0.431815 0.478506
vt 0.431406 0.445413
vt 0.984483 0.572647
vt 0.986388 0.572647
vt 0.986388 0.573619
vt 0.984483 0.573619
vt 0.986388 0.574591
vt 0.984483 0.574591
vt 0.986388 0.549784
vt 0.984483 0.549784
vt 0.984483 0.548812
vt 0.986388 0.548812
vt 0.984483 0.547840
vt 0.986388 0.547840
vt 0.984483 0.628613
vt 0.986388 0.628613
vt 0.986388 0.629585
vt 0.984483 0.629585
vt 0.986388 0.630557
vt 0.984483 0.630557
vt 0.986388 0.605750
vt 0.984483 0.605750
vt 0.984483 0.604777
vt 0.986388 0.604777
vt 0.984483 0.603805
vt 0.986388 0.603805
vt 0.431406 0.479493
vt 0.984483 0.518626
vt 0.986388 0.518626
vt 0.403896 0.446400
vt 0.403896 0.478506
vt 0.404305 0.479493
vt 0.404305 0.445413
vt 0.933177 0.668092
vt 0.931379 0.668092
vt 0.931379 0.667120
vt 0.933177 0.667120
vt 0.931379 0.666148
vt 0.933177 0.666148
vt 0.931379 0.636684
vt 0.933177 0.636684
vt 0.933177 0.637656
vt 0.931379 0.637656
vt 0.933177 0.638628
vt 0.931379 0.638628
vt 0.931379 0.611877
vt 0.933177 0.611877
vt 0.933177 0.612849
vt 0.931379 0.612849
vt 0.933177 0.613821
vt 0.931379 0.613821
vt 0.933177 0.692899
vt 0.931379 0.692899
vt 0.931379 0.691927
vt 0.933177 0.691927
vt 0.931379 0.690955
vt 0.933177 0.690955
vt 0.411406 0.481813
vt 0.411406 0.483208
vt 0.386279 0.483208
vt 0.386279 0.481813
vt 0.931379 0.584357
vt 0.933177 0.584357
vt 0.934492 0.609164
vt 0.936289 0.609164
vt 0.936289 0.610136
vt 0.934492 0.610136
vt 0.936289 0.611108
vt 0.934492 0.611108
vt 0.936289 0.640573
vt 0.934492 0.640573
vt 0.934492 0.639601
vt 0.936289 0.639601
vt 0.934492 0.638629
vt 0.936289 0.638629
vt 0.936289 0.665380
vt 0.934492 0.665380
vt 0.934492 0.664408
vt 0.936289 0.664408
vt 0.934492 0.663436
vt 0.936289 0.663436
vt 0.934492 0.584357
vt 0.936289 0.584357
vt 0.936289 0.585329
vt 0.934492 0.585329
vt 0.936289 0.586301
vt 0.934492 0.586301
vt 0.447150 0.508338
vt 0.445754 0.508338
vt 0.445754 0.483211
vt 0.447150 0.483212
vt 0.936289 0.692900
vt 0.934492 0.692900
vt 0.464984 0.529141
vt 0.464984 0.530938
vt 0.464012 0.530938
vt 0.464012 0.529141
vt 0.463040 0.530938
vt 0.463040 0.529141
vt 0.433576 0.530938
vt 0.433576 0.529141
vt 0.434548 0.529141
vt 0.434548 0.530938
vt 0.435520 0.529141
vt 0.435520 0.530938
vt 0.408768 0.530938
vt 0.408768 0.529141
vt 0.409741 0.529141
vt 0.409741 0.530938
vt 0.410713 0.529141
vt 0.410713 0.530938
vt 0.489792 0.529141
vt 0.489792 0.530938
vt 0.488819 0.530938
vt 0.488819 0.529141
vt 0.487847 0.530938
vt 0.487847 0.529141
vt 0.381248 0.530938
vt 0.381248 0.529141
vt 0.508427 0.389432
vt 0.508427 0.388036
vt 0.509414 0.388445
vt 0.509823 0.389432
vt 0.976070 0.316688
vt 0.976070 0.315292
vt 0.977057 0.315701
vt 0.977466 0.316688
vt 0.976068 0.061651
vt 0.976068 0.060255
vt 0.977055 0.060664
vt 0.977464 0.061651
vt 0.976066 0.400827
vt 0.976066 0.399431
vt 0.977053 0.399839
vt 0.977462 0.400827
vt 0.962107 0.057074
vt 0.962107 0.058469
vt 0.961120 0.058061
vt 0.960711 0.057074
vt 0.962108 0.143320
vt 0.962108 0.144716
vt 0.961121 0.144307
vt 0.960712 0.143320
vt 0.976067 0.175587
vt 0.976067 0.174191
vt 0.977054 0.174599
vt 0.977463 0.175586
vt 0.962110 0.372782
vt 0.962110 0.398002
vt 0.961123 0.397593
vt 0.960714 0.396606
vt 0.960714 0.372782
vt 0.976065 0.456915
vt 0.976065 0.455519
vt 0.977053 0.455928
vt 0.977461 0.456915
vt 0.376057 0.463052
vt 0.374661 0.463052
vt 0.375070 0.462065
vt 0.376057 0.461656
vt 0.962107 0.368558
vt 0.962107 0.369954
vt 0.961120 0.369545
vt 0.960711 0.368558
vt 0.976066 0.089694
vt 0.976066 0.088298
vt 0.977053 0.088707
vt 0.977462 0.089694
vt 0.962107 0.452694
vt 0.962107 0.454090
vt 0.961120 0.453681
vt 0.960711 0.452694
vt 0.449860 0.477431
vt 0.449860 0.504047
vt 0.448873 0.503638
vt 0.448464 0.502651
vt 0.448464 0.478827
vt 0.448873 0.477840
vt 0.962108 0.171366
vt 0.962108 0.172761
vt 0.961121 0.172353
vt 0.960712 0.171366
vt 0.494468 0.413256
vt 0.494468 0.414652
vt 0.493481 0.414243
vt 0.493072 0.413256
vt 0.962110 0.340512
vt 0.962110 0.341908
vt 0.961123 0.341499
vt 0.960714 0.340512
vt 0.962109 0.085475
vt 0.962109 0.086870
vt 0.961122 0.086462
vt 0.960713 0.085475
vt 0.962106 0.424650
vt 0.962106 0.426046
vt 0.961119 0.425637
vt 0.960710 0.424650
vt 0.976066 0.031854
vt 0.976066 0.030458
vt 0.977053 0.030867
vt 0.977462 0.031854
vt 0.976068 0.119496
vt 0.976068 0.118100
vt 0.977055 0.118509
vt 0.977464 0.119496
vt 0.962108 0.199410
vt 0.962108 0.200806
vt 0.961121 0.200397
vt 0.960712 0.199410
vt 0.976069 0.372782
vt 0.976069 0.371386
vt 0.977056 0.371795
vt 0.977465 0.372782
vt 0.962106 0.480739
vt 0.962106 0.482135
vt 0.961119 0.481726
vt 0.960710 0.480739
vt 0.399881 0.477011
vt 0.401277 0.477011
vt 0.400868 0.477998
vt 0.399881 0.478407
vt 0.976067 0.344734
vt 0.976067 0.343338
vt 0.977054 0.343747
vt 0.977462 0.344734
vt 0.962106 0.114914
vt 0.962106 0.116310
vt 0.961119 0.115901
vt 0.960710 0.114914
vt 0.962106 0.089694
vt 0.960710 0.089694
vt 0.976066 0.424650
vt 0.977462 0.424650
vt 0.962106 0.400827
vt 0.962106 0.399431
vt 0.976066 0.426046
vt 0.977053 0.425637
vt 0.960710 0.400827
vt 0.976066 0.452694
vt 0.976066 0.428870
vt 0.977462 0.428870
vt 0.977462 0.452694
vt 0.976066 0.427474
vt 0.962107 0.428870
vt 0.962107 0.427474
vt 0.960711 0.428870
vt 0.961120 0.427883
vt 0.976066 0.454090
vt 0.977053 0.453681
vt 0.962108 0.119496
vt 0.960712 0.119496
vt 0.976068 0.143320
vt 0.976068 0.144716
vt 0.977463 0.143320
vt 0.977055 0.144307
vt 0.962108 0.118100
vt 0.961121 0.118509
vt 0.976069 0.398002
vt 0.962110 0.371386
vt 0.961123 0.371795
vt 0.977465 0.396606
vt 0.977056 0.397593
vt 0.508427 0.413256
vt 0.509823 0.413256
vt 0.494468 0.389432
vt 0.494468 0.388036
vt 0.493072 0.389432
vt 0.493481 0.388445
vt 0.508427 0.414652
vt 0.509414 0.414243
vt 0.399881 0.463052
vt 0.399881 0.461656
vt 0.376057 0.477011
vt 0.374661 0.477011
vt 0.376057 0.478407
vt 0.375070 0.477998
vt 0.401277 0.463052
vt 0.400868 0.462065
vt 0.976068 0.085475
vt 0.977464 0.085475
vt 0.962109 0.061651
vt 0.962109 0.060255
vt 0.960713 0.061651
vt 0.961122 0.060664
vt 0.976068 0.086870
vt 0.977055 0.086462
vt 0.976066 0.114914
vt 0.977462 0.114914
vt 0.962106 0.088298
vt 0.961119 0.088707
vt 0.976066 0.116310
vt 0.977053 0.115901
vt 0.977053 0.427883
vt 0.463819 0.504047
vt 0.463819 0.477431
vt 0.464806 0.477840
vt 0.465215 0.478827
vt 0.465215 0.502651
vt 0.464806 0.503638
vt 0.976067 0.147542
vt 0.976067 0.146146
vt 0.977054 0.146555
vt 0.977463 0.147542
vt 0.961119 0.399840
vt 0.441086 0.976117
vt 0.441086 0.977914
vt 0.440114 0.977914
vt 0.440114 0.976117
vt 0.439142 0.977914
vt 0.439142 0.976117
vt 0.462764 0.977914
vt 0.462764 0.976117
vt 0.463736 0.976117
vt 0.463736 0.977914
vt 0.464708 0.976117
vt 0.464708 0.977914
vt 0.678929 0.990184
vt 0.678929 0.988387
vt 0.679901 0.988387
vt 0.679901 0.990184
vt 0.680873 0.988387
vt 0.680873 0.990184
vt 0.666227 0.988387
vt 0.666227 0.990184
vt 0.665255 0.990184
vt 0.665255 0.988387
vt 0.664283 0.990184
vt 0.664283 0.988387
vt 0.719140 0.988387
vt 0.719140 0.990185
vt 0.718168 0.990185
vt 0.718168 0.988387
vt 0.717196 0.990184
vt 0.717196 0.988387
vt 0.455745 0.970904
vt 0.455745 0.969107
vt 0.456717 0.969107
vt 0.456717 0.970904
vt 0.457689 0.969107
vt 0.457689 0.970904
vt 0.443043 0.969107
vt 0.443043 0.970904
vt 0.442071 0.970904
vt 0.442071 0.969107
vt 0.441099 0.970904
vt 0.441099 0.969107
vt 0.702550 0.990184
vt 0.702550 0.988387
vt 0.703523 0.988387
vt 0.703523 0.990184
vt 0.704495 0.988387
vt 0.704495 0.990184
vt 0.523233 0.990184
vt 0.523233 0.988387
vt 0.524205 0.988387
vt 0.524205 0.990184
vt 0.525177 0.988387
vt 0.525177 0.990184
vt 0.510531 0.988387
vt 0.510531 0.990184
vt 0.509559 0.990184
vt 0.509559 0.988387
vt 0.508587 0.990184
vt 0.508587 0.988387
vt 0.563445 0.988387
vt 0.563445 0.990184
vt 0.562473 0.990184
vt 0.562473 0.988387
vt 0.561501 0.990184
vt 0.561501 0.988387
vt 0.975225 0.884423
vt 0.977022 0.884423
vt 0.977022 0.885395
vt 0.975225 0.885395
vt 0.977022 0.886367
vt 0.975225 0.886367
vt 0.977022 0.871721
vt 0.975225 0.871721
vt 0.975225 0.870749
vt 0.977022 0.870749
vt 0.975225 0.869777
vt 0.977022 0.869777
vt 0.546855 0.990184
vt 0.546855 0.988387
vt 0.547827 0.988387
vt 0.547827 0.990184
vt 0.548799 0.988387
vt 0.548799 0.990184
vt 0.417477 0.970904
vt 0.417477 0.969107
vt 0.418450 0.969107
vt 0.418450 0.970904
vt 0.419422 0.969107
vt 0.419422 0.970904
vt 0.404776 0.969107
vt 0.404776 0.970904
vt 0.403804 0.970904
vt 0.403804 0.969107
vt 0.402831 0.970904
vt 0.402831 0.969107
vt 0.639347 0.990186
vt 0.639347 0.988389
vt 0.640320 0.988389
vt 0.640320 0.990186
vt 0.641292 0.988389
vt 0.641292 0.990186
vt 0.626646 0.988389
vt 0.626646 0.990186
vt 0.625674 0.990186
vt 0.625674 0.988389
vt 0.624702 0.990186
vt 0.624702 0.988389
vt 0.975225 0.846155
vt 0.977022 0.846155
vt 0.977022 0.847127
vt 0.975225 0.847127
vt 0.977022 0.848099
vt 0.975225 0.848099
vt 0.977022 0.833453
vt 0.975225 0.833453
vt 0.975225 0.832481
vt 0.977022 0.832481
vt 0.975225 0.831509
vt 0.977022 0.831509
vt 0.996781 0.960669
vt 0.998579 0.960669
vt 0.998579 0.961641
vt 0.996781 0.961641
vt 0.998579 0.962614
vt 0.996781 0.962614
vt 0.998579 0.947968
vt 0.996781 0.947968
vt 0.996781 0.946996
vt 0.998579 0.946996
vt 0.996781 0.946024
vt 0.998579 0.946024
vt 0.601080 0.990186
vt 0.601080 0.988389
vt 0.602052 0.988389
vt 0.602052 0.990186
vt 0.603024 0.988389
vt 0.603024 0.990186
vt 0.588379 0.988389
vt 0.588379 0.990186
vt 0.587406 0.990186
vt 0.587406 0.988389
vt 0.586434 0.990186
vt 0.586434 0.988389
vt 0.984481 0.887051
vt 0.986278 0.887051
vt 0.986278 0.888023
vt 0.984481 0.888023
vt 0.986278 0.888996
vt 0.984481 0.888996
vt 0.986278 0.874350
vt 0.984481 0.874350
vt 0.984481 0.873378
vt 0.986278 0.873378
vt 0.984481 0.872406
vt 0.986278 0.872406
vt 0.933385 0.820466
vt 0.931588 0.820466
vt 0.931588 0.819494
vt 0.933385 0.819494
vt 0.931588 0.818522
vt 0.933385 0.818522
vt 0.931588 0.833168
vt 0.933385 0.833168
vt 0.933385 0.834140
vt 0.931588 0.834140
vt 0.933385 0.835112
vt 0.931588 0.835112
vt 0.996781 0.922402
vt 0.998579 0.922402
vt 0.998579 0.923374
vt 0.996781 0.923374
vt 0.998579 0.924346
vt 0.996781 0.924346
vt 0.998579 0.909700
vt 0.996781 0.909700
vt 0.996781 0.908728
vt 0.998579 0.908728
vt 0.996781 0.907756
vt 0.998579 0.907756
vt 0.917151 0.859842
vt 0.915354 0.859842
vt 0.915354 0.858870
vt 0.917151 0.858870
vt 0.915354 0.857898
vt 0.917151 0.857898
vt 0.915354 0.872544
vt 0.917152 0.872544
vt 0.917152 0.873516
vt 0.915354 0.873516
vt 0.917152 0.874488
vt 0.915354 0.874488
vt 0.917151 0.820305
vt 0.915354 0.820305
vt 0.915354 0.819332
vt 0.917151 0.819332
vt 0.915354 0.818360
vt 0.917151 0.818360
vt 0.915354 0.833006
vt 0.917151 0.833006
vt 0.917151 0.833978
vt 0.915354 0.833978
vt 0.917151 0.834950
vt 0.915354 0.834950
vt 0.455744 0.967396
vt 0.455744 0.965599
vt 0.456716 0.965599
vt 0.456716 0.967396
vt 0.457689 0.965599
vt 0.457689 0.967396
vt 0.443043 0.965599
vt 0.443043 0.967396
vt 0.442071 0.967396
vt 0.442071 0.965599
vt 0.441098 0.967396
vt 0.441098 0.965599
vt 0.984481 0.848784
vt 0.986278 0.848784
vt 0.986278 0.849756
vt 0.984481 0.849756
vt 0.986278 0.850728
vt 0.984481 0.850728
vt 0.986278 0.836083
vt 0.984481 0.836083
vt 0.984481 0.835110
vt 0.986278 0.835110
vt 0.984481 0.834138
vt 0.986278 0.834138
vt 0.933385 0.860004
vt 0.931588 0.860004
vt 0.931588 0.859032
vt 0.933385 0.859032
vt 0.931588 0.858060
vt 0.933385 0.858060
vt 0.931588 0.872705
vt 0.933385 0.872705
vt 0.933385 0.873678
vt 0.931588 0.873678
vt 0.933385 0.874650
vt 0.931588 0.874650
vt 0.455743 0.974409
vt 0.455743 0.972612
vt 0.456715 0.972612
vt 0.456715 0.974409
vt 0.457687 0.972612
vt 0.457687 0.974409
vt 0.443041 0.972612
vt 0.443041 0.974409
vt 0.442069 0.974409
vt 0.442069 0.972612
vt 0.441097 0.974409
vt 0.441097 0.972612
vt 0.417477 0.967396
vt 0.417477 0.965599
vt 0.418449 0.965599
vt 0.418449 0.967396
vt 0.419421 0.965599
vt 0.419421 0.967396
vt 0.404775 0.965599
vt 0.404775 0.967396
vt 0.403803 0.967396
vt 0.403803 0.965599
vt 0.402831 0.967396
vt 0.402831 0.965599
vt 0.964635 0.850748
vt 0.962838 0.850748
vt 0.962838 0.849776
vt 0.964635 0.849776
vt 0.962838 0.848804
vt 0.964635 0.848804
vt 0.962838 0.863450
vt 0.964635 0.863450
vt 0.964635 0.864422
vt 0.962838 0.864422
vt 0.964635 0.865394
vt 0.962838 0.865394
vt 0.417475 0.974409
vt 0.417475 0.972612
vt 0.418447 0.972612
vt 0.418447 0.974409
vt 0.419419 0.972612
vt 0.419419 0.974409
vt 0.404774 0.972612
vt 0.404774 0.974409
vt 0.403802 0.974409
vt 0.403802 0.972612
vt 0.402829 0.974409
vt 0.402829 0.972612
vt 0.422638 0.983129
vt 0.422638 0.984926
vt 0.421666 0.984926
vt 0.421666 0.983129
vt 0.420694 0.984926
vt 0.420694 0.983129
vt 0.435340 0.984926
vt 0.435340 0.983129
vt 0.436312 0.983129
vt 0.436312 0.984926
vt 0.437284 0.983129
vt 0.437284 0.984926
vt 0.964635 0.889015
vt 0.962838 0.889015
vt 0.962838 0.888043
vt 0.964635 0.888043
vt 0.962838 0.887071
vt 0.964635 0.887071
vt 0.962838 0.901717
vt 0.964635 0.901717
vt 0.964635 0.902689
vt 0.962838 0.902689
vt 0.964635 0.903661
vt 0.962838 0.903661
vt 0.426446 0.979623
vt 0.426446 0.981420
vt 0.425474 0.981420
vt 0.425474 0.979623
vt 0.424502 0.981420
vt 0.424502 0.979623
vt 0.439147 0.981420
vt 0.439147 0.979623
vt 0.440120 0.979623
vt 0.440120 0.981420
vt 0.441092 0.979623
vt 0.441092 0.981420
vt 0.460905 0.983129
vt 0.460905 0.984926
vt 0.459933 0.984926
vt 0.459933 0.983129
vt 0.458961 0.984926
vt 0.458961 0.983129
vt 0.473607 0.984926
vt 0.473607 0.983129
vt 0.474579 0.983129
vt 0.474579 0.984926
vt 0.475551 0.983129
vt 0.475551 0.984926
vt 0.426440 0.976117
vt 0.426440 0.977914
vt 0.425468 0.977914
vt 0.425468 0.976117
vt 0.424496 0.977914
vt 0.424496 0.976117
vt 0.464713 0.979623
vt 0.464713 0.981420
vt 0.463741 0.981420
vt 0.463741 0.979623
vt 0.462769 0.981420
vt 0.462769 0.979623
vt 0.477415 0.981420
vt 0.477415 0.979623
vt 0.478387 0.979623
vt 0.478387 0.981420
vt 0.479359 0.979623
vt 0.479359 0.981420
vt 0.477409 0.977914
vt 0.477410 0.976117
vt 0.478382 0.976117
vt 0.478382 0.977914
vt 0.479354 0.976117
vt 0.479354 0.977914
vt 0.962107 0.031854
vt 0.962107 0.030458
vt 0.931588 0.795574
vt 0.933385 0.795574
vt 0.917152 0.897436
vt 0.915354 0.897436
vt 0.976067 0.199410
vt 0.976067 0.200806
vt 0.479366 0.965599
vt 0.479366 0.967396
vt 0.976067 0.171366
vt 0.976067 0.172761
vt 0.479364 0.972612
vt 0.479364 0.974409
vt 0.976065 0.480739
vt 0.976065 0.482135
vt 0.962838 0.827126
vt 0.964635 0.827126
vt 0.976070 0.340512
vt 0.976070 0.341908
vt 0.399017 0.984926
vt 0.399017 0.983129
vt 0.962107 0.344734
vt 0.962107 0.343338
vt 0.402824 0.981420
vt 0.402824 0.979623
vt 0.402819 0.977914
vt 0.402819 0.976117
vt 0.740818 0.988387
vt 0.740818 0.990185
vt 0.585122 0.988387
vt 0.585122 0.990184
vt 0.479367 0.969107
vt 0.479367 0.970904
vt 0.977022 0.908044
vt 0.975225 0.908044
vt 0.662969 0.988389
vt 0.662969 0.990186
vt 0.998579 0.984291
vt 0.996781 0.984291
vt 0.986278 0.910673
vt 0.984481 0.910673
vt 0.976067 0.368558
vt 0.977462 0.368558
vt 0.960711 0.344734
vt 0.961120 0.343747
vt 0.976067 0.369954
vt 0.977054 0.369545
vt 0.962110 0.316688
vt 0.960714 0.316688
vt 0.977466 0.340512
vt 0.977057 0.341499
vt 0.962110 0.315292
vt 0.961123 0.315701
vt 0.962106 0.456915
vt 0.960710 0.456915
vt 0.977461 0.480739
vt 0.977053 0.481726
vt 0.962106 0.455519
vt 0.961119 0.455928
vt 0.962108 0.147542
vt 0.960712 0.147542
vt 0.977463 0.171366
vt 0.977054 0.172353
vt 0.962108 0.146146
vt 0.961121 0.146555
vt 0.962108 0.175587
vt 0.960712 0.175586
vt 0.977463 0.199410
vt 0.977054 0.200397
vt 0.962108 0.174191
vt 0.961121 0.174599
vt 0.976066 0.057074
vt 0.977462 0.057074
vt 0.960711 0.031854
vt 0.961120 0.030867
vt 0.976066 0.058470
vt 0.977053 0.058061
vt 0.414113 0.508338
vt 0.415509 0.508338
vt 0.415509 0.509734
vt 0.414522 0.509325
vt 0.411406 0.514849
vt 0.411406 0.513454
vt 0.412802 0.513454
vt 0.412393 0.514441
vt 0.972091 0.516606
vt 0.972091 0.515210
vt 0.973487 0.515210
vt 0.973078 0.516197
vt 0.445754 0.481816
vt 0.446741 0.482224
vt 0.384883 0.483208
vt 0.385292 0.482221
vt 0.976195 0.483568
vt 0.976195 0.484964
vt 0.974799 0.484964
vt 0.975208 0.483977
vt 0.415509 0.483211
vt 0.414113 0.483212
vt 0.445754 0.509734
vt 0.415509 0.481816
vt 0.414522 0.482224
vt 0.446741 0.509325
vt 0.386279 0.513454
vt 0.384883 0.513454
vt 0.386279 0.514850
vt 0.385292 0.514441
vt 0.976195 0.515209
vt 0.974799 0.515209
vt 0.976195 0.516605
vt 0.975208 0.516196
vt 0.412802 0.483208
vt 0.412393 0.482221
vt 0.972091 0.484965
vt 0.973487 0.484965
vt 0.972091 0.483569
vt 0.973078 0.483978
vt 0.980710 0.345133
vt 0.980710 0.346450
vt 0.978782 0.346450
vt 0.978782 0.345133
vt 0.929089 0.977031
vt 0.929089 0.978347
vt 0.927161 0.978347
vt 0.927161 0.977031
vt 0.980710 0.316612
vt 0.978782 0.316612
vt 0.929089 0.948510
vt 0.927161 0.948510
vt 0.421067 0.530938
vt 0.421067 0.529141
vt 0.422144 0.530658
vt 0.422144 0.530938
vt 0.423221 0.529141
vt 0.423221 0.530938
vt 0.475339 0.530938
vt 0.475339 0.529141
vt 0.476416 0.530658
vt 0.476416 0.530938
vt 0.477493 0.529141
vt 0.477493 0.530938
vt 0.927161 0.947193
vt 0.929089 0.947193
vt 0.978782 0.315296
vt 0.980710 0.315296
vt 0.960711 0.484965
vt 0.960711 0.483569
vt 0.987575 0.483568
vt 0.987575 0.484964
vt 0.987575 0.515209
vt 0.987575 0.516605
vt 0.960711 0.515210
vt 0.960711 0.516606
vt 0.893390 0.963362
vt 0.894044 0.963271
vt 0.894016 0.963775
vt 0.893608 0.964013
vt 0.509287 0.897050
vt 0.508574 0.896980
vt 0.508649 0.896485
vt 0.509156 0.896396
vt 0.936236 0.969681
vt 0.936467 0.969077
vt 0.936907 0.969233
vt 0.936930 0.969715
vt 0.893402 0.954800
vt 0.893605 0.954149
vt 0.894021 0.954378
vt 0.894051 0.954880
vt 0.503342 0.954979
vt 0.504039 0.954938
vt 0.504017 0.955429
vt 0.503569 0.955592
vt 0.517484 0.897021
vt 0.517600 0.896362
vt 0.518110 0.896449
vt 0.518187 0.896946
vt 0.994581 0.947135
vt 0.994798 0.946483
vt 0.995207 0.946722
vt 0.995235 0.947225
vt 0.936253 0.974237
vt 0.936958 0.974198
vt 0.936938 0.974689
vt 0.936490 0.974850
vt 0.509273 0.901473
vt 0.509146 0.902124
vt 0.508642 0.902035
vt 0.508568 0.901544
vt 0.503311 0.950426
vt 0.503530 0.949820
vt 0.503971 0.949977
vt 0.503997 0.950458
vt 0.994593 0.955696
vt 0.995242 0.955617
vt 0.995211 0.956119
vt 0.994796 0.956348
vt 0.517473 0.901461
vt 0.518185 0.901535
vt 0.518107 0.902036
vt 0.517593 0.902124
vt 0.519595 0.916342
vt 0.519391 0.915673
vt 0.519859 0.915656
vt 0.520164 0.916010
vt 0.481373 0.976052
vt 0.481278 0.976800
vt 0.480790 0.976752
vt 0.480702 0.976275
vt 0.891398 0.972514
vt 0.891099 0.973100
vt 0.890672 0.972911
vt 0.890662 0.972437
vt 0.509042 0.916340
vt 0.508422 0.916081
vt 0.508764 0.915660
vt 0.509234 0.915671
vt 0.985369 0.912589
vt 0.984636 0.912675
vt 0.984641 0.912197
vt 0.985143 0.911978
vt 0.481353 0.966339
vt 0.480677 0.966129
vt 0.480763 0.965650
vt 0.481252 0.965599
vt 0.951971 0.970498
vt 0.952539 0.970831
vt 0.952235 0.971184
vt 0.951767 0.971168
vt 0.891389 0.967787
vt 0.890649 0.967865
vt 0.890657 0.967387
vt 0.891087 0.967196
vt 0.485802 0.976063
vt 0.486471 0.976283
vt 0.486384 0.976757
vt 0.485898 0.976804
vt 0.985408 0.917327
vt 0.985190 0.917934
vt 0.984690 0.917726
vt 0.984678 0.917252
vt 0.941418 0.970500
vt 0.941609 0.971169
vt 0.941140 0.971180
vt 0.940797 0.970759
vt 0.485794 0.966348
vt 0.485894 0.965601
vt 0.486387 0.965653
vt 0.486473 0.966135
vt 0.892236 0.966832
vt 0.892528 0.967457
vt 0.893301 0.973057
vt 0.892890 0.973723
vt 0.892234 0.973461
vt 0.892524 0.972841
vt 0.521063 0.917874
vt 0.520337 0.917102
vt 0.521012 0.916850
vt 0.521578 0.917277
vt 0.986442 0.912256
vt 0.986160 0.911632
vt 0.987222 0.912028
vt 0.986807 0.911362
vt 0.986470 0.917646
vt 0.986196 0.918266
vt 0.508346 0.917107
vt 0.507689 0.916855
vt 0.507665 0.917878
vt 0.507145 0.917290
vt 0.940064 0.969985
vt 0.940721 0.969733
vt 0.953387 0.969990
vt 0.952712 0.969738
vt 0.987246 0.917869
vt 0.986836 0.918529
vt 0.940040 0.968963
vt 0.939520 0.969550
vt 0.953438 0.968967
vt 0.953953 0.969563
vt 0.893311 0.967240
vt 0.892897 0.966571
vt 0.993938 0.946821
vt 0.991261 0.945061
vt 0.991382 0.944336
vt 0.994032 0.946096
vt 0.935639 0.975025
vt 0.932543 0.975778
vt 0.932350 0.975154
vt 0.935473 0.974383
vt 0.890070 0.965436
vt 0.892748 0.963676
vt 0.892842 0.964400
vt 0.890191 0.966161
vt 0.932558 0.968170
vt 0.935631 0.968907
vt 0.935470 0.969541
vt 0.932369 0.968794
vt 0.502572 0.950289
vt 0.499526 0.949529
vt 0.499710 0.948908
vt 0.502722 0.949653
vt 0.994036 0.956697
vt 0.991369 0.958338
vt 0.991247 0.957626
vt 0.993943 0.955981
vt 0.892752 0.954516
vt 0.890056 0.952870
vt 0.890178 0.952158
vt 0.892846 0.953800
vt 0.502748 0.955766
vt 0.499734 0.956520
vt 0.499550 0.955895
vt 0.502591 0.955125
vt 0.989786 0.943616
vt 0.989921 0.942902
vt 0.930611 0.976431
vt 0.930403 0.975827
vt 0.888595 0.966881
vt 0.888730 0.967595
vt 0.930609 0.967523
vt 0.930403 0.968131
vt 0.497625 0.956559
vt 0.497826 0.957176
vt 0.888731 0.950790
vt 0.888595 0.951487
vt 0.989786 0.959010
vt 0.989921 0.959707
vt 0.497826 0.948252
vt 0.497625 0.948863
vt 0.954966 0.968228
vt 0.956276 0.968434
vt 0.895335 0.965714
vt 0.895847 0.966333
vt 0.522591 0.918613
vt 0.523901 0.918407
vt 0.895335 0.974576
vt 0.895847 0.973953
vt 0.989595 0.911142
vt 0.989110 0.910514
vt 0.504983 0.918406
vt 0.506228 0.918613
vt 0.938604 0.968228
vt 0.937359 0.968434
vt 0.989114 0.919371
vt 0.989595 0.918751
vt 0.471326 0.487012
vt 0.471544 0.486361
vt 0.471952 0.486599
vt 0.471980 0.487103
vt 0.940554 0.928598
vt 0.940682 0.927948
vt 0.941185 0.928036
vt 0.941259 0.928526
vt 0.540002 0.946914
vt 0.540039 0.947610
vt 0.539553 0.947590
vt 0.539393 0.947148
vt 0.471338 0.495574
vt 0.471987 0.495494
vt 0.471957 0.495996
vt 0.471541 0.496225
vt 0.493504 0.967980
vt 0.493732 0.967367
vt 0.494179 0.967530
vt 0.494201 0.968021
vt 0.932357 0.928577
vt 0.931645 0.928504
vt 0.931722 0.928001
vt 0.932237 0.927913
vt 0.531651 0.971247
vt 0.532305 0.971157
vt 0.532277 0.971660
vt 0.531868 0.971899
vt 0.544558 0.946892
vt 0.545167 0.947126
vt 0.545009 0.947571
vt 0.544522 0.947594
vt 0.940563 0.933021
vt 0.941276 0.933090
vt 0.941201 0.933586
vt 0.940693 0.933676
vt 0.493473 0.972533
vt 0.494160 0.972501
vt 0.494133 0.972982
vt 0.493693 0.973138
vt 0.531663 0.962686
vt 0.531866 0.962034
vt 0.532282 0.962263
vt 0.532312 0.962765
vt 0.932364 0.933017
vt 0.932247 0.933676
vt 0.931738 0.933589
vt 0.931661 0.933092
vt 0.941797 0.973311
vt 0.941229 0.972979
vt 0.941534 0.972625
vt 0.942002 0.972642
vt 0.859767 0.002986
vt 0.859982 0.002316
vt 0.860455 0.002400
vt 0.860507 0.002884
vt 0.866304 0.007573
vt 0.867041 0.007495
vt 0.867033 0.007970
vt 0.866605 0.008160
vt 0.952350 0.973309
vt 0.952159 0.972640
vt 0.952628 0.972629
vt 0.952971 0.973050
vt 0.848634 0.002877
vt 0.848872 0.002265
vt 0.849381 0.002494
vt 0.849363 0.002976
vt 0.850093 0.003056
vt 0.849860 0.002382
vt 0.913778 0.945263
vt 0.913574 0.944594
vt 0.914042 0.944577
vt 0.914346 0.944931
vt 0.866311 0.002846
vt 0.866612 0.002256
vt 0.867041 0.002446
vt 0.867050 0.002924
vt 0.859798 0.007416
vt 0.860546 0.007506
vt 0.860500 0.007996
vt 0.860023 0.008086
vt 0.848663 0.007621
vt 0.849398 0.007516
vt 0.849419 0.008001
vt 0.848907 0.008237
vt 0.903225 0.945262
vt 0.902604 0.945003
vt 0.902947 0.944582
vt 0.903416 0.944593
vt 0.850128 0.007432
vt 0.849901 0.008109
vt 0.865173 0.002517
vt 0.865465 0.001893
vt 0.864401 0.008118
vt 0.865178 0.007902
vt 0.865469 0.008522
vt 0.864812 0.008784
vt 0.940330 0.974843
vt 0.939815 0.974246
vt 0.940381 0.973819
vt 0.941056 0.974071
vt 0.847581 0.007970
vt 0.847565 0.002540
vt 0.846779 0.002311
vt 0.847198 0.001641
vt 0.847849 0.001912
vt 0.847872 0.008601
vt 0.953704 0.973824
vt 0.953047 0.974076
vt 0.953728 0.974847
vt 0.954248 0.974259
vt 0.902528 0.946029
vt 0.901871 0.945776
vt 0.846796 0.008205
vt 0.847218 0.008878
vt 0.901847 0.946799
vt 0.901327 0.946211
vt 0.915194 0.945772
vt 0.914520 0.946023
vt 0.915245 0.946795
vt 0.915760 0.946199
vt 0.864390 0.002301
vt 0.864804 0.001632
vt 0.531008 0.971561
vt 0.531103 0.972286
vt 0.528452 0.974046
vt 0.528331 0.973321
vt 0.545337 0.946285
vt 0.544699 0.946123
vt 0.545457 0.943007
vt 0.546080 0.943199
vt 0.468006 0.484938
vt 0.468127 0.484213
vt 0.470778 0.485974
vt 0.470684 0.486698
vt 0.538472 0.943220
vt 0.539097 0.943029
vt 0.539857 0.946136
vt 0.539218 0.946302
vt 0.492734 0.972670
vt 0.492884 0.973306
vt 0.489872 0.974051
vt 0.489688 0.973430
vt 0.531107 0.961685
vt 0.531013 0.962401
vt 0.528317 0.960756
vt 0.528439 0.960044
vt 0.470688 0.495858
vt 0.470782 0.496574
vt 0.468114 0.498216
vt 0.467993 0.497504
vt 0.492910 0.967193
vt 0.492753 0.967834
vt 0.489712 0.967064
vt 0.489896 0.966439
vt 0.526991 0.975480
vt 0.526856 0.974766
vt 0.546128 0.941062
vt 0.546730 0.941269
vt 0.466531 0.483493
vt 0.466666 0.482779
vt 0.537822 0.941268
vt 0.538431 0.941062
vt 0.487787 0.966400
vt 0.487988 0.965783
vt 0.466667 0.499585
vt 0.466531 0.498887
vt 0.526856 0.959372
vt 0.526991 0.958675
vt 0.487988 0.974706
vt 0.487787 0.974096
vt 0.918083 0.947328
vt 0.916773 0.947534
vt 0.861855 0.001394
vt 0.862366 0.000775
vt 0.938802 0.975582
vt 0.937492 0.975375
vt 0.862366 0.009637
vt 0.861855 0.009015
vt 0.844397 0.001411
vt 0.844887 0.000782
vt 0.956409 0.975375
vt 0.955164 0.975582
vt 0.900411 0.947534
vt 0.899166 0.947328
vt 0.844889 0.009739
vt 0.844397 0.009104
vt 0.386202 0.379273
vt 0.386626 0.379273
vt 0.386626 0.384441
vt 0.386202 0.384441
vt 0.386626 0.384715
vt 0.386202 0.384715
vt 0.840980 0.006099
vt 0.840556 0.006099
vt 0.840556 0.000932
vt 0.840980 0.000932
vt 0.840556 0.000658
vt 0.840980 0.000658
vt 0.433130 0.477855
vt 0.433130 0.477432
vt 0.438298 0.477432
vt 0.438298 0.477855
vt 0.438572 0.477432
vt 0.438572 0.477855
vt 0.491159 0.520799
vt 0.491159 0.520375
vt 0.496326 0.520375
vt 0.496326 0.520799
vt 0.496601 0.520375
vt 0.496601 0.520799
vt 0.867583 0.387163
vt 0.867583 0.387586
vt 0.862416 0.387586
vt 0.862416 0.387163
vt 0.862141 0.387586
vt 0.862141 0.387163
vt 0.006100 0.000657
vt 0.006100 0.001081
vt 0.000932 0.001081
vt 0.000932 0.000657
vt 0.000658 0.001081
vt 0.000658 0.000657
vt 0.944045 0.700044
vt 0.944469 0.700044
vt 0.944469 0.705212
vt 0.944045 0.705212
vt 0.944469 0.705486
vt 0.944045 0.705486
vt 0.497916 0.521675
vt 0.497916 0.521251
vt 0.503083 0.521251
vt 0.503083 0.521675
vt 0.503358 0.521251
vt 0.503358 0.521675
vt 0.838817 0.000658
vt 0.839240 0.000658
vt 0.839240 0.005825
vt 0.838817 0.005825
vt 0.839240 0.006100
vt 0.838817 0.006100
vt 0.424592 0.527387
vt 0.424592 0.527811
vt 0.419425 0.527811
vt 0.419425 0.527387
vt 0.419150 0.527811
vt 0.419150 0.527387
vt 0.431349 0.527387
vt 0.431349 0.527811
vt 0.426182 0.527811
vt 0.426182 0.527387
vt 0.425908 0.527811
vt 0.425908 0.527387
vt 0.842718 0.006101
vt 0.842294 0.006101
vt 0.842294 0.000933
vt 0.842718 0.000933
vt 0.842294 0.000659
vt 0.842718 0.000659
vt 0.935138 0.707239
vt 0.934715 0.707239
vt 0.934715 0.702071
vt 0.935138 0.702071
vt 0.934715 0.701797
vt 0.935138 0.701797
vt 0.860826 0.387160
vt 0.860826 0.387583
vt 0.855659 0.387583
vt 0.855659 0.387160
vt 0.855385 0.387583
vt 0.855385 0.387160
vt 0.506575 0.464288
vt 0.506575 0.464711
vt 0.501408 0.464711
vt 0.501408 0.464288
vt 0.501133 0.464711
vt 0.501133 0.464288
vt 0.473209 0.527810
vt 0.473209 0.527386
vt 0.478377 0.527386
vt 0.478377 0.527810
vt 0.478651 0.527386
vt 0.478651 0.527810
vt 0.978776 0.481360
vt 0.978776 0.480936
vt 0.983943 0.480936
vt 0.983943 0.481360
vt 0.984217 0.480936
vt 0.984217 0.481360
vt 0.496599 0.518623
vt 0.496599 0.519047
vt 0.491432 0.519047
vt 0.491432 0.518623
vt 0.491157 0.519047
vt 0.491157 0.518623
vt 0.504441 0.519686
vt 0.504017 0.519686
vt 0.504017 0.514518
vt 0.504441 0.514518
vt 0.504017 0.514244
vt 0.504441 0.514244
vt 0.489844 0.522315
vt 0.489420 0.522315
vt 0.489420 0.517147
vt 0.489844 0.517147
vt 0.489420 0.516873
vt 0.489844 0.516873
vt 0.911158 0.385831
vt 0.911158 0.385408
vt 0.916325 0.385408
vt 0.916325 0.385831
vt 0.916599 0.385408
vt 0.916599 0.385831
vt 0.505685 0.507232
vt 0.506108 0.507232
vt 0.506108 0.512400
vt 0.505685 0.512400
vt 0.506108 0.512674
vt 0.505685 0.512674
vt 0.374664 0.480483
vt 0.374664 0.480059
vt 0.379832 0.480059
vt 0.379832 0.480483
vt 0.380106 0.480059
vt 0.380106 0.480483
vt 0.393384 0.385410
vt 0.393384 0.385833
vt 0.388217 0.385833
vt 0.388217 0.385410
vt 0.387942 0.385833
vt 0.387942 0.385410
vt 0.387207 0.001664
vt 0.387207 0.002580
vt 0.385007 0.002712
vt 0.385007 0.001532
vt 0.374662 0.358395
vt 0.374662 0.352980
vt 0.375841 0.352980
vt 0.375841 0.358395
vt 0.379592 0.002712
vt 0.379592 0.001532
vt 0.918496 0.395114
vt 0.919452 0.395114
vt 0.919452 0.404816
vt 0.918496 0.404816
vt 0.918496 0.405828
vt 0.919452 0.405828
vt 0.918496 0.406806
vt 0.919452 0.406806
vt 0.918496 0.407784
vt 0.919452 0.407784
vt 0.918496 0.408762
vt 0.919452 0.408762
vt 0.918496 0.409740
vt 0.919452 0.409740
vt 0.918496 0.410718
vt 0.919452 0.410718
vt 0.918496 0.411696
vt 0.919452 0.411696
vt 0.918496 0.412708
vt 0.919452 0.412708
vt 0.490583 0.470508
vt 0.489404 0.470508
vt 0.489993 0.468683
vt 0.481258 0.511612
vt 0.482099 0.511612
vt 0.482099 0.522117
vt 0.481258 0.522117
vt 0.899174 0.919150
vt 0.904589 0.919150
vt 0.904589 0.929557
vt 0.899174 0.929557
vt 0.482940 0.511612
vt 0.482940 0.522117
vt 0.483781 0.511612
vt 0.483781 0.522117
vt 0.484622 0.511612
vt 0.484622 0.522117
vt 0.485463 0.511612
vt 0.485463 0.522117
vt 0.486372 0.511612
vt 0.486372 0.522117
vt 0.479508 0.511612
vt 0.480417 0.511612
vt 0.480417 0.522117
vt 0.479508 0.522117
vt 0.545338 0.929361
vt 0.545338 0.938628
vt 0.543209 0.939198
vt 0.543209 0.928791
vt 0.463031 0.511612
vt 0.463031 0.522117
vt 0.453418 0.522117
vt 0.453418 0.511612
vt 0.890206 0.387159
vt 0.899473 0.387159
vt 0.899473 0.388076
vt 0.890206 0.388076
vt 0.491518 0.469314
vt 0.491985 0.470013
vt 0.492162 0.470905
vt 0.919452 0.377521
vt 0.919452 0.387222
vt 0.918496 0.387222
vt 0.918496 0.377521
vt 0.492162 0.480518
vt 0.490583 0.480915
vt 0.469895 0.522117
vt 0.469895 0.511612
vt 0.487825 0.470905
vt 0.488002 0.470013
vt 0.488469 0.469314
vt 0.490818 0.468847
vt 0.906718 0.919720
vt 0.906718 0.928987
vt 0.489169 0.468847
vt 0.374793 0.360595
vt 0.375710 0.360595
vt 0.537795 0.939198
vt 0.537795 0.928791
vt 0.918496 0.394102
vt 0.919452 0.394102
vt 0.918496 0.393124
vt 0.919452 0.393124
vt 0.918496 0.392146
vt 0.919452 0.392146
vt 0.918496 0.391168
vt 0.919452 0.391168
vt 0.918496 0.390190
vt 0.919452 0.390190
vt 0.918496 0.389212
vt 0.919452 0.389212
vt 0.918496 0.388234
vt 0.919452 0.388234
vt 0.489993 0.482740
vt 0.489404 0.480915
vt 0.468145 0.511612
vt 0.468145 0.522117
vt 0.467304 0.522117
vt 0.467304 0.511612
vt 0.466463 0.522117
vt 0.466463 0.511612
vt 0.465622 0.522117
vt 0.465622 0.511612
vt 0.464781 0.522117
vt 0.464781 0.511612
vt 0.463940 0.522117
vt 0.463940 0.511612
vt 0.468986 0.522117
vt 0.468986 0.511612
vt 0.491517 0.482109
vt 0.491985 0.481409
vt 0.487825 0.480518
vt 0.488469 0.482109
vt 0.488002 0.481409
vt 0.490818 0.482576
vt 0.489169 0.482576
vt 0.492764 0.416506
vt 0.492764 0.416082
vt 0.497932 0.416082
vt 0.497932 0.416506
vt 0.498206 0.416082
vt 0.498206 0.416506
vt 0.519401 0.395232
vt 0.518977 0.395232
vt 0.518977 0.390064
vt 0.519401 0.390064
vt 0.518977 0.389790
vt 0.519401 0.389790
vt 0.439887 0.479608
vt 0.439887 0.479185
vt 0.445055 0.479185
vt 0.445055 0.479608
vt 0.445329 0.479185
vt 0.445329 0.479608
vt 0.506432 0.529563
vt 0.506432 0.529140
vt 0.511599 0.529140
vt 0.511599 0.529563
vt 0.511874 0.529140
vt 0.511874 0.529563
vt 0.499818 0.464288
vt 0.499818 0.464711
vt 0.494650 0.464711
vt 0.494650 0.464288
vt 0.494376 0.464711
vt 0.494376 0.464288
vt 0.481491 0.453076
vt 0.481067 0.453076
vt 0.481067 0.447908
vt 0.481491 0.447908
vt 0.481067 0.447634
vt 0.481491 0.447634
vt 0.944045 0.664987
vt 0.944469 0.664987
vt 0.944469 0.670155
vt 0.944045 0.670155
vt 0.944469 0.670429
vt 0.944045 0.670429
vt 0.446180 0.527810
vt 0.446180 0.527386
vt 0.451348 0.527386
vt 0.451348 0.527810
vt 0.451622 0.527386
vt 0.451622 0.527810
vt 0.841870 0.387584
vt 0.841870 0.387160
vt 0.847038 0.387160
vt 0.847038 0.387584
vt 0.847312 0.387160
vt 0.847312 0.387584
vt 0.458378 0.527387
vt 0.458378 0.527811
vt 0.453211 0.527811
vt 0.453211 0.527387
vt 0.452936 0.527811
vt 0.452936 0.527387
vt 0.438107 0.527387
vt 0.438107 0.527811
vt 0.432939 0.527811
vt 0.432939 0.527387
vt 0.432664 0.527811
vt 0.432664 0.527387
vt 0.504965 0.416084
vt 0.504965 0.416508
vt 0.499797 0.416508
vt 0.499797 0.416084
vt 0.499523 0.416508
vt 0.499523 0.416084
vt 0.935138 0.700227
vt 0.934715 0.700227
vt 0.934715 0.695060
vt 0.935138 0.695060
vt 0.934715 0.694785
vt 0.935138 0.694785
vt 0.918897 0.431166
vt 0.918473 0.431166
vt 0.918473 0.425998
vt 0.918897 0.425998
vt 0.918473 0.425724
vt 0.918897 0.425724
vt 0.881098 0.387162
vt 0.881098 0.387586
vt 0.875930 0.387586
vt 0.875930 0.387162
vt 0.875656 0.387586
vt 0.875656 0.387162
vt 0.491159 0.522551
vt 0.491159 0.522128
vt 0.496326 0.522128
vt 0.496326 0.522552
vt 0.496601 0.522128
vt 0.496601 0.522551
vt 0.381420 0.480483
vt 0.381420 0.480060
vt 0.386588 0.480060
vt 0.386588 0.480483
vt 0.386862 0.480060
vt 0.386862 0.480483
vt 0.506175 0.519684
vt 0.505751 0.519684
vt 0.505751 0.514517
vt 0.506175 0.514517
vt 0.505751 0.514242
vt 0.506175 0.514242
vt 0.502706 0.519686
vt 0.502282 0.519686
vt 0.502282 0.514518
vt 0.502706 0.514518
vt 0.502282 0.514244
vt 0.502706 0.514244
vt 0.944468 0.663419
vt 0.944044 0.663419
vt 0.944044 0.658252
vt 0.944468 0.658252
vt 0.944044 0.657977
vt 0.944468 0.657977
vt 0.518976 0.388461
vt 0.518976 0.388037
vt 0.524144 0.388037
vt 0.524144 0.388461
vt 0.524418 0.388037
vt 0.524418 0.388461
vt 0.505680 0.527811
vt 0.505680 0.527387
vt 0.510848 0.527387
vt 0.510848 0.527811
vt 0.511122 0.527387
vt 0.511122 0.527811
vt 0.388179 0.480483
vt 0.388179 0.480059
vt 0.393347 0.480059
vt 0.393347 0.480483
vt 0.393621 0.480059
vt 0.393621 0.480483
vt 0.384148 0.159475
vt 0.383725 0.159475
vt 0.383725 0.154308
vt 0.384148 0.154308
vt 0.383725 0.154033
vt 0.384148 0.154033
vt 0.847685 0.010470
vt 0.847685 0.009554
vt 0.849886 0.009422
vt 0.849886 0.010602
vt 0.105040 0.367305
vt 0.099625 0.367305
vt 0.099625 0.366126
vt 0.105040 0.366126
vt 0.855300 0.009422
vt 0.855300 0.010602
vt 0.080716 0.366126
vt 0.080716 0.367083
vt 0.071015 0.367083
vt 0.071015 0.366126
vt 0.070003 0.366126
vt 0.070003 0.367083
vt 0.069025 0.366126
vt 0.069025 0.367083
vt 0.068047 0.366126
vt 0.068047 0.367083
vt 0.067069 0.366126
vt 0.067069 0.367083
vt 0.066091 0.366126
vt 0.066091 0.367083
vt 0.065113 0.366126
vt 0.065113 0.367083
vt 0.064135 0.366126
vt 0.064135 0.367083
vt 0.063123 0.366126
vt 0.063123 0.367083
vt 0.450268 0.507056
vt 0.450268 0.508236
vt 0.448443 0.507646
vt 0.412721 0.516871
vt 0.413562 0.516871
vt 0.413562 0.527376
vt 0.412721 0.527376
vt 0.931644 0.915644
vt 0.937059 0.915644
vt 0.937059 0.926051
vt 0.931644 0.926051
vt 0.414403 0.516871
vt 0.414403 0.527376
vt 0.415244 0.516871
vt 0.415244 0.527376
vt 0.416085 0.516871
vt 0.416085 0.527376
vt 0.416926 0.516871
vt 0.416926 0.527376
vt 0.417835 0.516871
vt 0.417835 0.527376
vt 0.410971 0.516871
vt 0.411880 0.516871
vt 0.411880 0.527376
vt 0.410971 0.527376
vt 0.915573 0.931990
vt 0.915573 0.941258
vt 0.913444 0.941827
vt 0.913444 0.931420
vt 0.394494 0.516871
vt 0.394494 0.527376
vt 0.384881 0.527376
vt 0.384881 0.516871
vt 0.919388 0.414329
vt 0.919388 0.423597
vt 0.918472 0.423597
vt 0.918472 0.414329
vt 0.449075 0.506122
vt 0.449774 0.505655
vt 0.450666 0.505477
vt 0.098309 0.367083
vt 0.088608 0.367083
vt 0.088608 0.366126
vt 0.098309 0.366126
vt 0.460278 0.505477
vt 0.460675 0.507056
vt 0.401358 0.527376
vt 0.401358 0.516871
vt 0.450666 0.509815
vt 0.449774 0.509638
vt 0.449075 0.509170
vt 0.448607 0.506821
vt 0.939188 0.916214
vt 0.939188 0.925481
vt 0.448607 0.508471
vt 0.107240 0.367174
vt 0.107240 0.366257
vt 0.908029 0.941827
vt 0.908029 0.931420
vt 0.081728 0.366126
vt 0.081728 0.367083
vt 0.082706 0.366126
vt 0.082706 0.367083
vt 0.083684 0.366126
vt 0.083684 0.367083
vt 0.084662 0.366126
vt 0.084662 0.367083
vt 0.085640 0.366126
vt 0.085640 0.367083
vt 0.086618 0.366126
vt 0.086618 0.367083
vt 0.087596 0.366126
vt 0.087596 0.367083
vt 0.462501 0.507646
vt 0.460675 0.508236
vt 0.399608 0.516871
vt 0.399608 0.527376
vt 0.398767 0.527376
vt 0.398767 0.516871
vt 0.397926 0.527376
vt 0.397926 0.516871
vt 0.397085 0.527376
vt 0.397085 0.516871
vt 0.396244 0.527376
vt 0.396244 0.516871
vt 0.395403 0.527376
vt 0.395403 0.516871
vt 0.400449 0.527376
vt 0.400449 0.516871
vt 0.461869 0.506122
vt 0.461170 0.505655
vt 0.460278 0.509815
vt 0.461869 0.509170
vt 0.461170 0.509638
vt 0.462336 0.506821
vt 0.462336 0.508471
vt 0.985416 0.056749
vt 0.985416 0.061916
vt 0.985840 0.061916
vt 0.985840 0.056749
vt 0.985416 0.062191
vt 0.985840 0.062191
vt 0.985840 0.055179
vt 0.985840 0.050012
vt 0.985417 0.050012
vt 0.985417 0.055179
vt 0.985840 0.049737
vt 0.985417 0.049737
vt 0.439887 0.477855
vt 0.445055 0.477855
vt 0.445055 0.477432
vt 0.439887 0.477432
vt 0.445329 0.477855
vt 0.445329 0.477432
vt 0.482387 0.509405
vt 0.487555 0.509405
vt 0.487555 0.508982
vt 0.482387 0.508982
vt 0.487829 0.509405
vt 0.487829 0.508982
vt 0.874340 0.387163
vt 0.869173 0.387163
vt 0.869173 0.387586
vt 0.874340 0.387586
vt 0.868898 0.387163
vt 0.868898 0.387586
vt 0.837501 0.006100
vt 0.837501 0.000932
vt 0.837077 0.000932
vt 0.837077 0.006100
vt 0.837501 0.000658
vt 0.837077 0.000658
vt 0.944045 0.693033
vt 0.944045 0.698200
vt 0.944469 0.698200
vt 0.944469 0.693033
vt 0.944045 0.698475
vt 0.944469 0.698475
vt 0.463040 0.505899
vt 0.468207 0.505899
vt 0.468207 0.505475
vt 0.463040 0.505475
vt 0.468482 0.505899
vt 0.468482 0.505475
vt 0.385831 0.001081
vt 0.390999 0.001081
vt 0.390999 0.000657
vt 0.385831 0.000657
vt 0.391273 0.001081
vt 0.391273 0.000657
vt 0.504373 0.512673
vt 0.504373 0.507505
vt 0.503949 0.507505
vt 0.503949 0.512673
vt 0.504373 0.507231
vt 0.503949 0.507231
vt 0.471972 0.502847
vt 0.466804 0.502847
vt 0.466804 0.503271
vt 0.471972 0.503271
vt 0.466530 0.502847
vt 0.466530 0.503271
vt 0.854070 0.387162
vt 0.848903 0.387162
vt 0.848903 0.387586
vt 0.854070 0.387586
vt 0.848629 0.387162
vt 0.848629 0.387586
vt 0.944468 0.677440
vt 0.944468 0.672273
vt 0.944045 0.672273
vt 0.944045 0.677440
vt 0.944468 0.671998
vt 0.944045 0.671998
vt 0.384151 0.152463
vt 0.384151 0.147295
vt 0.383727 0.147295
vt 0.383727 0.152463
vt 0.384151 0.147021
vt 0.383727 0.147021
vt 0.887855 0.387162
vt 0.882687 0.387162
vt 0.882687 0.387586
vt 0.887855 0.387586
vt 0.882413 0.387162
vt 0.882413 0.387586
vt 0.505618 0.500221
vt 0.505618 0.505388
vt 0.506042 0.505388
vt 0.506042 0.500221
vt 0.505618 0.505663
vt 0.506042 0.505663
vt 0.394934 0.480483
vt 0.400102 0.480483
vt 0.400102 0.480060
vt 0.394934 0.480060
vt 0.400376 0.480483
vt 0.400376 0.480060
vt 0.471972 0.501095
vt 0.466804 0.501095
vt 0.466804 0.501518
vt 0.471972 0.501518
vt 0.466530 0.501095
vt 0.466530 0.501518
vt 0.516551 0.490577
vt 0.511383 0.490577
vt 0.511383 0.491000
vt 0.516551 0.491000
vt 0.511109 0.490577
vt 0.511109 0.491000
vt 0.509794 0.489887
vt 0.509794 0.484720
vt 0.509370 0.484720
vt 0.509370 0.489887
vt 0.509794 0.484445
vt 0.509370 0.484445
vt 0.952966 0.315717
vt 0.958133 0.315717
vt 0.958133 0.315294
vt 0.952966 0.315294
vt 0.958407 0.315717
vt 0.958407 0.315294
vt 0.506334 0.531316
vt 0.511501 0.531316
vt 0.511501 0.530893
vt 0.506334 0.530893
vt 0.511775 0.531316
vt 0.511775 0.530893
vt 0.433131 0.479607
vt 0.438299 0.479607
vt 0.438299 0.479183
vt 0.433131 0.479183
vt 0.438573 0.479607
vt 0.438573 0.479183
vt 0.384148 0.145452
vt 0.384148 0.140285
vt 0.383725 0.140285
vt 0.383725 0.145452
vt 0.384148 0.140010
vt 0.383725 0.140010
vt 0.979829 0.194952
vt 0.979960 0.192752
vt 0.978781 0.192752
vt 0.978912 0.194952
vt 0.122901 0.367306
vt 0.122901 0.366126
vt 0.117487 0.366126
vt 0.117487 0.367306
vt 0.979960 0.187337
vt 0.978781 0.187337
vt 0.944045 0.638758
vt 0.944045 0.648459
vt 0.945002 0.648459
vt 0.945002 0.638758
vt 0.944045 0.649471
vt 0.945002 0.649471
vt 0.944045 0.650449
vt 0.945002 0.650449
vt 0.944045 0.651427
vt 0.945002 0.651427
vt 0.944045 0.652405
vt 0.945002 0.652405
vt 0.944045 0.653383
vt 0.945002 0.653383
vt 0.944045 0.654361
vt 0.945002 0.654361
vt 0.944045 0.655339
vt 0.945002 0.655339
vt 0.944045 0.656351
vt 0.945002 0.656351
vt 0.993520 0.961306
vt 0.992930 0.959481
vt 0.992340 0.961306
vt 0.518000 0.520171
vt 0.507495 0.520171
vt 0.507495 0.521012
vt 0.518000 0.521012
vt 0.908031 0.919150
vt 0.908031 0.929557
vt 0.913445 0.929557
vt 0.913445 0.919150
vt 0.507495 0.521853
vt 0.518000 0.521853
vt 0.507495 0.522694
vt 0.518000 0.522694
vt 0.507495 0.523535
vt 0.518000 0.523535
vt 0.507495 0.524376
vt 0.518000 0.524376
vt 0.507495 0.525285
vt 0.518000 0.525285
vt 0.518000 0.518421
vt 0.507495 0.518421
vt 0.507495 0.519330
vt 0.518000 0.519330
vt 0.505166 0.936372
vt 0.503037 0.935803
vt 0.503037 0.946209
vt 0.505166 0.945640
vt 0.518000 0.501944
vt 0.518000 0.492331
vt 0.507495 0.492331
vt 0.507495 0.501944
vt 0.511206 0.466038
vt 0.510290 0.466038
vt 0.510290 0.475306
vt 0.511206 0.475306
vt 0.994454 0.960112
vt 0.995099 0.961703
vt 0.994921 0.960811
vt 0.945002 0.621165
vt 0.944045 0.621165
vt 0.944045 0.630866
vt 0.945002 0.630866
vt 0.993520 0.971713
vt 0.995099 0.971316
vt 0.518000 0.508808
vt 0.507495 0.508808
vt 0.990761 0.961703
vt 0.991406 0.960112
vt 0.990938 0.960811
vt 0.993755 0.959645
vt 0.915574 0.928987
vt 0.915574 0.919720
vt 0.992105 0.959645
vt 0.125101 0.367174
vt 0.125101 0.366258
vt 0.497623 0.935803
vt 0.497623 0.946209
vt 0.944045 0.637746
vt 0.945002 0.637746
vt 0.944045 0.636768
vt 0.945002 0.636768
vt 0.944045 0.635790
vt 0.945002 0.635790
vt 0.944045 0.634812
vt 0.945002 0.634812
vt 0.944045 0.633834
vt 0.945002 0.633834
vt 0.944045 0.632856
vt 0.945002 0.632856
vt 0.944045 0.631878
vt 0.945002 0.631878
vt 0.992340 0.971713
vt 0.992930 0.973538
vt 0.518000 0.507058
vt 0.518000 0.506217
vt 0.507495 0.506217
vt 0.507495 0.507058
vt 0.518000 0.505376
vt 0.507495 0.505376
vt 0.518000 0.504535
vt 0.507495 0.504535
vt 0.518000 0.503694
vt 0.507495 0.503694
vt 0.518000 0.502853
vt 0.507495 0.502853
vt 0.518000 0.507899
vt 0.507495 0.507899
vt 0.994454 0.972906
vt 0.994921 0.972207
vt 0.990761 0.971316
vt 0.990938 0.972207
vt 0.991406 0.972906
vt 0.993755 0.973374
vt 0.992105 0.973374
vt 0.980302 0.196977
vt 0.980302 0.202144
vt 0.980725 0.202144
vt 0.980725 0.196977
vt 0.980302 0.202419
vt 0.980725 0.202419
vt 0.859904 0.000657
vt 0.854737 0.000657
vt 0.854737 0.001081
vt 0.859904 0.001081
vt 0.854462 0.000657
vt 0.854462 0.001081
vt 0.510458 0.477433
vt 0.510458 0.482600
vt 0.510881 0.482600
vt 0.510881 0.477433
vt 0.510458 0.482874
vt 0.510881 0.482874
vt 0.466452 0.527810
vt 0.471620 0.527810
vt 0.471620 0.527387
vt 0.466452 0.527387
vt 0.471894 0.527810
vt 0.471894 0.527387
vt 0.508313 0.469728
vt 0.508313 0.464560
vt 0.507890 0.464560
vt 0.507890 0.469728
vt 0.508313 0.464286
vt 0.507890 0.464286
vt 0.386999 0.004163
vt 0.381831 0.004163
vt 0.381831 0.004586
vt 0.386999 0.004586
vt 0.381557 0.004163
vt 0.381557 0.004586
vt 0.944045 0.679010
vt 0.944045 0.684177
vt 0.944469 0.684177
vt 0.944469 0.679010
vt 0.944045 0.684452
vt 0.944469 0.684452
vt 0.459695 0.527810
vt 0.464862 0.527810
vt 0.464862 0.527386
vt 0.459695 0.527386
vt 0.465137 0.527810
vt 0.465137 0.527386
vt 0.912694 0.001957
vt 0.917861 0.001957
vt 0.917861 0.001534
vt 0.912694 0.001534
vt 0.918136 0.001957
vt 0.918136 0.001534
vt 0.444864 0.527387
vt 0.439696 0.527387
vt 0.439696 0.527811
vt 0.444864 0.527811
vt 0.439422 0.527387
vt 0.439422 0.527811
vt 0.488108 0.522314
vt 0.488108 0.517146
vt 0.487685 0.517146
vt 0.487685 0.522314
vt 0.488108 0.516872
vt 0.487685 0.516872
vt 0.853149 0.000659
vt 0.847981 0.000659
vt 0.847981 0.001083
vt 0.853149 0.001083
vt 0.847707 0.000659
vt 0.847707 0.001083
vt 0.944468 0.691463
vt 0.944468 0.686296
vt 0.944045 0.686296
vt 0.944045 0.691463
vt 0.944468 0.686021
vt 0.944045 0.686021
vt 0.985841 0.048168
vt 0.985841 0.043000
vt 0.985417 0.043000
vt 0.985417 0.048168
vt 0.985841 0.042726
vt 0.985417 0.042726
vt 0.485653 0.469728
vt 0.485653 0.464560
vt 0.485230 0.464560
vt 0.485230 0.469728
vt 0.485653 0.464286
vt 0.485230 0.464286
vt 0.479967 0.527810
vt 0.485134 0.527810
vt 0.485134 0.527387
vt 0.479967 0.527387
vt 0.485408 0.527810
vt 0.485408 0.527387
vt 0.490024 0.484444
vt 0.490024 0.489611
vt 0.490448 0.489611
vt 0.490448 0.484444
vt 0.490024 0.489885
vt 0.490448 0.489885
vt 0.469232 0.507230
vt 0.464064 0.507230
vt 0.464064 0.507653
vt 0.469232 0.507653
vt 0.463790 0.507230
vt 0.463790 0.507653
vt 0.517879 0.527387
vt 0.512712 0.527387
vt 0.512712 0.527810
vt 0.517879 0.527810
vt 0.512437 0.527387
vt 0.512437 0.527810
vt 0.006101 0.531769
vt 0.000933 0.531769
vt 0.000933 0.532193
vt 0.006101 0.532193
vt 0.000659 0.531769
vt 0.000659 0.532193
vt 0.383726 0.161043
vt 0.383726 0.166211
vt 0.384150 0.166211
vt 0.384150 0.161043
vt 0.383726 0.166485
vt 0.384150 0.166485
vt 0.511109 0.489248
vt 0.516277 0.489248
vt 0.516277 0.488824
vt 0.511109 0.488824
vt 0.516551 0.489248
vt 0.516551 0.488824
vt 0.978777 0.479607
vt 0.983945 0.479607
vt 0.983945 0.479183
vt 0.978777 0.479183
vt 0.984219 0.479607
vt 0.984219 0.479183
vt 0.710176 0.007671
vt 0.705008 0.007671
vt 0.705008 0.008094
vt 0.710176 0.008094
vt 0.704734 0.007671
vt 0.704734 0.008094
vt 0.375711 0.370237
vt 0.375843 0.368036
vt 0.374663 0.368036
vt 0.374795 0.370237
vt 0.113971 0.367305
vt 0.113971 0.366126
vt 0.108556 0.366126
vt 0.108556 0.367305
vt 0.375843 0.362622
vt 0.374663 0.362622
vt 0.944046 0.601947
vt 0.944046 0.611648
vt 0.945002 0.611648
vt 0.945002 0.601947
vt 0.944046 0.612660
vt 0.945002 0.612660
vt 0.944046 0.613638
vt 0.945002 0.613638
vt 0.944046 0.614616
vt 0.945002 0.614616
vt 0.944046 0.615594
vt 0.945002 0.615594
vt 0.944046 0.616572
vt 0.945002 0.616572
vt 0.944046 0.617550
vt 0.945002 0.617550
vt 0.944046 0.618528
vt 0.945002 0.618528
vt 0.944046 0.619540
vt 0.945002 0.619540
vt 0.492909 0.528967
vt 0.491084 0.529557
vt 0.492909 0.530147
vt 0.446989 0.511612
vt 0.446989 0.522117
vt 0.447830 0.522117
vt 0.447830 0.511612
vt 0.479750 0.447634
vt 0.469344 0.447634
vt 0.469344 0.453048
vt 0.479750 0.453048
vt 0.448671 0.522117
vt 0.448671 0.511612
vt 0.449512 0.522117
vt 0.449512 0.511612
vt 0.450353 0.522117
vt 0.450353 0.511612
vt 0.451194 0.522117
vt 0.451194 0.511612
vt 0.452103 0.522117
vt 0.452103 0.511612
vt 0.445239 0.511612
vt 0.445239 0.522117
vt 0.446148 0.522117
vt 0.446148 0.511612
vt 0.906717 0.931990
vt 0.904588 0.931420
vt 0.904588 0.941827
vt 0.906717 0.941258
vt 0.428762 0.511612
vt 0.419150 0.511612
vt 0.419150 0.522117
vt 0.428762 0.522117
vt 0.987497 0.451139
vt 0.986581 0.451139
vt 0.986581 0.460406
vt 0.987497 0.460406
vt 0.491715 0.528033
vt 0.493306 0.527388
vt 0.492414 0.527566
vt 0.945002 0.584354
vt 0.944046 0.584354
vt 0.944046 0.594055
vt 0.945002 0.594055
vt 0.503316 0.528967
vt 0.502919 0.527388
vt 0.435627 0.511612
vt 0.435627 0.522117
vt 0.493306 0.531726
vt 0.491715 0.531081
vt 0.492414 0.531548
vt 0.491248 0.528732
vt 0.469913 0.455177
vt 0.479181 0.455177
vt 0.491248 0.530382
vt 0.116171 0.367174
vt 0.116171 0.366257
vt 0.899173 0.931420
vt 0.899173 0.941827
vt 0.944046 0.600935
vt 0.945002 0.600935
vt 0.944046 0.599957
vt 0.945002 0.599957
vt 0.944046 0.598979
vt 0.945002 0.598979
vt 0.944046 0.598001
vt 0.945002 0.598001
vt 0.944046 0.597023
vt 0.945002 0.597023
vt 0.944046 0.596045
vt 0.945002 0.596045
vt 0.944046 0.595067
vt 0.945002 0.595067
vt 0.503316 0.530147
vt 0.505141 0.529557
vt 0.433877 0.511612
vt 0.433035 0.511612
vt 0.433035 0.522117
vt 0.433877 0.522117
vt 0.432195 0.511612
vt 0.432195 0.522117
vt 0.431354 0.511612
vt 0.431354 0.522117
vt 0.430513 0.511612
vt 0.430513 0.522117
vt 0.429671 0.511612
vt 0.429671 0.522117
vt 0.434718 0.511612
vt 0.434718 0.522117
vt 0.504510 0.528033
vt 0.503810 0.527566
vt 0.502919 0.531726
vt 0.503810 0.531548
vt 0.504510 0.531081
vt 0.504977 0.528732
vt 0.504977 0.530382
s 1
usemtl Laptop14_mat.001
f 547/782/153 563/783/153 571/784/153 565/785/153
f 576/786/153 578/787/153 577/788/153 567/789/153
f 511/790/154 436/791/155 437/792/156
f 431/793/157 510/794/158 441/795/159 432/796/160
f 510/794/158 509/797/161 442/798/162 441/795/159
f 509/797/161 508/799/163 443/800/164 442/798/162
f 508/799/163 507/801/165 444/802/166 443/800/164
f 507/801/165 506/803/167 445/804/168 444/802/166
f 506/803/167 423/805/169 422/806/170 445/804/168
f 430/807/171 505/808/172 510/794/158 431/793/157
f 505/808/172 504/809/173 509/797/161 510/794/158
f 504/809/173 503/810/174 508/799/163 509/797/161
f 503/810/174 502/811/175 507/801/165 508/799/163
f 502/811/175 501/812/176 506/803/167 507/801/165
f 501/812/176 424/813/177 423/805/169 506/803/167
f 429/814/178 500/815/179 505/808/172 430/807/171
f 500/815/179 499/816/180 504/809/173 505/808/172
f 499/816/180 498/817/181 503/810/174 504/809/173
f 498/817/181 497/818/182 502/811/175 503/810/174
f 497/818/182 496/819/183 501/812/176 502/811/175
f 496/819/183 425/820/184 424/813/177 501/812/176
f 428/821/185 495/822/186 500/815/179 429/814/178
f 495/822/186 494/823/187 499/816/180 500/815/179
f 494/823/187 493/824/188 498/817/181 499/816/180
f 493/824/188 492/825/189 497/818/182 498/817/181
f 492/825/189 491/826/190 496/819/183 497/818/182
f 491/826/190 426/827/191 425/820/184 496/819/183
f 427/828/192 470/829/193 495/822/186 428/821/185
f 470/829/193 469/830/194 494/823/187 495/822/186
f 469/830/194 468/831/195 493/824/188 494/823/187
f 468/831/195 467/832/196 492/825/189 493/824/188
f 467/832/196 466/833/197 491/826/190 492/825/189
f 466/833/197 421/834/198 426/827/191 491/826/190
f 439/835/199 490/836/200 461/837/201 440/838/202
f 490/836/200 489/839/203 462/840/204 461/837/201
f 489/839/203 488/841/205 463/842/206 462/840/204
f 488/841/205 487/843/207 464/844/208 463/842/206
f 487/843/207 486/845/209 465/846/210 464/844/208
f 486/845/209 415/847/211 413/848/212 465/846/210
f 438/849/213 485/850/214 490/836/200 439/835/199
f 485/850/214 484/851/215 489/839/203 490/836/200
f 484/851/215 483/852/216 488/841/205 489/839/203
f 483/852/216 482/853/217 487/843/207 488/841/205
f 482/853/217 481/854/218 486/845/209 487/843/207
f 481/854/218 416/855/219 415/847/211 486/845/209
f 437/792/156 480/856/220 485/850/214 438/849/213
f 480/856/220 479/857/221 484/851/215 485/850/214
f 479/857/221 478/858/222 483/852/216 484/851/215
f 478/858/222 477/859/223 482/853/217 483/852/216
f 477/859/223 476/860/224 481/854/218 482/853/217
f 476/860/224 417/861/225 416/855/219 481/854/218
f 436/791/155 475/862/226 480/856/220 437/792/156
f 475/862/226 474/863/227 479/857/221 480/856/220
f 474/863/227 473/864/228 478/858/222 479/857/221
f 473/864/228 472/865/229 477/859/223 478/858/222
f 472/865/229 471/866/230 476/860/224 477/859/223
f 471/866/230 418/867/231 417/861/225 476/860/224
f 435/868/232 460/869/233 475/862/226 436/791/155
f 460/869/233 459/870/234 474/863/227 475/862/226
f 459/870/234 458/871/235 473/864/228 474/863/227
f 458/871/235 457/872/236 472/865/229 473/864/228
f 457/872/236 456/873/237 471/866/230 472/865/229
f 456/873/237 419/874/238 418/867/231 471/866/230
f 434/875/239 451/876/240 460/869/233 435/868/232
f 451/876/240 452/877/241 459/870/234 460/869/233
f 452/877/241 453/878/242 458/871/235 459/870/234
f 453/878/242 454/879/243 457/872/236 458/871/235
f 454/879/243 455/880/244 456/873/237 457/872/236
f 455/880/244 414/881/245 419/874/238 456/873/237
f 447/882/246 446/883/247 516/884/248 515/885/249
f 446/883/247 420/886/250 513/887/251 516/884/248
f 432/796/160 441/795/159 450/888/252 433/889/253
f 441/795/159 442/798/162 449/890/254 450/888/252
f 442/798/162 443/800/164 448/891/255 449/890/254
f 443/800/164 444/802/166 447/882/246 448/891/255
f 444/802/166 445/804/168 446/883/247 447/882/246
f 445/804/168 422/806/170 420/886/250 446/883/247
f 512/892/154 429/814/178 430/807/171
f 511/790/154 439/835/199 440/838/202
f 512/892/154 427/828/192 428/821/185
f 511/790/154 434/875/239 435/868/232
f 512/892/154 432/796/160 433/889/253
f 511/790/154 438/849/213 439/835/199
f 512/892/154 428/821/185 429/814/178
f 511/790/154 435/868/232 436/791/155
f 512/892/154 431/793/157 432/796/160
f 449/890/254 514/893/256 362/894/257 361/895/258
f 450/888/252 449/890/254 361/895/258 360/896/259
f 433/889/253 450/888/252 360/896/259 359/897/260
f 520/898/261 549/899/261 548/900/262 545/901/262
f 518/902/263 551/903/263 550/904/264 522/905/264
f 549/899/261 520/898/261 530/906/265 553/907/265
f 522/905/264 550/904/264 554/908/266 524/909/266
f 524/909/266 554/908/266 555/910/267 526/911/268
f 526/911/268 555/910/267 556/912/269 528/913/269
f 528/913/269 556/912/269 553/907/265 530/906/265
f 532/914/270 558/915/270 557/916/271 536/917/271
f 552/918/272 534/919/272 544/920/273 559/921/273
f 536/917/271 557/916/271 560/922/274 538/923/274
f 538/923/274 560/922/274 561/924/275 540/925/275
f 540/925/275 561/924/275 562/926/276 542/927/276
f 542/927/276 562/926/276 559/921/273 544/920/273
f 545/928/277 548/929/277 547/930/277 546/931/277
f 558/932/270 532/933/270 365/934/278 369/935/278
f 563/783/153 541/936/153 539/937/153
f 547/782/153 548/938/153 549/939/153 519/940/153
f 521/941/153 550/942/153 551/943/153 517/944/153
f 519/940/153 549/939/153 553/945/153 529/946/153
f 523/947/153 554/948/153 550/942/153 521/941/153
f 525/949/153 555/950/153 554/948/153 523/947/153
f 527/951/153 556/952/153 555/950/153 525/949/153
f 529/946/153 553/945/153 556/952/153 527/951/153
f 535/953/153 557/954/153 558/955/153 531/956/153
f 533/957/153 552/958/153 559/959/153 543/960/153
f 537/961/153 560/962/153 557/954/153 535/953/153
f 539/937/153 561/963/153 560/962/153 537/961/153
f 541/936/153 562/964/153 561/963/153 539/937/153
f 543/960/153 559/959/153 562/964/153 541/936/153
f 531/956/153 558/955/153 369/965/153 366/966/153
f 547/782/153 519/940/153 564/967/153
f 564/967/153 521/941/153 517/944/153
f 563/783/153 533/957/153 543/960/153
f 563/783/153 535/953/153 531/956/153
f 564/967/153 523/947/153 521/941/153
f 448/891/255 447/882/246 515/885/249 514/893/256
f 563/783/153 543/960/153 541/936/153
f 563/783/153 537/961/153 535/953/153
f 527/951/153 525/949/153 564/967/153
f 519/940/153 529/946/153 564/967/153
f 529/946/153 527/951/153 564/967/153
f 525/949/153 523/947/153 564/967/153
f 449/890/254 448/891/255 514/893/256
f 370/968/153 563/783/153 531/956/153 366/966/153
f 438/849/213 511/790/154 437/792/156
f 355/969/279 356/970/280 453/878/242 452/877/241
f 364/971/154 512/892/154 433/889/253 359/897/260
f 356/970/280 357/972/281 454/879/243 453/878/242
f 358/973/282 352/974/283 414/881/245 455/880/244
f 363/975/154 353/976/284 434/875/239 511/790/154
f 354/977/285 355/969/279 452/877/241 451/876/240
f 353/976/284 354/977/285 451/876/240 434/875/239
f 368/978/262 367/979/262 546/980/262 547/981/262
f 357/972/281 358/973/282 455/880/244 454/879/243
f 431/793/157 512/892/154 430/807/171
f 537/961/153 563/783/153 539/937/153
f 547/782/153 564/967/153 563/783/153
f 564/967/153 617/982/153 533/957/153 563/783/153
f 617/982/153 618/983/153 552/958/153 533/957/153
f 605/984/286 599/985/286 594/986/286 596/987/286
f 599/985/286 597/988/286 592/989/286 594/986/286
f 618/990/287 619/991/287 534/919/272 552/918/272
f 373/992/153 576/786/153 567/789/153 375/993/153
f 376/994/153 568/995/153 574/996/153 374/997/153
f 375/993/153 567/789/153 568/995/153 376/994/153
f 567/789/153 577/788/153 573/998/153 568/995/153
f 572/999/153 563/783/153 570/1000/153
f 573/1001/288 571/1002/289 572/1003/290 575/1004/291
f 575/1004/291 572/1003/290 570/1005/292 574/1006/293
f 576/1007/294 566/1008/295 569/1009/296 578/1010/297
f 578/1010/297 569/1009/296 565/1011/298 577/1012/299
f 565/1011/298 571/1002/289 573/1001/288 577/1012/299
f 368/1013/153 547/782/153 566/1014/153 371/1015/153
f 569/1016/153 547/782/153 565/785/153
f 371/1017/300 566/1018/295 576/1019/294 373/1020/300
f 372/1021/153 570/1000/153 563/783/153 370/968/153
f 570/1022/292 372/1023/301 374/1024/301 574/1025/293
f 571/784/153 563/783/153 572/999/153
f 568/995/153 573/998/153 575/1026/153 574/996/153
f 406/1027/302 598/1028/302 597/1029/303 407/1030/303
f 393/1031/304 582/1032/304 587/1033/305 386/1034/305
f 379/1035/306 592/1036/306 593/1037/307 380/1038/307
f 408/1039/262 604/1040/262 598/1028/302 406/1027/302
f 387/1041/308 586/1042/308 584/1043/309 394/1044/309
f 380/1038/307 593/1037/307 591/1045/278 381/1046/278
f 409/1047/310 601/1048/310 603/1049/311 410/1050/311
f 383/1051/312 588/1052/312 583/1053/310 391/1054/310
f 382/1055/313 595/1056/313 588/1057/312 383/1058/312
f 410/1050/311 603/1049/311 604/1040/262 408/1039/262
f 394/1044/309 584/1043/309 589/1059/314 385/1060/314
f 381/1046/278 591/1045/278 595/1056/313 382/1055/313
f 407/1030/303 597/1029/303 599/1061/304 411/1062/304
f 395/1063/315 609/1064/315 613/1065/316 396/1066/316
f 384/1067/317 594/1068/317 592/1036/306 379/1035/306
f 411/1062/304 599/1061/304 605/1069/305 404/1070/305
f 518/1071/318 612/1072/286 613/1073/286
f 378/1074/316 596/1075/316 594/1068/317 384/1067/317
f 405/1076/308 600/1077/308 602/1078/309 412/1079/309
f 398/1080/307 611/1081/307 614/1082/278 399/1083/278
f 385/1060/314 589/1059/314 590/1084/315 377/1085/315
f 401/1086/312 606/1087/312 601/1048/310 409/1047/310
f 400/1088/313 608/1089/313 606/1087/312 401/1086/312
f 386/1034/305 587/1033/305 586/1042/308 387/1041/308
f 412/1079/309 602/1078/309 607/1090/314 403/1091/314
f 399/1083/278 614/1082/278 608/1089/313 400/1088/313
f 388/1092/302 581/1093/302 579/1094/303 389/1095/303
f 402/1096/317 612/1097/317 610/1098/306 397/1099/306
f 390/1100/262 580/1101/262 581/1093/302 388/1092/302
f 396/1066/316 613/1065/316 612/1097/317 402/1096/317
f 391/1054/310 583/1053/310 585/1102/311 392/1103/311
f 403/1104/314 607/1105/314 609/1064/315 395/1063/315
f 392/1103/311 585/1102/311 580/1101/262 390/1100/262
f 404/1070/305 605/1069/305 600/1077/308 405/1076/308
f 389/1095/303 579/1094/303 582/1032/304 393/1031/304
f 377/1085/315 590/1084/315 596/1075/316 378/1074/316
f 593/1106/286 598/1107/286 604/1108/286 591/1109/286
f 593/1106/286 592/989/286 597/988/286 598/1107/286
f 516/1110/319 546/1111/319 515/1112/319
f 513/1113/319 545/1114/319 546/1111/319 516/1110/319
f 514/1115/303 546/1116/303 367/1117/303 362/1118/303
f 515/1112/319 546/1111/319 514/1119/319
f 414/1120/320 352/1121/306 365/1122/306 532/1123/320
f 600/1124/286 605/984/286 596/987/286 590/1125/286
f 591/1109/286 604/1108/286 603/1126/286 595/1127/286
f 421/1128/321 614/1129/286 611/1130/286
f 421/1128/321 611/1130/286 610/1131/286
f 413/1132/322 534/1133/323 579/1134/286
f 518/1071/318 610/1131/286 612/1072/286
f 581/1135/286 413/1132/322 579/1134/286
f 518/1071/318 421/1128/321 610/1131/286
f 397/1099/306 610/1098/306 611/1081/307 398/1080/307
f 528/1136/324 530/1137/325 422/1138/326 423/1139/327
f 526/1140/328 528/1136/324 423/1139/327 424/1141/329
f 524/1142/330 526/1140/328 424/1141/329 425/1143/331
f 522/1144/332 524/1142/330 425/1143/331 426/1145/333
f 530/1137/325 520/1146/334 420/1147/334 422/1138/326
f 520/1146/334 545/1148/303 513/1149/303 420/1147/334
f 518/1071/318 522/1144/332 426/1145/333 421/1128/321
f 582/1150/286 579/1134/286 534/1133/323
f 542/1151/335 544/1152/336 415/1153/337 416/1154/338
f 540/1155/339 542/1151/335 416/1154/338 417/1156/340
f 538/1157/341 540/1155/339 417/1156/340 418/1158/342
f 536/1159/343 538/1157/341 418/1158/342 419/1160/344
f 544/1152/336 534/1161/323 413/1162/322 415/1153/337
f 532/1123/320 536/1159/343 419/1160/344 414/1120/320
f 534/1133/323 587/1163/286 582/1150/286
f 608/1164/286 614/1129/286 421/1128/321
f 619/1165/286 586/1166/286 587/1163/286 534/1133/323
f 413/1132/322 581/1135/286 580/1167/286
f 363/975/154 511/790/154 512/892/154 364/971/154
f 511/790/154 440/838/202 427/828/192 512/892/154
f 465/846/210 413/848/212 615/1168/345 466/833/197
f 464/844/208 465/846/210 466/833/197 467/832/196
f 463/842/206 464/844/208 467/832/196 468/831/195
f 462/840/204 463/842/206 468/831/195 469/830/194
f 461/837/201 462/840/204 469/830/194 470/829/193
f 440/838/202 461/837/201 470/829/193 427/828/192
f 413/1132/322 580/1167/286 585/1169/286 615/1170/286
f 466/833/197 615/1168/345 616/1171/346
f 615/1170/286 585/1169/286 583/1172/286
f 615/1170/286 583/1172/286 588/1173/286 616/1174/286
f 616/1174/286 588/1173/286 595/1127/286
f 616/1174/286 595/1127/286 603/1126/286
f 616/1174/286 603/1126/286 601/1175/286
f 466/833/197 616/1171/346 421/834/198
f 421/1128/321 606/1176/286 608/1164/286
f 616/1174/286 601/1175/286 606/1176/286 421/1128/321
f 584/1177/286 586/1166/286 619/1165/286
f 564/967/153 517/944/153 620/1178/153
f 517/944/153 551/943/153 621/1179/153 620/1178/153
f 551/903/263 518/902/263 622/1180/287 621/1181/287
f 518/1071/318 613/1073/286 609/1182/286 622/1183/286
f 564/967/153 623/1184/153 617/982/153
f 623/1184/153 624/1185/153 618/983/153 617/982/153
f 624/1186/287 625/1187/287 619/991/287 618/990/287
f 625/1188/286 589/1189/286 584/1177/286 619/1165/286
f 622/1183/286 609/1182/286 607/1190/286
f 621/1181/287 622/1180/287 625/1187/287 624/1186/287
f 620/1178/153 621/1179/153 624/1185/153 623/1184/153
f 564/967/153 620/1178/153 623/1184/153
f 622/1183/286 607/1190/286 602/1191/286 625/1188/286
f 590/1125/286 589/1189/286 625/1188/286
f 625/1188/286 600/1124/286 590/1125/286
f 625/1188/286 602/1191/286 600/1124/286
f 547/782/153 569/1016/153 566/1014/153
f 796/1192/153 814/1193/153 820/1194/153 812/1195/153
f 825/1196/153 816/1197/153 826/1198/153 827/1199/153
f 760/1200/154 686/1201/347 685/1202/348
f 680/1203/349 681/1204/350 690/1205/351 759/1206/352
f 759/1206/352 690/1205/351 691/1207/353 758/1208/354
f 758/1208/354 691/1207/353 692/1209/355 757/1210/356
f 757/1210/356 692/1209/355 693/1211/357 756/1212/358
f 756/1212/358 693/1211/357 694/1213/359 755/1214/360
f 755/1214/360 694/1213/359 671/1215/361 672/1216/362
f 679/1217/363 680/1203/349 759/1206/352 754/1218/364
f 754/1218/364 759/1206/352 758/1208/354 753/1219/365
f 753/1219/365 758/1208/354 757/1210/356 752/1220/366
f 752/1220/366 757/1210/356 756/1212/358 751/1221/367
f 751/1221/367 756/1212/358 755/1214/360 750/1222/368
f 750/1222/368 755/1214/360 672/1216/362 673/1223/369
f 678/1224/370 679/1217/363 754/1218/364 749/1225/371
f 749/1225/371 754/1218/364 753/1219/365 748/1226/372
f 748/1226/372 753/1219/365 752/1220/366 747/1227/373
f 747/1227/373 752/1220/366 751/1221/367 746/1228/374
f 746/1228/374 751/1221/367 750/1222/368 745/1229/375
f 745/1229/375 750/1222/368 673/1223/369 674/1230/376
f 677/1231/377 678/1224/370 749/1225/371 744/1232/378
f 744/1232/378 749/1225/371 748/1226/372 743/1233/379
f 743/1233/379 748/1226/372 747/1227/373 742/1234/380
f 742/1234/380 747/1227/373 746/1228/374 741/1235/381
f 741/1235/381 746/1228/374 745/1229/375 740/1236/382
f 740/1236/382 745/1229/375 674/1230/376 675/1237/383
f 676/1238/384 677/1231/377 744/1232/378 719/1239/385
f 719/1239/385 744/1232/378 743/1233/379 718/1240/386
f 718/1240/386 743/1233/379 742/1234/380 717/1241/387
f 717/1241/387 742/1234/380 741/1235/381 716/1242/388
f 716/1242/388 741/1235/381 740/1236/382 715/1243/389
f 715/1243/389 740/1236/382 675/1237/383 670/1244/390
f 688/1245/391 689/1246/392 710/1247/393 739/1248/394
f 739/1248/394 710/1247/393 711/1249/395 738/1250/396
f 738/1250/396 711/1249/395 712/1251/397 737/1252/398
f 737/1252/398 712/1251/397 713/1253/399 736/1254/400
f 736/1254/400 713/1253/399 714/1255/401 735/1256/402
f 735/1256/402 714/1255/401 662/1257/403 664/1258/404
f 687/1259/405 688/1245/391 739/1248/394 734/1260/406
f 734/1260/406 739/1248/394 738/1250/396 733/1261/407
f 733/1261/407 738/1250/396 737/1252/398 732/1262/408
f 732/1262/408 737/1252/398 736/1254/400 731/1263/409
f 731/1263/409 736/1254/400 735/1256/402 730/1264/410
f 730/1264/410 735/1256/402 664/1258/404 665/1265/411
f 686/1201/347 687/1259/405 734/1260/406 729/1266/412
f 729/1266/412 734/1260/406 733/1261/407 728/1267/413
f 728/1267/413 733/1261/407 732/1262/408 727/1268/414
f 727/1268/414 732/1262/408 731/1263/409 726/1269/415
f 726/1269/415 731/1263/409 730/1264/410 725/1270/416
f 725/1270/416 730/1264/410 665/1265/411 666/1271/417
f 685/1202/348 686/1201/347 729/1266/412 724/1272/418
f 724/1272/418 729/1266/412 728/1267/413 723/1273/419
f 723/1273/419 728/1267/413 727/1268/414 722/1274/420
f 722/1274/420 727/1268/414 726/1269/415 721/1275/421
f 721/1275/421 726/1269/415 725/1270/416 720/1276/422
f 720/1276/422 725/1270/416 666/1271/417 667/1277/423
f 684/1278/424 685/1202/348 724/1272/418 709/1279/425
f 709/1279/425 724/1272/418 723/1273/419 708/1280/426
f 708/1280/426 723/1273/419 722/1274/420 707/1281/427
f 707/1281/427 722/1274/420 721/1275/421 706/1282/428
f 706/1282/428 721/1275/421 720/1276/422 705/1283/429
f 705/1283/429 720/1276/422 667/1277/423 668/1284/430
f 683/1285/431 684/1278/424 709/1279/425 700/1286/432
f 700/1286/432 709/1279/425 708/1280/426 701/1287/433
f 701/1287/433 708/1280/426 707/1281/427 702/1288/434
f 702/1288/434 707/1281/427 706/1282/428 703/1289/435
f 703/1289/435 706/1282/428 705/1283/429 704/1290/436
f 704/1290/436 705/1283/429 668/1284/430 663/1291/437
f 696/1292/438 764/1293/249 765/1294/248 695/1295/439
f 695/1295/439 765/1294/248 762/1296/251 669/1297/440
f 681/1204/350 682/1298/441 699/1299/442 690/1205/351
f 690/1205/351 699/1299/442 698/1300/443 691/1207/353
f 691/1207/353 698/1300/443 697/1301/444 692/1209/355
f 692/1209/355 697/1301/444 696/1292/438 693/1211/357
f 693/1211/357 696/1292/438 695/1295/439 694/1213/359
f 694/1213/359 695/1295/439 669/1297/440 671/1215/361
f 761/1302/154 679/1217/363 678/1224/370
f 760/1200/154 689/1246/392 688/1245/391
f 761/1302/154 677/1231/377 676/1238/384
f 760/1200/154 684/1278/424 683/1285/431
f 761/1302/154 682/1298/441 681/1204/350
f 760/1200/154 688/1245/391 687/1259/405
f 761/1302/154 678/1224/370 677/1231/377
f 760/1200/154 685/1202/348 684/1278/424
f 761/1302/154 681/1204/350 680/1203/349
f 698/1300/443 361/895/258 362/894/257 763/1303/256
f 699/1299/442 360/896/259 361/895/258 698/1300/443
f 682/1298/441 359/897/260 360/896/259 699/1299/442
f 769/1304/445 794/1305/262 797/1306/262 798/1307/445
f 767/1308/446 771/1309/447 799/1310/447 800/1311/446
f 798/1307/445 802/1312/448 779/1313/448 769/1304/445
f 771/1309/447 773/1314/449 803/1315/449 799/1310/447
f 773/1314/449 775/1316/450 804/1317/450 803/1315/449
f 775/1316/450 777/1318/451 805/1319/451 804/1317/450
f 777/1318/451 779/1313/448 802/1312/448 805/1319/451
f 781/1320/452 785/1321/453 806/1322/453 807/1323/452
f 801/1324/454 808/1325/455 793/1326/455 783/1327/454
f 785/1321/453 787/1328/456 809/1329/456 806/1322/453
f 787/1328/456 789/1330/457 810/1331/457 809/1329/456
f 789/1330/457 791/1332/458 811/1333/458 810/1331/457
f 791/1332/458 793/1326/455 808/1325/455 811/1333/458
f 794/1334/287 795/1335/287 796/1336/287 797/1337/287
f 807/1338/452 369/935/278 365/934/278 781/1339/452
f 812/1195/153 788/1340/153 790/1341/153
f 796/1192/153 768/1342/153 798/1343/153 797/1344/153
f 770/1345/153 766/1346/153 800/1347/153 799/1348/153
f 768/1342/153 778/1349/153 802/1350/153 798/1343/153
f 772/1351/153 770/1345/153 799/1348/153 803/1352/153
f 774/1353/153 772/1351/153 803/1352/153 804/1354/153
f 776/1355/153 774/1353/153 804/1354/153 805/1356/153
f 778/1349/153 776/1355/153 805/1356/153 802/1350/153
f 784/1357/153 780/1358/153 807/1359/153 806/1360/153
f 782/1361/153 792/1362/153 808/1363/153 801/1364/153
f 786/1365/153 784/1357/153 806/1360/153 809/1366/153
f 788/1340/153 786/1365/153 809/1366/153 810/1367/153
f 790/1341/153 788/1340/153 810/1367/153 811/1368/153
f 792/1362/153 790/1341/153 811/1368/153 808/1363/153
f 780/1358/153 366/966/153 369/965/153 807/1359/153
f 796/1192/153 813/1369/153 768/1342/153
f 813/1369/153 766/1346/153 770/1345/153
f 812/1195/153 792/1362/153 782/1361/153
f 812/1195/153 780/1358/153 784/1357/153
f 813/1369/153 770/1345/153 772/1351/153
f 697/1301/444 763/1303/256 764/1293/249 696/1292/438
f 812/1195/153 790/1341/153 792/1362/153
f 812/1195/153 784/1357/153 786/1365/153
f 776/1355/153 813/1369/153 774/1353/153
f 768/1342/153 813/1369/153 778/1349/153
f 778/1349/153 813/1369/153 776/1355/153
f 774/1353/153 813/1369/153 772/1351/153
f 698/1300/443 763/1303/256 697/1301/444
f 370/968/153 366/966/153 780/1358/153 812/1195/153
f 687/1259/405 686/1201/347 760/1200/154
f 355/969/279 701/1287/433 702/1288/434 356/970/280
f 364/971/154 359/897/260 682/1298/441 761/1302/154
f 356/970/280 702/1288/434 703/1289/435 357/972/281
f 358/973/282 704/1290/436 663/1291/437 352/974/283
f 363/975/154 760/1200/154 683/1285/431 353/976/284
f 354/977/285 700/1286/432 701/1287/433 355/969/279
f 353/976/284 683/1285/431 700/1286/432 354/977/285
f 368/978/262 796/1370/262 795/1371/262 367/979/262
f 357/972/281 703/1289/435 704/1290/436 358/973/282
f 680/1203/349 679/1217/363 761/1302/154
f 786/1365/153 788/1340/153 812/1195/153
f 796/1192/153 812/1195/153 813/1369/153
f 813/1369/153 812/1195/153 782/1361/153 866/1372/153
f 866/1372/153 782/1361/153 801/1364/153 867/1373/153
f 854/1374/319 845/1375/319 843/1376/319 848/1377/319
f 848/1377/319 843/1376/319 841/1378/319 846/1379/319
f 867/1380/277 801/1324/454 783/1327/454 868/1381/277
f 373/992/153 375/993/153 816/1197/153 825/1196/153
f 376/994/153 374/997/153 823/1382/153 817/1383/153
f 375/993/153 376/994/153 817/1383/153 816/1197/153
f 816/1197/153 817/1383/153 822/1384/153 826/1198/153
f 821/1385/153 819/1386/153 812/1195/153
f 822/1387/459 824/1388/460 821/1389/461 820/1390/462
f 824/1388/460 823/1391/463 819/1392/464 821/1389/461
f 825/1393/465 827/1394/466 818/1395/467 815/1396/468
f 827/1394/466 826/1397/469 814/1398/470 818/1395/467
f 814/1398/470 826/1397/469 822/1387/459 820/1390/462
f 368/1013/153 371/1015/153 815/1399/153 796/1192/153
f 818/1400/153 814/1193/153 796/1192/153
f 371/1017/300 373/1020/300 825/1401/465 815/1402/468
f 372/1021/153 370/968/153 812/1195/153 819/1386/153
f 819/1403/464 823/1404/463 374/1024/301 372/1023/301
f 820/1194/153 821/1385/153 812/1195/153
f 817/1383/153 823/1382/153 824/1405/153 822/1384/153
f 655/1406/302 656/1407/303 846/1408/303 847/1409/302
f 642/1410/304 635/1411/305 836/1412/305 831/1413/304
f 628/1414/306 629/1415/307 842/1416/307 841/1417/306
f 657/1418/262 655/1406/302 847/1409/302 853/1419/262
f 636/1420/308 643/1421/309 833/1422/309 835/1423/308
f 629/1415/307 630/1424/278 840/1425/278 842/1416/307
f 658/1426/310 659/1427/311 852/1428/311 850/1429/310
f 632/1430/312 640/1431/310 832/1432/310 837/1433/312
f 631/1434/313 632/1430/312 837/1433/312 844/1435/313
f 659/1427/311 657/1418/262 853/1419/262 852/1428/311
f 643/1421/309 634/1436/314 838/1437/314 833/1422/309
f 630/1424/278 631/1434/313 844/1435/313 840/1425/278
f 656/1407/303 660/1438/304 848/1439/304 846/1408/303
f 644/1440/315 645/1441/316 862/1442/316 858/1443/315
f 633/1444/317 628/1414/306 841/1417/306 843/1445/317
f 660/1438/304 653/1446/305 854/1447/305 848/1439/304
f 767/1448/471 862/1449/319 861/1450/319
f 627/1451/316 633/1444/317 843/1445/317 845/1452/316
f 654/1453/308 661/1454/309 851/1455/309 849/1456/308
f 647/1457/307 648/1458/278 863/1459/278 860/1460/307
f 634/1436/314 626/1461/315 839/1462/315 838/1437/314
f 650/1463/312 658/1426/310 850/1429/310 855/1464/312
f 649/1465/313 650/1466/312 855/1467/312 857/1468/313
f 635/1411/305 636/1420/308 835/1423/308 836/1412/305
f 661/1454/309 652/1469/314 856/1470/314 851/1455/309
f 648/1458/278 649/1465/313 857/1468/313 863/1459/278
f 637/1471/302 638/1472/303 828/1473/303 830/1474/302
f 651/1475/317 646/1476/306 859/1477/306 861/1478/317
f 639/1479/262 637/1471/302 830/1474/302 829/1480/262
f 645/1441/316 651/1475/317 861/1478/317 862/1442/316
f 640/1481/310 641/1482/311 834/1483/311 832/1484/310
f 652/1469/314 644/1440/315 858/1443/315 856/1470/314
f 641/1482/311 639/1479/262 829/1480/262 834/1483/311
f 653/1446/305 654/1453/308 849/1456/308 854/1447/305
f 638/1472/303 642/1410/304 831/1413/304 828/1473/303
f 626/1461/315 627/1451/316 845/1452/316 839/1462/315
f 842/1485/319 840/1486/319 853/1487/319 847/1488/319
f 842/1485/319 847/1488/319 846/1379/319 841/1378/319
f 765/1489/286 764/1490/286 795/1491/286
f 762/1492/286 765/1489/286 795/1491/286 794/1493/286
f 763/1494/303 362/1118/303 367/1117/303 795/1495/303
f 764/1490/286 763/1496/286 795/1491/286
f 663/1497/472 781/1498/472 365/1122/306 352/1121/306
f 849/1499/319 839/1500/319 845/1375/319 854/1374/319
f 840/1486/319 844/1501/319 852/1502/319 853/1487/319
f 670/1503/473 860/1504/319 863/1505/319
f 670/1503/473 859/1506/319 860/1504/319
f 662/1507/474 828/1508/319 783/1509/475
f 767/1448/471 861/1450/319 859/1506/319
f 830/1510/319 828/1508/319 662/1507/474
f 767/1448/471 859/1506/319 670/1503/473
f 646/1476/306 647/1457/307 860/1460/307 859/1477/306
f 777/1511/476 672/1512/477 671/1513/478 779/1514/479
f 775/1515/480 673/1516/481 672/1512/477 777/1511/476
f 773/1517/482 674/1518/483 673/1516/481 775/1515/480
f 771/1519/484 675/1520/485 674/1518/483 773/1517/482
f 779/1514/479 671/1513/478 669/1521/486 769/1522/486
f 769/1522/486 669/1521/486 762/1523/303 794/1524/303
f 767/1448/471 670/1503/473 675/1520/485 771/1519/484
f 831/1525/319 783/1509/475 828/1508/319
f 791/1526/487 665/1527/488 664/1528/489 793/1529/490
f 789/1530/491 666/1531/492 665/1527/488 791/1526/487
f 787/1532/493 667/1533/494 666/1531/492 789/1530/491
f 785/1534/495 668/1535/496 667/1533/494 787/1532/493
f 793/1529/490 664/1528/489 662/1536/474 783/1537/475
f 781/1498/472 663/1497/472 668/1535/496 785/1534/495
f 783/1509/475 831/1525/319 836/1538/319
f 857/1539/319 670/1503/473 863/1505/319
f 868/1540/319 783/1509/475 836/1538/319 835/1541/319
f 662/1507/474 829/1542/319 830/1510/319
f 363/975/154 364/971/154 761/1302/154 760/1200/154
f 760/1200/154 761/1302/154 676/1238/384 689/1246/392
f 714/1255/401 715/1243/389 864/1543/497 662/1257/403
f 713/1253/399 716/1242/388 715/1243/389 714/1255/401
f 712/1251/397 717/1241/387 716/1242/388 713/1253/399
f 711/1249/395 718/1240/386 717/1241/387 712/1251/397
f 710/1247/393 719/1239/385 718/1240/386 711/1249/395
f 689/1246/392 676/1238/384 719/1239/385 710/1247/393
f 662/1507/474 864/1544/319 834/1545/319 829/1542/319
f 715/1243/389 865/1546/498 864/1543/497
f 864/1544/319 832/1547/319 834/1545/319
f 864/1544/319 865/1548/319 837/1549/319 832/1547/319
f 865/1548/319 844/1501/319 837/1549/319
f 865/1548/319 852/1502/319 844/1501/319
f 865/1548/319 850/1550/319 852/1502/319
f 715/1243/389 670/1244/390 865/1546/498
f 670/1503/473 857/1539/319 855/1551/319
f 865/1548/319 670/1503/473 855/1551/319 850/1550/319
f 833/1552/319 868/1540/319 835/1541/319
f 813/1369/153 869/1553/153 766/1346/153
f 766/1346/153 869/1553/153 870/1554/153 800/1347/153
f 800/1311/446 870/1555/277 871/1556/277 767/1308/446
f 767/1448/471 871/1557/319 858/1558/319 862/1449/319
f 813/1369/153 866/1372/153 872/1559/153
f 872/1559/153 866/1372/153 867/1373/153 873/1560/153
f 873/1561/277 867/1380/277 868/1381/277 874/1562/277
f 874/1563/319 868/1540/319 833/1552/319 838/1564/319
f 871/1557/319 856/1565/319 858/1558/319
f 870/1555/277 873/1561/277 874/1562/277 871/1556/277
f 869/1553/153 872/1559/153 873/1560/153 870/1554/153
f 813/1369/153 872/1559/153 869/1553/153
f 871/1557/319 874/1563/319 851/1566/319 856/1565/319
f 839/1500/319 874/1563/319 838/1564/319
f 874/1563/319 839/1500/319 849/1499/319
f 874/1563/319 849/1499/319 851/1566/319
f 796/1192/153 815/1399/153 818/1400/153
f 884/1567/153 877/1568/153 875/1569/153 902/1570/153
f 901/1571/153 876/1572/153 881/1573/153 886/1574/153
f 902/1570/153 875/1569/153 876/1572/153 901/1571/153
f 875/1569/153 878/1575/153 880/1576/153 876/1572/153
f 877/1568/153 879/1577/153 878/1575/153 875/1569/153
f 886/1578/499 899/1579/499 900/1580/500 888/1581/500
f 888/1581/500 900/1580/500 898/1582/501 887/1583/501
f 895/1584/502 881/1585/502 882/1586/491 897/1587/491
f 897/1587/491 882/1586/491 880/1588/503 896/1589/503
f 877/1590/504 893/1591/504 894/1592/339 879/1593/339
f 879/1593/339 894/1592/339 892/1594/505 878/1595/505
f 889/1596/506 884/1597/506 885/1598/328 891/1599/328
f 891/1599/328 885/1598/328 883/1600/507 890/1601/507
f 884/1597/506 889/1596/506 893/1591/504 877/1590/504
f 876/1572/153 880/1576/153 882/1602/153 881/1573/153
f 878/1595/505 892/1594/505 896/1603/503 880/1604/503
f 881/1585/502 895/1584/502 899/1579/499 886/1578/499
f 887/1583/501 898/1582/501 890/1601/507 883/1600/507
f 883/1605/153 902/1570/153 901/1571/153 887/1606/153
f 887/1606/153 901/1571/153 886/1574/153 888/1607/153
f 885/1608/153 884/1567/153 902/1570/153 883/1605/153
f 912/1609/153 905/1610/153 903/1611/153 930/1612/153
f 929/1613/153 904/1614/153 909/1615/153 914/1616/153
f 930/1612/153 903/1611/153 904/1614/153 929/1613/153
f 903/1611/153 906/1617/153 908/1618/153 904/1614/153
f 905/1610/153 907/1619/153 906/1617/153 903/1611/153
f 914/1620/499 927/1621/499 928/1622/480 916/1623/480
f 916/1623/480 928/1622/480 926/1624/501 915/1625/501
f 923/1626/502 909/1627/502 910/1628/508 925/1629/508
f 925/1629/508 910/1628/508 908/1630/503 924/1631/503
f 905/1632/504 921/1633/504 922/1634/509 907/1635/509
f 907/1635/509 922/1634/509 920/1636/505 906/1637/505
f 917/1638/506 912/1639/506 913/1640/510 919/1641/510
f 919/1641/510 913/1640/510 911/1642/507 918/1643/507
f 912/1639/506 917/1638/506 921/1633/504 905/1632/504
f 904/1614/153 908/1618/153 910/1644/153 909/1615/153
f 906/1637/505 920/1636/505 924/1645/503 908/1646/503
f 909/1627/502 923/1626/502 927/1621/499 914/1620/499
f 915/1625/501 926/1624/501 918/1643/507 911/1642/507
f 911/1647/153 930/1612/153 929/1613/153 915/1648/153
f 915/1648/153 929/1613/153 914/1616/153 916/1649/153
f 913/1650/153 912/1609/153 930/1612/153 911/1647/153
f 940/1651/153 933/1652/153 931/1653/153 958/1654/153
f 957/1655/153 932/1656/153 937/1657/153 942/1658/153
f 958/1654/153 931/1653/153 932/1656/153 957/1655/153
f 931/1653/153 934/1659/153 936/1660/153 932/1656/153
f 933/1652/153 935/1661/153 934/1659/153 931/1653/153
f 942/1662/499 955/1663/499 956/1664/480 944/1665/480
f 944/1665/480 956/1664/480 954/1666/501 943/1667/501
f 951/1668/502 937/1669/502 938/1670/491 953/1671/491
f 953/1671/491 938/1670/491 936/1672/503 952/1673/503
f 933/1674/504 949/1675/504 950/1676/509 935/1677/509
f 935/1677/509 950/1676/509 948/1678/505 934/1679/505
f 945/1680/506 940/1681/506 941/1682/328 947/1683/328
f 947/1683/328 941/1682/328 939/1684/507 946/1685/507
f 940/1681/506 945/1680/506 949/1675/504 933/1674/504
f 932/1656/153 936/1660/153 938/1686/153 937/1657/153
f 934/1679/505 948/1678/505 952/1687/503 936/1688/503
f 937/1669/502 951/1668/502 955/1663/499 942/1662/499
f 943/1667/501 954/1666/501 946/1685/507 939/1684/507
f 939/1689/153 958/1654/153 957/1655/153 943/1690/153
f 943/1690/153 957/1655/153 942/1658/153 944/1691/153
f 941/1692/153 940/1651/153 958/1654/153 939/1689/153
f 968/1693/153 961/1694/153 959/1695/153 986/1696/153
f 985/1697/153 960/1698/153 965/1699/153 970/1700/153
f 986/1696/153 959/1695/153 960/1698/153 985/1697/153
f 959/1695/153 962/1701/153 964/1702/153 960/1698/153
f 961/1694/153 963/1703/153 962/1701/153 959/1695/153
f 970/1704/499 983/1705/499 984/1706/480 972/1707/480
f 972/1707/480 984/1706/480 982/1708/501 971/1709/501
f 979/1710/502 965/1711/502 966/1712/491 981/1713/491
f 981/1713/491 966/1712/491 964/1714/503 980/1715/503
f 961/1716/504 977/1717/504 978/1718/339 963/1719/339
f 963/1719/339 978/1718/339 976/1720/505 962/1721/505
f 973/1722/506 968/1723/506 969/1724/328 975/1725/328
f 975/1725/328 969/1724/328 967/1726/507 974/1727/507
f 968/1723/506 973/1722/506 977/1717/504 961/1716/504
f 960/1698/153 964/1702/153 966/1728/153 965/1699/153
f 962/1721/505 976/1720/505 980/1729/503 964/1730/503
f 965/1711/502 979/1710/502 983/1705/499 970/1704/499
f 971/1709/501 982/1708/501 974/1727/507 967/1726/507
f 967/1731/153 986/1696/153 985/1697/153 971/1732/153
f 971/1732/153 985/1697/153 970/1700/153 972/1733/153
f 969/1734/153 968/1693/153 986/1696/153 967/1731/153
f 996/1735/153 989/1736/153 987/1737/153 1014/1738/153
f 1013/1739/153 988/1740/153 993/1741/153 998/1742/153
f 1014/1738/153 987/1737/153 988/1740/153 1013/1739/153
f 987/1737/153 990/1743/153 992/1744/153 988/1740/153
f 989/1736/153 991/1745/153 990/1743/153 987/1737/153
f 998/1746/499 1011/1747/499 1012/1748/480 1000/1749/480
f 1000/1749/480 1012/1748/480 1010/1750/501 999/1751/501
f 1007/1752/502 993/1753/502 994/1754/491 1009/1755/491
f 1009/1755/491 994/1754/491 992/1756/503 1008/1757/503
f 989/1758/504 1005/1759/504 1006/1760/339 991/1761/339
f 991/1761/339 1006/1760/339 1004/1762/505 990/1763/505
f 1001/1764/506 996/1765/506 997/1766/328 1003/1767/328
f 1003/1767/328 997/1766/328 995/1768/507 1002/1769/507
f 996/1765/506 1001/1764/506 1005/1759/504 989/1758/504
f 988/1740/153 992/1744/153 994/1770/153 993/1741/153
f 990/1763/505 1004/1762/505 1008/1771/503 992/1772/503
f 993/1753/502 1007/1752/502 1011/1747/499 998/1746/499
f 999/1751/501 1010/1750/501 1002/1769/507 995/1768/507
f 995/1773/153 1014/1738/153 1013/1739/153 999/1774/153
f 999/1774/153 1013/1739/153 998/1742/153 1000/1775/153
f 997/1776/153 996/1735/153 1014/1738/153 995/1773/153
f 1024/1777/153 1017/1778/153 1015/1779/153 1042/1780/153
f 1041/1781/153 1016/1782/153 1021/1783/153 1026/1784/153
f 1042/1780/153 1015/1779/153 1016/1782/153 1041/1781/153
f 1015/1779/153 1018/1785/153 1020/1786/153 1016/1782/153
f 1017/1778/153 1019/1787/153 1018/1785/153 1015/1779/153
f 1026/1788/499 1039/1789/499 1040/1790/500 1028/1791/500
f 1028/1791/500 1040/1790/500 1038/1792/501 1027/1793/501
f 1035/1794/502 1021/1795/502 1022/1796/508 1037/1797/508
f 1037/1797/508 1022/1796/508 1020/1798/503 1036/1799/503
f 1017/1800/504 1033/1801/504 1034/1802/339 1019/1803/339
f 1019/1803/339 1034/1802/339 1032/1804/505 1018/1805/505
f 1029/1806/506 1024/1807/506 1025/1808/510 1031/1809/510
f 1031/1809/510 1025/1808/510 1023/1810/507 1030/1811/507
f 1024/1807/506 1029/1806/506 1033/1801/504 1017/1800/504
f 1016/1782/153 1020/1786/153 1022/1812/153 1021/1783/153
f 1018/1805/505 1032/1804/505 1036/1813/503 1020/1814/503
f 1021/1795/502 1035/1794/502 1039/1789/499 1026/1788/499
f 1027/1793/501 1038/1792/501 1030/1811/507 1023/1810/507
f 1023/1815/153 1042/1780/153 1041/1781/153 1027/1816/153
f 1027/1816/153 1041/1781/153 1026/1784/153 1028/1817/153
f 1025/1818/153 1024/1777/153 1042/1780/153 1023/1815/153
f 1052/1819/153 1045/1820/153 1043/1821/153 1070/1822/153
f 1069/1823/153 1044/1824/153 1049/1825/153 1054/1826/153
f 1070/1822/153 1043/1821/153 1044/1824/153 1069/1823/153
f 1043/1821/153 1046/1827/153 1048/1828/153 1044/1824/153
f 1045/1820/153 1047/1829/153 1046/1827/153 1043/1821/153
f 1054/1830/499 1067/1831/499 1068/1832/500 1056/1833/500
f 1056/1833/500 1068/1832/500 1066/1834/501 1055/1835/501
f 1063/1836/502 1049/1837/502 1050/1838/508 1065/1839/508
f 1065/1839/508 1050/1838/508 1048/1840/503 1064/1841/503
f 1045/1842/504 1061/1843/504 1062/1844/509 1047/1845/509
f 1047/1845/509 1062/1844/509 1060/1846/505 1046/1847/505
f 1057/1848/506 1052/1849/506 1053/1850/510 1059/1851/510
f 1059/1851/510 1053/1850/510 1051/1852/507 1058/1853/507
f 1052/1849/506 1057/1848/506 1061/1843/504 1045/1842/504
f 1044/1824/153 1048/1828/153 1050/1854/153 1049/1825/153
f 1046/1847/505 1060/1846/505 1064/1855/503 1048/1856/503
f 1049/1837/502 1063/1836/502 1067/1831/499 1054/1830/499
f 1055/1835/501 1066/1834/501 1058/1853/507 1051/1852/507
f 1051/1857/153 1070/1822/153 1069/1823/153 1055/1858/153
f 1055/1858/153 1069/1823/153 1054/1826/153 1056/1859/153
f 1053/1860/153 1052/1819/153 1070/1822/153 1051/1857/153
f 1080/1861/153 1073/1862/153 1071/1863/153 1098/1864/153
f 1097/1865/153 1072/1866/153 1077/1867/153 1082/1868/153
f 1098/1864/153 1071/1863/153 1072/1866/153 1097/1865/153
f 1071/1863/153 1074/1869/153 1076/1870/153 1072/1866/153
f 1073/1862/153 1075/1871/153 1074/1869/153 1071/1863/153
f 1082/1872/499 1095/1873/499 1096/1874/500 1084/1875/500
f 1084/1875/500 1096/1874/500 1094/1876/501 1083/1877/501
f 1091/1878/502 1077/1879/502 1078/1880/508 1093/1881/508
f 1093/1881/508 1078/1880/508 1076/1882/503 1092/1883/503
f 1073/1884/504 1089/1885/504 1090/1886/509 1075/1887/509
f 1075/1887/509 1090/1886/509 1088/1888/505 1074/1889/505
f 1085/1890/506 1080/1891/506 1081/1892/510 1087/1893/510
f 1087/1893/510 1081/1892/510 1079/1894/507 1086/1895/507
f 1080/1891/506 1085/1890/506 1089/1885/504 1073/1884/504
f 1072/1866/153 1076/1870/153 1078/1896/153 1077/1867/153
f 1074/1889/505 1088/1888/505 1092/1897/503 1076/1898/503
f 1077/1879/502 1091/1878/502 1095/1873/499 1082/1872/499
f 1083/1877/501 1094/1876/501 1086/1895/507 1079/1894/507
f 1079/1899/153 1098/1864/153 1097/1865/153 1083/1900/153
f 1083/1900/153 1097/1865/153 1082/1868/153 1084/1901/153
f 1081/1902/153 1080/1861/153 1098/1864/153 1079/1899/153
f 1108/1903/153 1101/1904/153 1099/1905/153 1126/1906/153
f 1125/1907/153 1100/1908/153 1105/1909/153 1110/1910/153
f 1126/1906/153 1099/1905/153 1100/1908/153 1125/1907/153
f 1099/1905/153 1102/1911/153 1104/1912/153 1100/1908/153
f 1101/1904/153 1103/1913/153 1102/1911/153 1099/1905/153
f 1110/1914/499 1123/1915/499 1124/1916/500 1112/1917/500
f 1112/1917/500 1124/1916/500 1122/1918/501 1111/1919/501
f 1119/1920/502 1105/1921/502 1106/1922/508 1121/1923/508
f 1121/1923/508 1106/1922/508 1104/1924/503 1120/1925/503
f 1101/1926/504 1117/1927/504 1118/1928/509 1103/1929/509
f 1103/1929/509 1118/1928/509 1116/1930/505 1102/1931/505
f 1113/1932/506 1108/1933/506 1109/1934/510 1115/1935/510
f 1115/1935/510 1109/1934/510 1107/1936/507 1114/1937/507
f 1108/1933/506 1113/1932/506 1117/1927/504 1101/1926/504
f 1100/1908/153 1104/1912/153 1106/1938/153 1105/1909/153
f 1102/1931/505 1116/1930/505 1120/1939/503 1104/1940/503
f 1105/1921/502 1119/1920/502 1123/1915/499 1110/1914/499
f 1111/1919/501 1122/1918/501 1114/1937/507 1107/1936/507
f 1107/1941/153 1126/1906/153 1125/1907/153 1111/1942/153
f 1111/1942/153 1125/1907/153 1110/1910/153 1112/1943/153
f 1109/1944/153 1108/1903/153 1126/1906/153 1107/1941/153
f 1136/1945/153 1129/1946/153 1127/1947/153 1154/1948/153
f 1153/1949/153 1128/1950/153 1133/1951/153 1138/1952/153
f 1154/1948/153 1127/1947/153 1128/1950/153 1153/1949/153
f 1127/1947/153 1130/1953/153 1132/1954/153 1128/1950/153
f 1129/1946/153 1131/1955/153 1130/1953/153 1127/1947/153
f 1138/1956/499 1151/1957/499 1152/1958/500 1140/1959/500
f 1140/1959/500 1152/1958/500 1150/1960/501 1139/1961/501
f 1147/1962/502 1133/1963/502 1134/1964/508 1149/1965/508
f 1149/1965/508 1134/1964/508 1132/1966/503 1148/1967/503
f 1129/1968/504 1145/1969/504 1146/1970/509 1131/1971/509
f 1131/1971/509 1146/1970/509 1144/1972/505 1130/1973/505
f 1141/1974/506 1136/1975/506 1137/1976/328 1143/1977/510
f 1143/1977/510 1137/1976/328 1135/1978/507 1142/1979/507
f 1136/1975/506 1141/1974/506 1145/1969/504 1129/1968/504
f 1128/1950/153 1132/1954/153 1134/1980/153 1133/1951/153
f 1130/1973/505 1144/1972/505 1148/1981/503 1132/1982/503
f 1133/1963/502 1147/1962/502 1151/1957/499 1138/1956/499
f 1139/1961/501 1150/1960/501 1142/1979/507 1135/1978/507
f 1135/1983/153 1154/1948/153 1153/1949/153 1139/1984/153
f 1139/1984/153 1153/1949/153 1138/1952/153 1140/1985/153
f 1137/1986/153 1136/1945/153 1154/1948/153 1135/1983/153
f 1164/1987/153 1157/1988/153 1155/1989/153 1182/1990/153
f 1181/1991/153 1156/1992/153 1161/1993/153 1166/1994/153
f 1182/1990/153 1155/1989/153 1156/1992/153 1181/1991/153
f 1155/1989/153 1158/1995/153 1160/1996/153 1156/1992/153
f 1157/1988/153 1159/1997/153 1158/1995/153 1155/1989/153
f 1166/1998/499 1179/1999/499 1180/2000/500 1168/2001/500
f 1168/2001/500 1180/2000/500 1178/2002/501 1167/2003/501
f 1175/2004/502 1161/2005/502 1162/2006/491 1177/2007/491
f 1177/2007/491 1162/2006/491 1160/2008/503 1176/2009/503
f 1157/2010/504 1173/2011/504 1174/2012/509 1159/2013/509
f 1159/2013/509 1174/2012/509 1172/2014/505 1158/2015/505
f 1169/2016/506 1164/2017/506 1165/2018/328 1171/2019/328
f 1171/2019/328 1165/2018/328 1163/2020/507 1170/2021/507
f 1164/2017/506 1169/2016/506 1173/2011/504 1157/2010/504
f 1156/1992/153 1160/1996/153 1162/2022/153 1161/1993/153
f 1158/2015/505 1172/2014/505 1176/2023/503 1160/2024/503
f 1161/2005/502 1175/2004/502 1179/1999/499 1166/1998/499
f 1167/2003/501 1178/2002/501 1170/2021/507 1163/2020/507
f 1163/2025/153 1182/1990/153 1181/1991/153 1167/2026/153
f 1167/2026/153 1181/1991/153 1166/1994/153 1168/2027/153
f 1165/2028/153 1164/1987/153 1182/1990/153 1163/2025/153
f 1192/2029/153 1185/2030/153 1183/2031/153 1210/2032/153
f 1209/2033/153 1184/2034/153 1189/2035/153 1194/2036/153
f 1210/2032/153 1183/2031/153 1184/2034/153 1209/2033/153
f 1183/2031/153 1186/2037/153 1188/2038/153 1184/2034/153
f 1185/2030/153 1187/2039/153 1186/2037/153 1183/2031/153
f 1194/2040/499 1207/2041/499 1208/2042/500 1196/2043/500
f 1196/2043/500 1208/2042/500 1206/2044/501 1195/2045/501
f 1203/2046/502 1189/2047/502 1190/2048/508 1205/2049/508
f 1205/2049/508 1190/2048/508 1188/2050/503 1204/2051/503
f 1185/2052/504 1201/2053/504 1202/2054/509 1187/2055/509
f 1187/2055/509 1202/2054/509 1200/2056/505 1186/2057/505
f 1197/2058/506 1192/2059/506 1193/2060/510 1199/2061/510
f 1199/2061/510 1193/2060/510 1191/2062/507 1198/2063/507
f 1192/2059/506 1197/2058/506 1201/2053/504 1185/2052/504
f 1184/2034/153 1188/2038/153 1190/2064/153 1189/2035/153
f 1186/2057/505 1200/2056/505 1204/2065/503 1188/2066/503
f 1189/2047/502 1203/2046/502 1207/2041/499 1194/2040/499
f 1195/2045/501 1206/2044/501 1198/2063/507 1191/2062/507
f 1191/2067/153 1210/2032/153 1209/2033/153 1195/2068/153
f 1195/2068/153 1209/2033/153 1194/2036/153 1196/2069/153
f 1193/2070/153 1192/2029/153 1210/2032/153 1191/2067/153
f 1220/2071/153 1213/2072/153 1211/2073/153 1238/2074/153
f 1237/2075/153 1212/2076/153 1217/2077/153 1222/2078/153
f 1238/2074/153 1211/2073/153 1212/2076/153 1237/2075/153
f 1211/2073/153 1214/2079/153 1216/2080/153 1212/2076/153
f 1213/2072/153 1215/2081/153 1214/2079/153 1211/2073/153
f 1222/2082/499 1235/2083/499 1236/2084/480 1224/2085/480
f 1224/2085/480 1236/2084/480 1234/2086/501 1223/2087/501
f 1231/2088/502 1217/2089/502 1218/2090/491 1233/2091/491
f 1233/2091/491 1218/2090/491 1216/2092/503 1232/2093/503
f 1213/2094/504 1229/2095/504 1230/2096/339 1215/2097/339
f 1215/2097/339 1230/2096/339 1228/2098/505 1214/2099/505
f 1225/2100/506 1220/2101/506 1221/2102/328 1227/2103/328
f 1227/2103/328 1221/2102/328 1219/2104/507 1226/2105/507
f 1220/2101/506 1225/2100/506 1229/2095/504 1213/2094/504
f 1212/2076/153 1216/2080/153 1218/2106/153 1217/2077/153
f 1214/2099/505 1228/2098/505 1232/2107/503 1216/2108/503
f 1217/2089/502 1231/2088/502 1235/2083/499 1222/2082/499
f 1223/2087/501 1234/2086/501 1226/2105/507 1219/2104/507
f 1219/2109/153 1238/2074/153 1237/2075/153 1223/2110/153
f 1223/2110/153 1237/2075/153 1222/2078/153 1224/2111/153
f 1221/2112/153 1220/2071/153 1238/2074/153 1219/2109/153
f 1248/2113/153 1241/2114/153 1239/2115/153 1266/2116/153
f 1265/2117/153 1240/2118/153 1245/2119/153 1250/2120/153
f 1266/2116/153 1239/2115/153 1240/2118/153 1265/2117/153
f 1239/2115/153 1242/2121/153 1244/2122/153 1240/2118/153
f 1241/2114/153 1243/2123/153 1242/2121/153 1239/2115/153
f 1250/2124/499 1263/2125/499 1264/2126/480 1252/2127/480
f 1252/2127/480 1264/2126/480 1262/2128/501 1251/2129/501
f 1259/2130/502 1245/2131/502 1246/2132/508 1261/2133/508
f 1261/2133/508 1246/2132/508 1244/2134/503 1260/2135/503
f 1241/2136/504 1257/2137/504 1258/2138/509 1243/2139/509
f 1243/2139/509 1258/2138/509 1256/2140/505 1242/2141/505
f 1253/2142/506 1248/2143/506 1249/2144/510 1255/2145/510
f 1255/2145/510 1249/2144/510 1247/2146/507 1254/2147/507
f 1248/2143/506 1253/2142/506 1257/2137/504 1241/2136/504
f 1240/2118/153 1244/2122/153 1246/2148/153 1245/2119/153
f 1242/2141/505 1256/2140/505 1260/2149/503 1244/2150/503
f 1245/2131/502 1259/2130/502 1263/2125/499 1250/2124/499
f 1251/2129/501 1262/2128/501 1254/2147/507 1247/2146/507
f 1247/2151/153 1266/2116/153 1265/2117/153 1251/2152/153
f 1251/2152/153 1265/2117/153 1250/2120/153 1252/2153/153
f 1249/2154/153 1248/2113/153 1266/2116/153 1247/2151/153
f 1276/2155/153 1269/2156/153 1267/2157/153 1294/2158/153
f 1293/2159/153 1268/2160/153 1273/2161/153 1278/2162/153
f 1294/2158/153 1267/2157/153 1268/2160/153 1293/2159/153
f 1267/2157/153 1270/2163/153 1272/2164/153 1268/2160/153
f 1269/2156/153 1271/2165/153 1270/2163/153 1267/2157/153
f 1278/2166/499 1291/2167/499 1292/2168/500 1280/2169/500
f 1280/2169/500 1292/2168/500 1290/2170/501 1279/2171/501
f 1287/2172/502 1273/2173/502 1274/2174/508 1289/2175/508
f 1289/2175/508 1274/2174/508 1272/2176/503 1288/2177/503
f 1269/2178/504 1285/2179/504 1286/2180/339 1271/2181/339
f 1271/2181/339 1286/2180/339 1284/2182/505 1270/2183/505
f 1281/2184/506 1276/2185/506 1277/2186/328 1283/2187/328
f 1283/2187/328 1277/2186/328 1275/2188/507 1282/2189/507
f 1276/2185/506 1281/2184/506 1285/2179/504 1269/2178/504
f 1268/2160/153 1272/2164/153 1274/2190/153 1273/2161/153
f 1270/2183/505 1284/2182/505 1288/2191/503 1272/2192/503
f 1273/2173/502 1287/2172/502 1291/2167/499 1278/2166/499
f 1279/2171/501 1290/2170/501 1282/2189/507 1275/2188/507
f 1275/2193/153 1294/2158/153 1293/2159/153 1279/2194/153
f 1279/2194/153 1293/2159/153 1278/2162/153 1280/2195/153
f 1277/2196/153 1276/2155/153 1294/2158/153 1275/2193/153
f 1304/2197/153 1297/2198/153 1295/2199/153 1322/2200/153
f 1321/2201/153 1296/2202/153 1301/2203/153 1306/2204/153
f 1322/2200/153 1295/2199/153 1296/2202/153 1321/2201/153
f 1295/2199/153 1298/2205/153 1300/2206/153 1296/2202/153
f 1297/2198/153 1299/2207/153 1298/2205/153 1295/2199/153
f 1306/2208/499 1319/2209/499 1320/2210/500 1308/2211/500
f 1308/2211/500 1320/2210/500 1318/2212/501 1307/2213/501
f 1315/2214/502 1301/2215/502 1302/2216/508 1317/2217/508
f 1317/2217/508 1302/2216/508 1300/2218/503 1316/2219/503
f 1297/2220/504 1313/2221/504 1314/2222/509 1299/2223/509
f 1299/2223/509 1314/2222/509 1312/2224/505 1298/2225/505
f 1309/2226/506 1304/2227/506 1305/2228/510 1311/2229/328
f 1311/2229/328 1305/2228/510 1303/2230/507 1310/2231/507
f 1304/2227/506 1309/2226/506 1313/2221/504 1297/2220/504
f 1296/2202/153 1300/2206/153 1302/2232/153 1301/2203/153
f 1298/2225/505 1312/2224/505 1316/2233/503 1300/2234/503
f 1301/2215/502 1315/2214/502 1319/2209/499 1306/2208/499
f 1307/2213/501 1318/2212/501 1310/2231/507 1303/2230/507
f 1303/2235/153 1322/2200/153 1321/2201/153 1307/2236/153
f 1307/2236/153 1321/2201/153 1306/2204/153 1308/2237/153
f 1305/2238/153 1304/2197/153 1322/2200/153 1303/2235/153
f 1332/2239/153 1325/2240/153 1323/2241/153 1350/2242/153
f 1349/2243/153 1324/2244/153 1329/2245/153 1334/2246/153
f 1350/2242/153 1323/2241/153 1324/2244/153 1349/2243/153
f 1323/2241/153 1326/2247/153 1328/2248/153 1324/2244/153
f 1325/2240/153 1327/2249/153 1326/2247/153 1323/2241/153
f 1334/2250/499 1347/2251/499 1348/2252/480 1336/2253/480
f 1336/2253/480 1348/2252/480 1346/2254/501 1335/2255/501
f 1343/2256/502 1329/2257/502 1330/2258/491 1345/2259/491
f 1345/2259/491 1330/2258/491 1328/2260/503 1344/2261/503
f 1325/2262/504 1341/2263/504 1342/2264/339 1327/2265/339
f 1327/2265/339 1342/2264/339 1340/2266/505 1326/2267/505
f 1337/2268/506 1332/2269/506 1333/2270/328 1339/2271/328
f 1339/2271/328 1333/2270/328 1331/2272/507 1338/2273/507
f 1332/2269/506 1337/2268/506 1341/2263/504 1325/2262/504
f 1324/2244/153 1328/2248/153 1330/2274/153 1329/2245/153
f 1326/2267/505 1340/2266/505 1344/2275/503 1328/2276/503
f 1329/2257/502 1343/2256/502 1347/2251/499 1334/2250/499
f 1335/2255/501 1346/2254/501 1338/2273/507 1331/2272/507
f 1331/2277/153 1350/2242/153 1349/2243/153 1335/2278/153
f 1335/2278/153 1349/2243/153 1334/2246/153 1336/2279/153
f 1333/2280/153 1332/2239/153 1350/2242/153 1331/2277/153
f 1360/2281/153 1353/2282/153 1351/2283/153 1378/2284/153
f 1377/2285/153 1352/2286/153 1357/2287/153 1362/2288/153
f 1378/2284/153 1351/2283/153 1352/2286/153 1377/2285/153
f 1351/2283/153 1354/2289/153 1356/2290/153 1352/2286/153
f 1353/2282/153 1355/2291/153 1354/2289/153 1351/2283/153
f 1362/2292/499 1375/2293/499 1376/2294/480 1364/2295/480
f 1364/2295/480 1376/2294/480 1374/2296/501 1363/2297/501
f 1371/2298/502 1357/2299/502 1358/2300/491 1373/2301/491
f 1373/2301/491 1358/2300/491 1356/2302/503 1372/2303/503
f 1353/2304/504 1369/2305/504 1370/2306/339 1355/2307/339
f 1355/2307/339 1370/2306/339 1368/2308/505 1354/2309/505
f 1365/2310/506 1360/2311/506 1361/2312/328 1367/2313/328
f 1367/2313/328 1361/2312/328 1359/2314/507 1366/2315/507
f 1360/2311/506 1365/2310/506 1369/2305/504 1353/2304/504
f 1352/2286/153 1356/2290/153 1358/2316/153 1357/2287/153
f 1354/2309/505 1368/2308/505 1372/2317/503 1356/2318/503
f 1357/2299/502 1371/2298/502 1375/2293/499 1362/2292/499
f 1363/2297/501 1374/2296/501 1366/2315/507 1359/2314/507
f 1359/2319/153 1378/2284/153 1377/2285/153 1363/2320/153
f 1363/2320/153 1377/2285/153 1362/2288/153 1364/2321/153
f 1361/2322/153 1360/2281/153 1378/2284/153 1359/2319/153
f 1388/2323/153 1381/2324/153 1379/2325/153 1406/2326/153
f 1405/2327/153 1380/2328/153 1385/2329/153 1390/2330/153
f 1406/2326/153 1379/2325/153 1380/2328/153 1405/2327/153
f 1379/2325/153 1382/2331/153 1384/2332/153 1380/2328/153
f 1381/2324/153 1383/2333/153 1382/2331/153 1379/2325/153
f 1390/2334/499 1403/2335/499 1404/2336/500 1392/2337/500
f 1392/2337/500 1404/2336/500 1402/2338/501 1391/2339/501
f 1399/2340/502 1385/2341/502 1386/2342/508 1401/2343/508
f 1401/2343/508 1386/2342/508 1384/2344/503 1400/2345/503
f 1381/2346/504 1397/2347/504 1398/2348/339 1383/2349/339
f 1383/2349/339 1398/2348/339 1396/2350/505 1382/2351/505
f 1393/2352/506 1388/2353/506 1389/2354/328 1395/2355/328
f 1395/2355/328 1389/2354/328 1387/2356/507 1394/2357/507
f 1388/2353/506 1393/2352/506 1397/2347/504 1381/2346/504
f 1380/2328/153 1384/2332/153 1386/2358/153 1385/2329/153
f 1382/2351/505 1396/2350/505 1400/2359/503 1384/2360/503
f 1385/2341/502 1399/2340/502 1403/2335/499 1390/2334/499
f 1391/2339/501 1402/2338/501 1394/2357/507 1387/2356/507
f 1387/2361/153 1406/2326/153 1405/2327/153 1391/2362/153
f 1391/2362/153 1405/2327/153 1390/2330/153 1392/2363/153
f 1389/2364/153 1388/2323/153 1406/2326/153 1387/2361/153
f 1416/2365/153 1409/2366/153 1407/2367/153 1434/2368/153
f 1433/2369/153 1408/2370/153 1413/2371/153 1418/2372/153
f 1434/2368/153 1407/2367/153 1408/2370/153 1433/2369/153
f 1407/2367/153 1410/2373/153 1412/2374/153 1408/2370/153
f 1409/2366/153 1411/2375/153 1410/2373/153 1407/2367/153
f 1418/2376/499 1431/2377/499 1432/2378/500 1420/2379/500
f 1420/2379/500 1432/2378/500 1430/2380/501 1419/2381/501
f 1427/2382/502 1413/2383/502 1414/2384/508 1429/2385/508
f 1429/2385/508 1414/2384/508 1412/2386/503 1428/2387/503
f 1409/2388/504 1425/2389/504 1426/2390/509 1411/2391/509
f 1411/2391/509 1426/2390/509 1424/2392/505 1410/2393/505
f 1421/2394/506 1416/2395/506 1417/2396/510 1423/2397/510
f 1423/2397/510 1417/2396/510 1415/2398/507 1422/2399/507
f 1416/2395/506 1421/2394/506 1425/2389/504 1409/2388/504
f 1408/2370/153 1412/2374/153 1414/2400/153 1413/2371/153
f 1410/2393/505 1424/2392/505 1428/2401/503 1412/2402/503
f 1413/2383/502 1427/2382/502 1431/2377/499 1418/2376/499
f 1419/2381/501 1430/2380/501 1422/2399/507 1415/2398/507
f 1415/2403/153 1434/2368/153 1433/2369/153 1419/2404/153
f 1419/2404/153 1433/2369/153 1418/2372/153 1420/2405/153
f 1417/2406/153 1416/2365/153 1434/2368/153 1415/2403/153
f 1444/2407/153 1437/2408/153 1435/2409/153 1462/2410/153
f 1461/2411/153 1436/2412/153 1441/2413/153 1446/2414/153
f 1462/2410/153 1435/2409/153 1436/2412/153 1461/2411/153
f 1435/2409/153 1438/2415/153 1440/2416/153 1436/2412/153
f 1437/2408/153 1439/2417/153 1438/2415/153 1435/2409/153
f 1446/2418/499 1459/2419/499 1460/2420/500 1448/2421/500
f 1448/2421/500 1460/2420/500 1458/2422/501 1447/2423/501
f 1455/2424/502 1441/2425/502 1442/2426/508 1457/2427/508
f 1457/2427/508 1442/2426/508 1440/2428/503 1456/2429/503
f 1437/2430/504 1453/2431/504 1454/2432/509 1439/2433/509
f 1439/2433/509 1454/2432/509 1452/2434/505 1438/2435/505
f 1449/2436/506 1444/2437/506 1445/2438/510 1451/2439/510
f 1451/2439/510 1445/2438/510 1443/2440/507 1450/2441/507
f 1444/2437/506 1449/2436/506 1453/2431/504 1437/2430/504
f 1436/2412/153 1440/2416/153 1442/2442/153 1441/2413/153
f 1438/2435/505 1452/2434/505 1456/2443/503 1440/2444/503
f 1441/2425/502 1455/2424/502 1459/2419/499 1446/2418/499
f 1447/2423/501 1458/2422/501 1450/2441/507 1443/2440/507
f 1443/2445/153 1462/2410/153 1461/2411/153 1447/2446/153
f 1447/2446/153 1461/2411/153 1446/2414/153 1448/2447/153
f 1445/2448/153 1444/2407/153 1462/2410/153 1443/2445/153
f 1472/2449/153 1465/2450/153 1463/2451/153 1490/2452/153
f 1489/2453/153 1464/2454/153 1469/2455/153 1474/2456/153
f 1490/2452/153 1463/2451/153 1464/2454/153 1489/2453/153
f 1463/2451/153 1466/2457/153 1468/2458/153 1464/2454/153
f 1465/2450/153 1467/2459/153 1466/2457/153 1463/2451/153
f 1474/2460/499 1487/2461/499 1488/2462/500 1476/2463/500
f 1476/2463/500 1488/2462/500 1486/2464/501 1475/2465/501
f 1483/2466/502 1469/2467/502 1470/2468/508 1485/2469/508
f 1485/2469/508 1470/2468/508 1468/2470/503 1484/2471/503
f 1465/2472/504 1481/2473/504 1482/2474/509 1467/2475/509
f 1467/2475/509 1482/2474/509 1480/2476/505 1466/2477/505
f 1477/2478/506 1472/2479/506 1473/2480/510 1479/2481/510
f 1479/2481/510 1473/2480/510 1471/2482/507 1478/2483/507
f 1472/2479/506 1477/2478/506 1481/2473/504 1465/2472/504
f 1464/2454/153 1468/2458/153 1470/2484/153 1469/2455/153
f 1466/2477/505 1480/2476/505 1484/2485/503 1468/2486/503
f 1469/2467/502 1483/2466/502 1487/2461/499 1474/2460/499
f 1475/2465/501 1486/2464/501 1478/2483/507 1471/2482/507
f 1471/2487/153 1490/2452/153 1489/2453/153 1475/2488/153
f 1475/2488/153 1489/2453/153 1474/2456/153 1476/2489/153
f 1473/2490/153 1472/2449/153 1490/2452/153 1471/2487/153
f 1500/2491/153 1493/2492/153 1491/2493/153 1518/2494/153
f 1517/2495/153 1492/2496/153 1497/2497/153 1502/2498/153
f 1518/2494/153 1491/2493/153 1492/2496/153 1517/2495/153
f 1491/2493/153 1494/2499/153 1496/2500/153 1492/2496/153
f 1493/2492/153 1495/2501/153 1494/2499/153 1491/2493/153
f 1502/2502/499 1515/2503/499 1516/2504/480 1504/2505/480
f 1504/2505/480 1516/2504/480 1514/2506/501 1503/2507/501
f 1511/2508/502 1497/2509/502 1498/2510/508 1513/2511/508
f 1513/2511/508 1498/2510/508 1496/2512/503 1512/2513/503
f 1493/2514/504 1509/2515/504 1510/2516/509 1495/2517/509
f 1495/2517/509 1510/2516/509 1508/2518/505 1494/2519/505
f 1505/2520/506 1500/2521/506 1501/2522/510 1507/2523/328
f 1507/2523/328 1501/2522/510 1499/2524/507 1506/2525/507
f 1500/2521/506 1505/2520/506 1509/2515/504 1493/2514/504
f 1492/2496/153 1496/2500/153 1498/2526/153 1497/2497/153
f 1494/2519/505 1508/2518/505 1512/2527/503 1496/2528/503
f 1497/2509/502 1511/2508/502 1515/2503/499 1502/2502/499
f 1503/2507/501 1514/2506/501 1506/2525/507 1499/2524/507
f 1499/2529/153 1518/2494/153 1517/2495/153 1503/2530/153
f 1503/2530/153 1517/2495/153 1502/2498/153 1504/2531/153
f 1501/2532/153 1500/2491/153 1518/2494/153 1499/2529/153
f 1528/2533/153 1521/2534/153 1519/2535/153 1546/2536/153
f 1545/2537/153 1520/2538/153 1525/2539/153 1530/2540/153
f 1546/2536/153 1519/2535/153 1520/2538/153 1545/2537/153
f 1519/2535/153 1522/2541/153 1524/2542/153 1520/2538/153
f 1521/2534/153 1523/2543/153 1522/2541/153 1519/2535/153
f 1530/2544/499 1543/2545/499 1544/2546/500 1532/2547/500
f 1532/2547/500 1544/2546/500 1542/2548/501 1531/2549/501
f 1539/2550/502 1525/2551/502 1526/2552/508 1541/2553/508
f 1541/2553/508 1526/2552/508 1524/2554/503 1540/2555/503
f 1521/2556/504 1537/2557/504 1538/2558/509 1523/2559/509
f 1523/2559/509 1538/2558/509 1536/2560/505 1522/2561/505
f 1533/2562/506 1528/2563/506 1529/2564/510 1535/2565/510
f 1535/2565/510 1529/2564/510 1527/2566/507 1534/2567/507
f 1528/2563/506 1533/2562/506 1537/2557/504 1521/2556/504
f 1520/2538/153 1524/2542/153 1526/2568/153 1525/2539/153
f 1522/2561/505 1536/2560/505 1540/2569/503 1524/2570/503
f 1525/2551/502 1539/2550/502 1543/2545/499 1530/2544/499
f 1531/2549/501 1542/2548/501 1534/2567/507 1527/2566/507
f 1527/2571/153 1546/2536/153 1545/2537/153 1531/2572/153
f 1531/2572/153 1545/2537/153 1530/2540/153 1532/2573/153
f 1529/2574/153 1528/2533/153 1546/2536/153 1527/2571/153
f 1556/2575/153 1549/2576/153 1547/2577/153 1574/2578/153
f 1573/2579/153 1548/2580/153 1553/2581/153 1558/2582/153
f 1574/2578/153 1547/2577/153 1548/2580/153 1573/2579/153
f 1547/2577/153 1550/2583/153 1552/2584/153 1548/2580/153
f 1549/2576/153 1551/2585/153 1550/2583/153 1547/2577/153
f 1558/2586/499 1571/2587/499 1572/2588/480 1560/2589/480
f 1560/2589/480 1572/2588/480 1570/2590/501 1559/2591/501
f 1567/2592/502 1553/2593/502 1554/2594/491 1569/2595/491
f 1569/2595/491 1554/2594/491 1552/2596/503 1568/2597/503
f 1549/2598/504 1565/2599/504 1566/2600/509 1551/2601/509
f 1551/2601/509 1566/2600/509 1564/2602/505 1550/2603/505
f 1561/2604/506 1556/2605/506 1557/2606/510 1563/2607/510
f 1563/2607/510 1557/2606/510 1555/2608/507 1562/2609/507
f 1556/2605/506 1561/2604/506 1565/2599/504 1549/2598/504
f 1548/2580/153 1552/2584/153 1554/2610/153 1553/2581/153
f 1550/2603/505 1564/2602/505 1568/2611/503 1552/2612/503
f 1553/2593/502 1567/2592/502 1571/2587/499 1558/2586/499
f 1559/2591/501 1570/2590/501 1562/2609/507 1555/2608/507
f 1555/2613/153 1574/2578/153 1573/2579/153 1559/2614/153
f 1559/2614/153 1573/2579/153 1558/2582/153 1560/2615/153
f 1557/2616/153 1556/2575/153 1574/2578/153 1555/2613/153
f 1584/2617/153 1577/2618/153 1575/2619/153 1602/2620/153
f 1601/2621/153 1576/2622/153 1581/2623/153 1586/2624/153
f 1602/2620/153 1575/2619/153 1576/2622/153 1601/2621/153
f 1575/2619/153 1578/2625/153 1580/2626/153 1576/2622/153
f 1577/2618/153 1579/2627/153 1578/2625/153 1575/2619/153
f 1586/2628/499 1599/2629/499 1600/2630/500 1588/2631/500
f 1588/2631/500 1600/2630/500 1598/2632/501 1587/2633/501
f 1595/2634/502 1581/2635/502 1582/2636/508 1597/2637/508
f 1597/2637/508 1582/2636/508 1580/2638/503 1596/2639/503
f 1577/2640/504 1593/2641/504 1594/2642/339 1579/2643/339
f 1579/2643/339 1594/2642/339 1592/2644/505 1578/2645/505
f 1589/2646/506 1584/2647/506 1585/2648/328 1591/2649/328
f 1591/2649/328 1585/2648/328 1583/2650/507 1590/2651/507
f 1584/2647/506 1589/2646/506 1593/2641/504 1577/2640/504
f 1576/2622/153 1580/2626/153 1582/2652/153 1581/2623/153
f 1578/2653/505 1592/2654/505 1596/2655/503 1580/2656/503
f 1581/2635/502 1595/2634/502 1599/2629/499 1586/2628/499
f 1587/2633/501 1598/2632/501 1590/2651/507 1583/2650/507
f 1583/2657/153 1602/2620/153 1601/2621/153 1587/2658/153
f 1587/2658/153 1601/2621/153 1586/2624/153 1588/2659/153
f 1585/2660/153 1584/2617/153 1602/2620/153 1583/2657/153
f 1612/2661/153 1605/2662/153 1603/2663/153 1630/2664/153
f 1629/2665/153 1604/2666/153 1609/2667/153 1614/2668/153
f 1630/2664/153 1603/2663/153 1604/2666/153 1629/2665/153
f 1603/2663/153 1606/2669/153 1608/2670/153 1604/2666/153
f 1605/2662/153 1607/2671/153 1606/2669/153 1603/2663/153
f 1614/2672/499 1627/2673/499 1628/2674/480 1616/2675/480
f 1616/2675/480 1628/2674/480 1626/2676/501 1615/2677/501
f 1623/2678/502 1609/2679/502 1610/2680/491 1625/2681/491
f 1625/2681/491 1610/2680/491 1608/2682/503 1624/2683/503
f 1605/2684/504 1621/2685/504 1622/2686/339 1607/2687/339
f 1607/2687/339 1622/2686/339 1620/2688/505 1606/2689/505
f 1617/2690/506 1612/2691/506 1613/2692/328 1619/2693/328
f 1619/2693/328 1613/2692/328 1611/2694/507 1618/2695/507
f 1612/2691/506 1617/2690/506 1621/2685/504 1605/2684/504
f 1604/2666/153 1608/2670/153 1610/2696/153 1609/2667/153
f 1606/2689/505 1620/2688/505 1624/2683/503 1608/2682/503
f 1609/2679/502 1623/2678/502 1627/2673/499 1614/2672/499
f 1615/2697/501 1626/2698/501 1618/2695/507 1611/2694/507
f 1611/2699/153 1630/2664/153 1629/2665/153 1615/2700/153
f 1615/2700/153 1629/2665/153 1614/2668/153 1616/2701/153
f 1613/2702/153 1612/2661/153 1630/2664/153 1611/2699/153
f 1640/2703/153 1633/2704/153 1631/2705/153 1658/2706/153
f 1657/2707/153 1632/2708/153 1637/2709/153 1642/2710/153
f 1658/2706/153 1631/2705/153 1632/2708/153 1657/2707/153
f 1631/2705/153 1634/2711/153 1636/2712/153 1632/2708/153
f 1633/2704/153 1635/2713/153 1634/2711/153 1631/2705/153
f 1642/2714/499 1655/2715/499 1656/2716/500 1644/2717/500
f 1644/2717/500 1656/2716/500 1654/2718/501 1643/2719/501
f 1651/2720/502 1637/2721/502 1638/2722/508 1653/2723/508
f 1653/2723/508 1638/2722/508 1636/2724/503 1652/2725/503
f 1633/2726/504 1649/2727/504 1650/2728/509 1635/2729/509
f 1635/2729/509 1650/2728/509 1648/2730/505 1634/2731/505
f 1645/2732/506 1640/2733/506 1641/2734/510 1647/2735/510
f 1647/2735/510 1641/2734/510 1639/2736/507 1646/2737/507
f 1640/2733/506 1645/2732/506 1649/2727/504 1633/2726/504
f 1632/2708/153 1636/2712/153 1638/2738/153 1637/2709/153
f 1634/2731/505 1648/2730/505 1652/2739/503 1636/2740/503
f 1637/2721/502 1651/2720/502 1655/2715/499 1642/2714/499
f 1643/2719/501 1654/2718/501 1646/2737/507 1639/2736/507
f 1639/2741/153 1658/2706/153 1657/2707/153 1643/2742/153
f 1643/2742/153 1657/2707/153 1642/2710/153 1644/2743/153
f 1641/2744/153 1640/2703/153 1658/2706/153 1639/2741/153
f 1668/2745/153 1661/2746/153 1659/2747/153 1686/2748/153
f 1685/2749/153 1660/2750/153 1665/2751/153 1670/2752/153
f 1686/2748/153 1659/2747/153 1660/2750/153 1685/2749/153
f 1659/2747/153 1662/2753/153 1664/2754/153 1660/2750/153
f 1661/2746/153 1663/2755/153 1662/2753/153 1659/2747/153
f 1670/2756/499 1683/2757/499 1684/2758/500 1672/2759/500
f 1672/2759/500 1684/2758/500 1682/2760/501 1671/2761/501
f 1679/2762/502 1665/2763/502 1666/2764/508 1681/2765/508
f 1681/2765/508 1666/2764/508 1664/2766/503 1680/2767/503
f 1661/2768/504 1677/2769/504 1678/2770/339 1663/2771/339
f 1663/2771/339 1678/2770/339 1676/2772/505 1662/2773/505
f 1673/2774/506 1668/2775/506 1669/2776/510 1675/2777/510
f 1675/2777/510 1669/2776/510 1667/2778/507 1674/2779/507
f 1668/2775/506 1673/2774/506 1677/2769/504 1661/2768/504
f 1660/2750/153 1664/2754/153 1666/2780/153 1665/2751/153
f 1662/2773/505 1676/2772/505 1680/2781/503 1664/2782/503
f 1665/2763/502 1679/2762/502 1683/2757/499 1670/2756/499
f 1671/2761/501 1682/2760/501 1674/2779/507 1667/2778/507
f 1667/2783/153 1686/2748/153 1685/2749/153 1671/2784/153
f 1671/2784/153 1685/2749/153 1670/2752/153 1672/2785/153
f 1669/2786/153 1668/2745/153 1686/2748/153 1667/2783/153
f 1696/2787/153 1689/2788/153 1687/2789/153 1714/2790/153
f 1713/2791/153 1688/2792/153 1693/2793/153 1698/2794/153
f 1714/2790/153 1687/2789/153 1688/2792/153 1713/2791/153
f 1687/2789/153 1690/2795/153 1692/2796/153 1688/2792/153
f 1689/2788/153 1691/2797/153 1690/2795/153 1687/2789/153
f 1698/2798/499 1711/2799/499 1712/2800/480 1700/2801/480
f 1700/2801/480 1712/2800/480 1710/2802/501 1699/2803/501
f 1707/2804/502 1693/2805/502 1694/2806/491 1709/2807/491
f 1709/2807/491 1694/2806/491 1692/2808/503 1708/2809/503
f 1689/2810/504 1705/2811/504 1706/2812/339 1691/2813/339
f 1691/2813/339 1706/2812/339 1704/2814/505 1690/2815/505
f 1701/2816/506 1696/2817/506 1697/2818/328 1703/2819/328
f 1703/2819/328 1697/2818/328 1695/2820/507 1702/2821/507
f 1696/2817/506 1701/2816/506 1705/2811/504 1689/2810/504
f 1688/2792/153 1692/2796/153 1694/2822/153 1693/2793/153
f 1690/2815/505 1704/2814/505 1708/2823/503 1692/2824/503
f 1693/2805/502 1707/2804/502 1711/2799/499 1698/2798/499
f 1699/2803/501 1710/2802/501 1702/2821/507 1695/2820/507
f 1695/2825/153 1714/2790/153 1713/2791/153 1699/2826/153
f 1699/2826/153 1713/2791/153 1698/2794/153 1700/2827/153
f 1697/2828/153 1696/2787/153 1714/2790/153 1695/2825/153
f 1724/2829/153 1717/2830/153 1715/2831/153 1742/2832/153
f 1741/2833/153 1716/2834/153 1721/2835/153 1726/2836/153
f 1742/2832/153 1715/2831/153 1716/2834/153 1741/2833/153
f 1715/2831/153 1718/2837/153 1720/2838/153 1716/2834/153
f 1717/2830/153 1719/2839/153 1718/2837/153 1715/2831/153
f 1726/2840/499 1739/2841/499 1740/2842/480 1728/2843/480
f 1728/2843/480 1740/2842/480 1738/2844/501 1727/2845/501
f 1735/2846/502 1721/2847/502 1722/2848/491 1737/2849/491
f 1737/2849/491 1722/2848/491 1720/2850/503 1736/2851/503
f 1717/2852/504 1733/2853/504 1734/2854/339 1719/2855/339
f 1719/2855/339 1734/2854/339 1732/2856/505 1718/2857/505
f 1729/2858/506 1724/2859/506 1725/2860/328 1731/2861/328
f 1731/2861/328 1725/2860/328 1723/2862/507 1730/2863/507
f 1724/2859/506 1729/2858/506 1733/2853/504 1717/2852/504
f 1716/2834/153 1720/2838/153 1722/2864/153 1721/2835/153
f 1718/2857/505 1732/2856/505 1736/2865/503 1720/2866/503
f 1721/2847/502 1735/2846/502 1739/2841/499 1726/2840/499
f 1727/2845/501 1738/2844/501 1730/2863/507 1723/2862/507
f 1723/2867/153 1742/2832/153 1741/2833/153 1727/2868/153
f 1727/2868/153 1741/2833/153 1726/2836/153 1728/2869/153
f 1725/2870/153 1724/2829/153 1742/2832/153 1723/2867/153
f 1752/2871/153 1745/2872/153 1743/2873/153 1770/2874/153
f 1769/2875/153 1744/2876/153 1749/2877/153 1754/2878/153
f 1770/2874/153 1743/2873/153 1744/2876/153 1769/2875/153
f 1743/2873/153 1746/2879/153 1748/2880/153 1744/2876/153
f 1745/2872/153 1747/2881/153 1746/2879/153 1743/2873/153
f 1754/2882/499 1767/2883/499 1768/2884/500 1756/2885/500
f 1756/2885/500 1768/2884/500 1766/2886/501 1755/2887/501
f 1763/2888/502 1749/2889/502 1750/2890/508 1765/2891/508
f 1765/2891/508 1750/2890/508 1748/2892/503 1764/2893/503
f 1745/2894/504 1761/2895/504 1762/2896/339 1747/2897/339
f 1747/2897/339 1762/2896/339 1760/2898/505 1746/2899/505
f 1757/2900/506 1752/2901/506 1753/2902/328 1759/2903/328
f 1759/2903/328 1753/2902/328 1751/2904/507 1758/2905/507
f 1752/2901/506 1757/2900/506 1761/2895/504 1745/2894/504
f 1744/2876/153 1748/2880/153 1750/2906/153 1749/2877/153
f 1746/2899/505 1760/2898/505 1764/2907/503 1748/2908/503
f 1749/2889/502 1763/2888/502 1767/2883/499 1754/2882/499
f 1755/2887/501 1766/2886/501 1758/2905/507 1751/2904/507
f 1751/2909/153 1770/2874/153 1769/2875/153 1755/2910/153
f 1755/2910/153 1769/2875/153 1754/2878/153 1756/2911/153
f 1753/2912/153 1752/2871/153 1770/2874/153 1751/2909/153
f 1780/2913/153 1773/2914/153 1771/2915/153 1798/2916/153
f 1797/2917/153 1772/2918/153 1777/2919/153 1782/2920/153
f 1798/2916/153 1771/2915/153 1772/2918/153 1797/2917/153
f 1771/2915/153 1774/2921/153 1776/2922/153 1772/2918/153
f 1773/2914/153 1775/2923/153 1774/2921/153 1771/2915/153
f 1782/2924/499 1795/2925/499 1796/2926/500 1784/2927/500
f 1784/2927/500 1796/2926/500 1794/2928/501 1783/2929/501
f 1791/2930/502 1777/2931/502 1778/2932/508 1793/2933/508
f 1793/2933/508 1778/2932/508 1776/2934/503 1792/2935/503
f 1773/2936/504 1789/2937/504 1790/2938/509 1775/2939/509
f 1775/2939/509 1790/2938/509 1788/2940/505 1774/2941/505
f 1785/2942/506 1780/2943/506 1781/2944/510 1787/2945/510
f 1787/2945/510 1781/2944/510 1779/2946/507 1786/2947/507
f 1780/2943/506 1785/2942/506 1789/2937/504 1773/2936/504
f 1772/2918/153 1776/2922/153 1778/2948/153 1777/2919/153
f 1774/2941/505 1788/2940/505 1792/2949/503 1776/2950/503
f 1777/2931/502 1791/2930/502 1795/2925/499 1782/2924/499
f 1783/2929/501 1794/2928/501 1786/2947/507 1779/2946/507
f 1779/2951/153 1798/2916/153 1797/2917/153 1783/2952/153
f 1783/2952/153 1797/2917/153 1782/2920/153 1784/2953/153
f 1781/2954/153 1780/2913/153 1798/2916/153 1779/2951/153
f 1808/2955/153 1801/2956/153 1799/2957/153 1826/2958/153
f 1825/2959/153 1800/2960/153 1805/2961/153 1810/2962/153
f 1826/2958/153 1799/2957/153 1800/2960/153 1825/2959/153
f 1799/2957/153 1802/2963/153 1804/2964/153 1800/2960/153
f 1801/2956/153 1803/2965/153 1802/2963/153 1799/2957/153
f 1810/2966/499 1823/2967/499 1824/2968/500 1812/2969/500
f 1812/2969/500 1824/2968/500 1822/2970/501 1811/2971/501
f 1819/2972/502 1805/2973/502 1806/2974/508 1821/2975/508
f 1821/2975/508 1806/2974/508 1804/2976/503 1820/2977/503
f 1801/2978/504 1817/2979/504 1818/2980/509 1803/2981/509
f 1803/2981/509 1818/2980/509 1816/2982/505 1802/2983/505
f 1813/2984/506 1808/2985/506 1809/2986/510 1815/2987/510
f 1815/2987/510 1809/2986/510 1807/2988/507 1814/2989/507
f 1808/2985/506 1813/2984/506 1817/2979/504 1801/2978/504
f 1800/2960/153 1804/2964/153 1806/2990/153 1805/2961/153
f 1802/2983/505 1816/2982/505 1820/2991/503 1804/2992/503
f 1805/2973/502 1819/2972/502 1823/2967/499 1810/2966/499
f 1811/2971/501 1822/2970/501 1814/2989/507 1807/2988/507
f 1807/2993/153 1826/2958/153 1825/2959/153 1811/2994/153
f 1811/2994/153 1825/2959/153 1810/2962/153 1812/2995/153
f 1809/2996/153 1808/2955/153 1826/2958/153 1807/2993/153
f 1836/2997/153 1829/2998/153 1827/2999/153 1854/3000/153
f 1853/3001/153 1828/3002/153 1833/3003/153 1838/3004/153
f 1854/3000/153 1827/2999/153 1828/3002/153 1853/3001/153
f 1827/2999/153 1830/3005/153 1832/3006/153 1828/3002/153
f 1829/2998/153 1831/3007/153 1830/3005/153 1827/2999/153
f 1838/3008/499 1851/3009/499 1852/3010/500 1840/3011/500
f 1840/3011/500 1852/3010/500 1850/3012/501 1839/3013/501
f 1847/3014/502 1833/3015/502 1834/3016/508 1849/3017/508
f 1849/3017/508 1834/3016/508 1832/3018/503 1848/3019/503
f 1829/3020/504 1845/3021/504 1846/3022/509 1831/3023/509
f 1831/3023/509 1846/3022/509 1844/3024/505 1830/3025/505
f 1841/3026/506 1836/3027/506 1837/3028/510 1843/3029/510
f 1843/3029/510 1837/3028/510 1835/3030/507 1842/3031/507
f 1836/3027/506 1841/3026/506 1845/3021/504 1829/3020/504
f 1828/3002/153 1832/3006/153 1834/3032/153 1833/3003/153
f 1830/3025/505 1844/3024/505 1848/3033/503 1832/3034/503
f 1833/3015/502 1847/3014/502 1851/3009/499 1838/3008/499
f 1839/3013/501 1850/3012/501 1842/3031/507 1835/3030/507
f 1835/3035/153 1854/3000/153 1853/3001/153 1839/3036/153
f 1839/3036/153 1853/3001/153 1838/3004/153 1840/3037/153
f 1837/3038/153 1836/2997/153 1854/3000/153 1835/3035/153
f 1864/3039/153 1857/3040/153 1855/3041/153 1882/3042/153
f 1881/3043/153 1856/3044/153 1861/3045/153 1866/3046/153
f 1882/3042/153 1855/3041/153 1856/3044/153 1881/3043/153
f 1855/3041/153 1858/3047/153 1860/3048/153 1856/3044/153
f 1857/3040/153 1859/3049/153 1858/3047/153 1855/3041/153
f 1866/3050/499 1879/3051/499 1880/3052/500 1868/3053/500
f 1868/3053/500 1880/3052/500 1878/3054/501 1867/3055/501
f 1875/3056/502 1861/3057/502 1862/3058/508 1877/3059/508
f 1877/3059/508 1862/3058/508 1860/3060/503 1876/3061/503
f 1857/3062/504 1873/3063/504 1874/3064/509 1859/3065/509
f 1859/3065/509 1874/3064/509 1872/3066/505 1858/3067/505
f 1869/3068/506 1864/3069/506 1865/3070/510 1871/3071/510
f 1871/3071/510 1865/3070/510 1863/3072/507 1870/3073/507
f 1864/3069/506 1869/3068/506 1873/3063/504 1857/3062/504
f 1856/3044/153 1860/3048/153 1862/3074/153 1861/3045/153
f 1858/3067/505 1872/3066/505 1876/3075/503 1860/3076/503
f 1861/3057/502 1875/3056/502 1879/3051/499 1866/3050/499
f 1867/3055/501 1878/3054/501 1870/3073/507 1863/3072/507
f 1863/3077/153 1882/3042/153 1881/3043/153 1867/3078/153
f 1867/3078/153 1881/3043/153 1866/3046/153 1868/3079/153
f 1865/3080/153 1864/3039/153 1882/3042/153 1863/3077/153
f 1892/3081/153 1885/3082/153 1883/3083/153 1910/3084/153
f 1909/3085/153 1884/3086/153 1889/3087/153 1894/3088/153
f 1910/3084/153 1883/3083/153 1884/3086/153 1909/3085/153
f 1883/3083/153 1886/3089/153 1888/3090/153 1884/3086/153
f 1885/3082/153 1887/3091/153 1886/3089/153 1883/3083/153
f 1894/3092/499 1907/3093/499 1908/3094/480 1896/3095/480
f 1896/3095/480 1908/3094/480 1906/3096/501 1895/3097/501
f 1903/3098/502 1889/3099/502 1890/3100/491 1905/3101/491
f 1905/3101/491 1890/3100/491 1888/3102/503 1904/3103/503
f 1885/3104/504 1901/3105/504 1902/3106/509 1887/3107/509
f 1887/3107/509 1902/3106/509 1900/3108/505 1886/3109/505
f 1897/3110/506 1892/3111/506 1893/3112/510 1899/3113/510
f 1899/3113/510 1893/3112/510 1891/3114/507 1898/3115/507
f 1892/3111/506 1897/3110/506 1901/3105/504 1885/3104/504
f 1884/3086/153 1888/3090/153 1890/3116/153 1889/3087/153
f 1886/3109/505 1900/3108/505 1904/3117/503 1888/3118/503
f 1889/3099/502 1903/3098/502 1907/3093/499 1894/3092/499
f 1895/3097/501 1906/3096/501 1898/3115/507 1891/3114/507
f 1891/3119/153 1910/3084/153 1909/3085/153 1895/3120/153
f 1895/3120/153 1909/3085/153 1894/3088/153 1896/3121/153
f 1893/3122/153 1892/3081/153 1910/3084/153 1891/3119/153
f 1920/3123/153 1913/3124/153 1911/3125/153 1938/3126/153
f 1937/3127/153 1912/3128/153 1917/3129/153 1922/3130/153
f 1938/3126/153 1911/3125/153 1912/3128/153 1937/3127/153
f 1911/3125/153 1914/3131/153 1916/3132/153 1912/3128/153
f 1913/3124/153 1915/3133/153 1914/3131/153 1911/3125/153
f 1922/3134/499 1935/3135/499 1936/3136/500 1924/3137/500
f 1924/3137/500 1936/3136/500 1934/3138/501 1923/3139/501
f 1931/3140/502 1917/3141/502 1918/3142/508 1933/3143/508
f 1933/3143/508 1918/3142/508 1916/3144/503 1932/3145/503
f 1913/3146/504 1929/3147/504 1930/3148/509 1915/3149/509
f 1915/3149/509 1930/3148/509 1928/3150/505 1914/3151/505
f 1925/3152/506 1920/3153/506 1921/3154/328 1927/3155/328
f 1927/3155/328 1921/3154/328 1919/3156/507 1926/3157/507
f 1920/3153/506 1925/3152/506 1929/3147/504 1913/3146/504
f 1912/3128/153 1916/3132/153 1918/3158/153 1917/3129/153
f 1914/3151/505 1928/3150/505 1932/3159/503 1916/3160/503
f 1917/3141/502 1931/3140/502 1935/3135/499 1922/3134/499
f 1923/3139/501 1934/3138/501 1926/3157/507 1919/3156/507
f 1919/3161/153 1938/3126/153 1937/3127/153 1923/3162/153
f 1923/3162/153 1937/3127/153 1922/3130/153 1924/3163/153
f 1921/3164/153 1920/3123/153 1938/3126/153 1919/3161/153
f 1948/3165/153 1941/3166/153 1939/3167/153 1966/3168/153
f 1965/3169/153 1940/3170/153 1945/3171/153 1950/3172/153
f 1966/3168/153 1939/3167/153 1940/3170/153 1965/3169/153
f 1939/3167/153 1942/3173/153 1944/3174/153 1940/3170/153
f 1941/3166/153 1943/3175/153 1942/3173/153 1939/3167/153
f 1950/3176/499 1963/3177/499 1964/3178/500 1952/3179/500
f 1952/3179/500 1964/3178/500 1962/3180/501 1951/3181/501
f 1959/3182/502 1945/3183/502 1946/3184/491 1961/3185/491
f 1961/3185/491 1946/3184/491 1944/3186/503 1960/3187/503
f 1941/3188/504 1957/3189/504 1958/3190/339 1943/3191/339
f 1943/3191/339 1958/3190/339 1956/3192/505 1942/3193/505
f 1953/3194/506 1948/3195/506 1949/3196/328 1955/3197/328
f 1955/3197/328 1949/3196/328 1947/3198/507 1954/3199/507
f 1948/3195/506 1953/3194/506 1957/3189/504 1941/3188/504
f 1940/3170/153 1944/3174/153 1946/3200/153 1945/3171/153
f 1942/3193/505 1956/3192/505 1960/3187/503 1944/3186/503
f 1945/3183/502 1959/3182/502 1963/3177/499 1950/3176/499
f 1951/3181/501 1962/3180/501 1954/3201/507 1947/3202/507
f 1947/3203/153 1966/3168/153 1965/3169/153 1951/3204/153
f 1951/3204/153 1965/3169/153 1950/3172/153 1952/3205/153
f 1949/3206/153 1948/3165/153 1966/3168/153 1947/3203/153
f 1976/3207/153 1969/3208/153 1967/3209/153 1994/3210/153
f 1993/3211/153 1968/3212/153 1973/3213/153 1978/3214/153
f 1994/3210/153 1967/3209/153 1968/3212/153 1993/3211/153
f 1967/3209/153 1970/3215/153 1972/3216/153 1968/3212/153
f 1969/3208/153 1971/3217/153 1970/3215/153 1967/3209/153
f 1978/3218/499 1991/3219/499 1992/3220/480 1980/3221/480
f 1980/3221/480 1992/3220/480 1990/3222/501 1979/3223/501
f 1987/3224/502 1973/3225/502 1974/3226/491 1989/3227/491
f 1989/3227/491 1974/3226/491 1972/3228/503 1988/3229/503
f 1969/3230/504 1985/3231/504 1986/3232/509 1971/3233/509
f 1971/3233/509 1986/3232/509 1984/3234/505 1970/3235/505
f 1981/3236/506 1976/3237/506 1977/3238/328 1983/3239/328
f 1983/3239/328 1977/3238/328 1975/3240/507 1982/3241/507
f 1976/3237/506 1981/3236/506 1985/3231/504 1969/3230/504
f 1968/3212/153 1972/3216/153 1974/3242/153 1973/3213/153
f 1970/3235/505 1984/3234/505 1988/3243/503 1972/3244/503
f 1973/3225/502 1987/3224/502 1991/3219/499 1978/3218/499
f 1979/3223/501 1990/3222/501 1982/3241/507 1975/3240/507
f 1975/3245/153 1994/3210/153 1993/3211/153 1979/3246/153
f 1979/3246/153 1993/3211/153 1978/3214/153 1980/3247/153
f 1977/3248/153 1976/3207/153 1994/3210/153 1975/3245/153
f 2004/3249/153 1997/3250/153 1995/3251/153 2022/3252/153
f 2021/3253/153 1996/3254/153 2001/3255/153 2006/3256/153
f 2022/3252/153 1995/3251/153 1996/3254/153 2021/3253/153
f 1995/3251/153 1998/3257/153 2000/3258/153 1996/3254/153
f 1997/3250/153 1999/3259/153 1998/3257/153 1995/3251/153
f 2006/3260/499 2019/3261/499 2020/3262/480 2008/3263/480
f 2008/3263/480 2020/3262/480 2018/3264/501 2007/3265/501
f 2015/3266/502 2001/3267/502 2002/3268/491 2017/3269/491
f 2017/3269/491 2002/3268/491 2000/3270/503 2016/3271/503
f 1997/3272/504 2013/3273/504 2014/3274/339 1999/3275/339
f 1999/3275/339 2014/3274/339 2012/3276/505 1998/3277/505
f 2009/3278/506 2004/3279/506 2005/3280/328 2011/3281/328
f 2011/3281/328 2005/3280/328 2003/3282/507 2010/3283/507
f 2004/3279/506 2009/3278/506 2013/3273/504 1997/3272/504
f 1996/3254/153 2000/3258/153 2002/3284/153 2001/3255/153
f 1998/3277/505 2012/3276/505 2016/3285/503 2000/3286/503
f 2001/3267/502 2015/3266/502 2019/3261/499 2006/3260/499
f 2007/3265/501 2018/3264/501 2010/3283/507 2003/3282/507
f 2003/3287/153 2022/3252/153 2021/3253/153 2007/3288/153
f 2007/3288/153 2021/3253/153 2006/3256/153 2008/3289/153
f 2005/3290/153 2004/3249/153 2022/3252/153 2003/3287/153
f 2032/3291/153 2025/3292/153 2023/3293/153 2050/3294/153
f 2049/3295/153 2024/3296/153 2029/3297/153 2034/3298/153
f 2050/3294/153 2023/3293/153 2024/3296/153 2049/3295/153
f 2023/3293/153 2026/3299/153 2028/3300/153 2024/3296/153
f 2025/3292/153 2027/3301/153 2026/3299/153 2023/3293/153
f 2034/3302/499 2047/3303/499 2048/3304/480 2036/3305/480
f 2036/3305/480 2048/3304/480 2046/3306/501 2035/3307/501
f 2043/3308/502 2029/3309/502 2030/3310/508 2045/3311/508
f 2045/3311/508 2030/3310/508 2028/3312/503 2044/3313/503
f 2025/3314/504 2041/3315/504 2042/3316/509 2027/3317/509
f 2027/3317/509 2042/3316/509 2040/3318/505 2026/3319/505
f 2037/3320/506 2032/3321/506 2033/3322/510 2039/3323/510
f 2039/3323/510 2033/3322/510 2031/3324/507 2038/3325/507
f 2032/3321/506 2037/3320/506 2041/3315/504 2025/3314/504
f 2024/3296/153 2028/3300/153 2030/3326/153 2029/3297/153
f 2026/3319/505 2040/3318/505 2044/3327/503 2028/3328/503
f 2029/3309/502 2043/3308/502 2047/3303/499 2034/3302/499
f 2035/3307/501 2046/3306/501 2038/3325/507 2031/3324/507
f 2031/3329/153 2050/3294/153 2049/3295/153 2035/3330/153
f 2035/3330/153 2049/3295/153 2034/3298/153 2036/3331/153
f 2033/3332/153 2032/3291/153 2050/3294/153 2031/3329/153
f 2060/3333/153 2053/3334/153 2051/3335/153 2078/3336/153
f 2077/3337/153 2052/3338/153 2057/3339/153 2062/3340/153
f 2078/3336/153 2051/3335/153 2052/3338/153 2077/3337/153
f 2051/3335/153 2054/3341/153 2056/3342/153 2052/3338/153
f 2053/3334/153 2055/3343/153 2054/3341/153 2051/3335/153
f 2062/3344/499 2075/3345/499 2076/3346/480 2064/3347/480
f 2064/3347/480 2076/3346/480 2074/3348/501 2063/3349/501
f 2071/3350/502 2057/3351/502 2058/3352/491 2073/3353/491
f 2073/3353/491 2058/3352/491 2056/3354/503 2072/3355/503
f 2053/3356/504 2069/3357/504 2070/3358/339 2055/3359/339
f 2055/3359/339 2070/3358/339 2068/3360/505 2054/3361/505
f 2065/3362/506 2060/3363/506 2061/3364/328 2067/3365/328
f 2067/3365/328 2061/3364/328 2059/3366/507 2066/3367/507
f 2060/3363/506 2065/3362/506 2069/3357/504 2053/3356/504
f 2052/3338/153 2056/3342/153 2058/3368/153 2057/3339/153
f 2054/3361/505 2068/3360/505 2072/3369/503 2056/3370/503
f 2057/3351/502 2071/3350/502 2075/3345/499 2062/3344/499
f 2063/3349/501 2074/3348/501 2066/3367/507 2059/3366/507
f 2059/3371/153 2078/3336/153 2077/3337/153 2063/3372/153
f 2063/3372/153 2077/3337/153 2062/3340/153 2064/3373/153
f 2061/3374/153 2060/3333/153 2078/3336/153 2059/3371/153
f 2088/3375/153 2081/3376/153 2079/3377/153 2106/3378/153
f 2105/3379/153 2080/3380/153 2085/3381/153 2090/3382/153
f 2106/3378/153 2079/3377/153 2080/3380/153 2105/3379/153
f 2079/3377/153 2082/3383/153 2084/3384/153 2080/3380/153
f 2081/3376/153 2083/3385/153 2082/3383/153 2079/3377/153
f 2090/3386/499 2103/3387/499 2104/3388/500 2092/3389/500
f 2092/3389/500 2104/3388/500 2102/3390/501 2091/3391/501
f 2099/3392/502 2085/3393/502 2086/3394/508 2101/3395/508
f 2101/3395/508 2086/3394/508 2084/3396/503 2100/3397/503
f 2081/3398/504 2097/3399/504 2098/3400/339 2083/3401/339
f 2083/3401/339 2098/3400/339 2096/3402/505 2082/3403/505
f 2093/3404/506 2088/3405/506 2089/3406/328 2095/3407/328
f 2095/3407/328 2089/3406/328 2087/3408/507 2094/3409/507
f 2088/3405/506 2093/3404/506 2097/3399/504 2081/3398/504
f 2080/3380/153 2084/3384/153 2086/3410/153 2085/3381/153
f 2082/3403/505 2096/3402/505 2100/3411/503 2084/3412/503
f 2085/3393/502 2099/3392/502 2103/3387/499 2090/3386/499
f 2091/3391/501 2102/3390/501 2094/3409/507 2087/3408/507
f 2087/3413/153 2106/3378/153 2105/3379/153 2091/3414/153
f 2091/3414/153 2105/3379/153 2090/3382/153 2092/3415/153
f 2089/3416/153 2088/3375/153 2106/3378/153 2087/3413/153
f 2116/3417/153 2109/3418/153 2107/3419/153 2134/3420/153
f 2133/3421/153 2108/3422/153 2113/3423/153 2118/3424/153
f 2134/3420/153 2107/3419/153 2108/3422/153 2133/3421/153
f 2107/3419/153 2110/3425/153 2112/3426/153 2108/3422/153
f 2109/3418/153 2111/3427/153 2110/3425/153 2107/3419/153
f 2118/3428/499 2131/3429/499 2132/3430/500 2120/3431/500
f 2120/3431/500 2132/3430/500 2130/3432/501 2119/3433/501
f 2127/3434/502 2113/3435/502 2114/3436/508 2129/3437/508
f 2129/3437/508 2114/3436/508 2112/3438/503 2128/3439/503
f 2109/3440/504 2125/3441/504 2126/3442/509 2111/3443/509
f 2111/3443/509 2126/3442/509 2124/3444/505 2110/3445/505
f 2121/3446/506 2116/3447/506 2117/3448/510 2123/3449/510
f 2123/3449/510 2117/3448/510 2115/3450/507 2122/3451/507
f 2116/3447/506 2121/3446/506 2125/3441/504 2109/3440/504
f 2108/3422/153 2112/3426/153 2114/3452/153 2113/3423/153
f 2110/3445/505 2124/3444/505 2128/3453/503 2112/3454/503
f 2113/3435/502 2127/3434/502 2131/3429/499 2118/3428/499
f 2119/3433/501 2130/3432/501 2122/3451/507 2115/3450/507
f 2115/3455/153 2134/3420/153 2133/3421/153 2119/3456/153
f 2119/3456/153 2133/3421/153 2118/3424/153 2120/3457/153
f 2117/3458/153 2116/3417/153 2134/3420/153 2115/3455/153
f 2144/3459/153 2137/3460/153 2135/3461/153 2162/3462/153
f 2161/3463/153 2136/3464/153 2141/3465/153 2146/3466/153
f 2162/3462/153 2135/3461/153 2136/3464/153 2161/3463/153
f 2135/3461/153 2138/3467/153 2140/3468/153 2136/3464/153
f 2137/3460/153 2139/3469/153 2138/3467/153 2135/3461/153
f 2146/3470/499 2159/3471/499 2160/3472/500 2148/3473/500
f 2148/3473/500 2160/3472/500 2158/3474/501 2147/3475/501
f 2155/3476/502 2141/3477/502 2142/3478/508 2157/3479/508
f 2157/3479/508 2142/3478/508 2140/3480/503 2156/3481/503
f 2137/3482/504 2153/3483/504 2154/3484/509 2139/3485/509
f 2139/3485/509 2154/3484/509 2152/3486/505 2138/3487/505
f 2149/3488/506 2144/3489/506 2145/3490/510 2151/3491/510
f 2151/3491/510 2145/3490/510 2143/3492/507 2150/3493/507
f 2144/3489/506 2149/3488/506 2153/3483/504 2137/3482/504
f 2136/3464/153 2140/3468/153 2142/3494/153 2141/3465/153
f 2138/3487/505 2152/3486/505 2156/3495/503 2140/3496/503
f 2141/3477/502 2155/3476/502 2159/3471/499 2146/3470/499
f 2147/3475/501 2158/3474/501 2150/3493/507 2143/3492/507
f 2143/3497/153 2162/3462/153 2161/3463/153 2147/3498/153
f 2147/3498/153 2161/3463/153 2146/3466/153 2148/3499/153
f 2145/3500/153 2144/3459/153 2162/3462/153 2143/3497/153
f 2172/3501/153 2165/3502/153 2163/3503/153 2190/3504/153
f 2189/3505/153 2164/3506/153 2169/3507/153 2174/3508/153
f 2190/3504/153 2163/3503/153 2164/3506/153 2189/3505/153
f 2163/3503/153 2166/3509/153 2168/3510/153 2164/3506/153
f 2165/3502/153 2167/3511/153 2166/3509/153 2163/3503/153
f 2174/3512/499 2187/3513/499 2188/3514/500 2176/3515/500
f 2176/3515/500 2188/3514/500 2186/3516/501 2175/3517/501
f 2183/3518/502 2169/3519/502 2170/3520/508 2185/3521/508
f 2185/3521/508 2170/3520/508 2168/3522/503 2184/3523/503
f 2165/3524/504 2181/3525/504 2182/3526/509 2167/3527/509
f 2167/3527/509 2182/3526/509 2180/3528/505 2166/3529/505
f 2177/3530/506 2172/3531/506 2173/3532/510 2179/3533/510
f 2179/3533/510 2173/3532/510 2171/3534/507 2178/3535/507
f 2172/3531/506 2177/3530/506 2181/3525/504 2165/3524/504
f 2164/3506/153 2168/3510/153 2170/3536/153 2169/3507/153
f 2166/3529/505 2180/3528/505 2184/3537/503 2168/3538/503
f 2169/3519/502 2183/3518/502 2187/3513/499 2174/3512/499
f 2175/3517/501 2186/3516/501 2178/3535/507 2171/3534/507
f 2171/3539/153 2190/3504/153 2189/3505/153 2175/3540/153
f 2175/3540/153 2189/3505/153 2174/3508/153 2176/3541/153
f 2173/3542/153 2172/3501/153 2190/3504/153 2171/3539/153
f 2200/3543/153 2193/3544/153 2191/3545/153 2218/3546/153
f 2217/3547/153 2192/3548/153 2197/3549/153 2202/3550/153
f 2218/3546/153 2191/3545/153 2192/3548/153 2217/3547/153
f 2191/3545/153 2194/3551/153 2196/3552/153 2192/3548/153
f 2193/3544/153 2195/3553/153 2194/3551/153 2191/3545/153
f 2202/3554/499 2215/3555/499 2216/3556/500 2204/3557/500
f 2204/3557/500 2216/3556/500 2214/3558/501 2203/3559/501
f 2211/3560/502 2197/3561/502 2198/3562/508 2213/3563/508
f 2213/3563/508 2198/3562/508 2196/3564/503 2212/3565/503
f 2193/3566/504 2209/3567/504 2210/3568/509 2195/3569/509
f 2195/3569/509 2210/3568/509 2208/3570/505 2194/3571/505
f 2205/3572/506 2200/3573/506 2201/3574/510 2207/3575/510
f 2207/3575/510 2201/3574/510 2199/3576/507 2206/3577/507
f 2200/3573/506 2205/3572/506 2209/3567/504 2193/3566/504
f 2192/3548/153 2196/3552/153 2198/3578/153 2197/3549/153
f 2194/3571/505 2208/3570/505 2212/3579/503 2196/3580/503
f 2197/3561/502 2211/3560/502 2215/3555/499 2202/3554/499
f 2203/3559/501 2214/3558/501 2206/3577/507 2199/3576/507
f 2199/3581/153 2218/3546/153 2217/3547/153 2203/3582/153
f 2203/3582/153 2217/3547/153 2202/3550/153 2204/3583/153
f 2201/3584/153 2200/3543/153 2218/3546/153 2199/3581/153
f 2228/3585/153 2221/3586/153 2219/3587/153 2246/3588/153
f 2245/3589/153 2220/3590/153 2225/3591/153 2230/3592/153
f 2246/3588/153 2219/3587/153 2220/3590/153 2245/3589/153
f 2219/3587/153 2222/3593/153 2224/3594/153 2220/3590/153
f 2221/3586/153 2223/3595/153 2222/3593/153 2219/3587/153
f 2230/3596/499 2243/3597/499 2244/3598/480 2232/3599/480
f 2232/3599/480 2244/3598/480 2242/3600/501 2231/3601/501
f 2239/3602/502 2225/3603/502 2226/3604/508 2241/3605/508
f 2241/3605/508 2226/3604/508 2224/3606/503 2240/3607/503
f 2221/3608/504 2237/3609/504 2238/3610/509 2223/3611/509
f 2223/3611/509 2238/3610/509 2236/3612/505 2222/3613/505
f 2233/3614/506 2228/3615/506 2229/3616/510 2235/3617/510
f 2235/3617/510 2229/3616/510 2227/3618/507 2234/3619/507
f 2228/3615/506 2233/3614/506 2237/3609/504 2221/3608/504
f 2220/3590/153 2224/3594/153 2226/3620/153 2225/3591/153
f 2222/3613/505 2236/3612/505 2240/3621/503 2224/3622/503
f 2225/3603/502 2239/3602/502 2243/3597/499 2230/3596/499
f 2231/3601/501 2242/3600/501 2234/3619/507 2227/3618/507
f 2227/3623/153 2246/3588/153 2245/3589/153 2231/3624/153
f 2231/3624/153 2245/3589/153 2230/3592/153 2232/3625/153
f 2229/3626/153 2228/3585/153 2246/3588/153 2227/3623/153
f 2256/3627/153 2249/3628/153 2247/3629/153 2274/3630/153
f 2273/3631/153 2248/3632/153 2253/3633/153 2258/3634/153
f 2274/3630/153 2247/3629/153 2248/3632/153 2273/3631/153
f 2247/3629/153 2250/3635/153 2252/3636/153 2248/3632/153
f 2249/3628/153 2251/3637/153 2250/3635/153 2247/3629/153
f 2258/3638/499 2271/3639/499 2272/3640/500 2260/3641/500
f 2260/3641/500 2272/3640/500 2270/3642/501 2259/3643/501
f 2267/3644/502 2253/3645/502 2254/3646/508 2269/3647/508
f 2269/3647/508 2254/3646/508 2252/3648/503 2268/3649/503
f 2249/3650/504 2265/3651/504 2266/3652/509 2251/3653/509
f 2251/3653/509 2266/3652/509 2264/3654/505 2250/3655/505
f 2261/3656/506 2256/3657/506 2257/3658/510 2263/3659/510
f 2263/3659/510 2257/3658/510 2255/3660/507 2262/3661/507
f 2256/3657/506 2261/3656/506 2265/3651/504 2249/3650/504
f 2248/3632/153 2252/3636/153 2254/3662/153 2253/3633/153
f 2250/3655/505 2264/3654/505 2268/3663/503 2252/3664/503
f 2253/3645/502 2267/3644/502 2271/3639/499 2258/3638/499
f 2259/3643/501 2270/3642/501 2262/3661/507 2255/3660/507
f 2255/3665/153 2274/3630/153 2273/3631/153 2259/3666/153
f 2259/3666/153 2273/3631/153 2258/3634/153 2260/3667/153
f 2257/3668/153 2256/3627/153 2274/3630/153 2255/3665/153
f 2284/3669/153 2277/3670/153 2275/3671/153 2302/3672/153
f 2301/3673/153 2276/3674/153 2281/3675/153 2286/3676/153
f 2302/3672/153 2275/3671/153 2276/3674/153 2301/3673/153
f 2275/3671/153 2278/3677/153 2280/3678/153 2276/3674/153
f 2277/3670/153 2279/3679/153 2278/3677/153 2275/3671/153
f 2286/3680/499 2299/3681/499 2300/3682/500 2288/3683/500
f 2288/3683/500 2300/3682/500 2298/3684/501 2287/3685/501
f 2295/3686/502 2281/3687/502 2282/3688/508 2297/3689/508
f 2297/3689/508 2282/3688/508 2280/3690/503 2296/3691/503
f 2277/3692/504 2293/3693/504 2294/3694/339 2279/3695/339
f 2279/3695/339 2294/3694/339 2292/3696/505 2278/3697/505
f 2289/3698/506 2284/3699/506 2285/3700/328 2291/3701/328
f 2291/3701/328 2285/3700/328 2283/3702/507 2290/3703/507
f 2284/3699/506 2289/3698/506 2293/3693/504 2277/3692/504
f 2276/3674/153 2280/3678/153 2282/3704/153 2281/3675/153
f 2278/3697/505 2292/3696/505 2296/3705/503 2280/3706/503
f 2281/3687/502 2295/3686/502 2299/3681/499 2286/3680/499
f 2287/3685/501 2298/3684/501 2290/3703/507 2283/3702/507
f 2283/3707/153 2302/3672/153 2301/3673/153 2287/3708/153
f 2287/3708/153 2301/3673/153 2286/3676/153 2288/3709/153
f 2285/3710/153 2284/3669/153 2302/3672/153 2283/3707/153
f 2312/3711/153 2305/3712/153 2303/3713/153 2330/3714/153
f 2329/3715/153 2304/3716/153 2309/3717/153 2314/3718/153
f 2330/3714/153 2303/3713/153 2304/3716/153 2329/3715/153
f 2303/3713/153 2306/3719/153 2308/3720/153 2304/3716/153
f 2305/3712/153 2307/3721/153 2306/3719/153 2303/3713/153
f 2314/3722/499 2327/3723/499 2328/3724/480 2316/3725/480
f 2316/3725/480 2328/3724/480 2326/3726/501 2315/3727/501
f 2323/3728/502 2309/3729/502 2310/3730/491 2325/3731/491
f 2325/3731/491 2310/3730/491 2308/3732/503 2324/3733/503
f 2305/3734/504 2321/3735/504 2322/3736/339 2307/3737/339
f 2307/3737/339 2322/3736/339 2320/3738/505 2306/3739/505
f 2317/3740/506 2312/3741/506 2313/3742/328 2319/3743/328
f 2319/3743/328 2313/3742/328 2311/3744/507 2318/3745/507
f 2312/3741/506 2317/3740/506 2321/3735/504 2305/3734/504
f 2304/3716/153 2308/3720/153 2310/3746/153 2309/3717/153
f 2306/3739/505 2320/3738/505 2324/3747/503 2308/3748/503
f 2309/3729/502 2323/3728/502 2327/3723/499 2314/3722/499
f 2315/3727/501 2326/3726/501 2318/3745/507 2311/3744/507
f 2311/3749/153 2330/3714/153 2329/3715/153 2315/3750/153
f 2315/3750/153 2329/3715/153 2314/3718/153 2316/3751/153
f 2313/3752/153 2312/3711/153 2330/3714/153 2311/3749/153
f 2340/3753/153 2333/3754/153 2331/3755/153 2358/3756/153
f 2357/3757/153 2332/3758/153 2337/3759/153 2342/3760/153
f 2358/3756/153 2331/3755/153 2332/3758/153 2357/3757/153
f 2331/3755/153 2334/3761/153 2336/3762/153 2332/3758/153
f 2333/3754/153 2335/3763/153 2334/3761/153 2331/3755/153
f 2342/3764/499 2355/3765/499 2356/3766/500 2344/3767/500
f 2344/3767/500 2356/3766/500 2354/3768/501 2343/3769/501
f 2351/3770/502 2337/3771/502 2338/3772/491 2353/3773/491
f 2353/3773/491 2338/3772/491 2336/3774/503 2352/3775/503
f 2333/3776/504 2349/3777/504 2350/3778/509 2335/3779/509
f 2335/3779/509 2350/3778/509 2348/3780/505 2334/3781/505
f 2345/3782/506 2340/3783/506 2341/3784/510 2347/3785/510
f 2347/3785/510 2341/3784/510 2339/3786/507 2346/3787/507
f 2340/3783/506 2345/3782/506 2349/3777/504 2333/3776/504
f 2332/3758/153 2336/3762/153 2338/3788/153 2337/3759/153
f 2334/3781/505 2348/3780/505 2352/3789/503 2336/3790/503
f 2337/3771/502 2351/3770/502 2355/3765/499 2342/3764/499
f 2343/3769/501 2354/3768/501 2346/3787/507 2339/3786/507
f 2339/3791/153 2358/3756/153 2357/3757/153 2343/3792/153
f 2343/3792/153 2357/3757/153 2342/3760/153 2344/3793/153
f 2341/3794/153 2340/3753/153 2358/3756/153 2339/3791/153
f 2368/3795/153 2361/3796/153 2359/3797/153 2386/3798/153
f 2385/3799/153 2360/3800/153 2365/3801/153 2370/3802/153
f 2386/3798/153 2359/3797/153 2360/3800/153 2385/3799/153
f 2359/3797/153 2362/3803/153 2364/3804/153 2360/3800/153
f 2361/3796/153 2363/3805/153 2362/3803/153 2359/3797/153
f 2370/3806/499 2383/3807/499 2384/3808/500 2372/3809/500
f 2372/3809/500 2384/3808/500 2382/3810/501 2371/3811/501
f 2379/3812/502 2365/3813/502 2366/3814/491 2381/3815/491
f 2381/3815/491 2366/3814/491 2364/3816/503 2380/3817/503
f 2361/3818/504 2377/3819/504 2378/3820/339 2363/3821/339
f 2363/3821/339 2378/3820/339 2376/3822/505 2362/3823/505
f 2373/3824/506 2368/3825/506 2369/3826/328 2375/3827/328
f 2375/3827/328 2369/3826/328 2367/3828/507 2374/3829/507
f 2368/3825/506 2373/3824/506 2377/3819/504 2361/3818/504
f 2360/3800/153 2364/3804/153 2366/3830/153 2365/3801/153
f 2362/3823/505 2376/3822/505 2380/3831/503 2364/3832/503
f 2365/3813/502 2379/3812/502 2383/3807/499 2370/3806/499
f 2371/3811/501 2382/3810/501 2374/3829/507 2367/3828/507
f 2367/3833/153 2386/3798/153 2385/3799/153 2371/3834/153
f 2371/3834/153 2385/3799/153 2370/3802/153 2372/3835/153
f 2369/3836/153 2368/3795/153 2386/3798/153 2367/3833/153
f 2396/3837/153 2389/3838/153 2387/3839/153 2414/3840/153
f 2413/3841/153 2388/3842/153 2393/3843/153 2398/3844/153
f 2414/3840/153 2387/3839/153 2388/3842/153 2413/3841/153
f 2387/3839/153 2390/3845/153 2392/3846/153 2388/3842/153
f 2389/3838/153 2391/3847/153 2390/3845/153 2387/3839/153
f 2398/3848/499 2411/3849/499 2412/3850/480 2400/3851/480
f 2400/3851/480 2412/3850/480 2410/3852/501 2399/3853/501
f 2407/3854/502 2393/3855/502 2394/3856/491 2409/3857/491
f 2409/3857/491 2394/3856/491 2392/3858/503 2408/3859/503
f 2389/3860/504 2405/3861/504 2406/3862/339 2391/3863/339
f 2391/3863/339 2406/3862/339 2404/3864/505 2390/3865/505
f 2401/3866/506 2396/3867/506 2397/3868/328 2403/3869/328
f 2403/3869/328 2397/3868/328 2395/3870/507 2402/3871/507
f 2396/3867/506 2401/3866/506 2405/3861/504 2389/3860/504
f 2388/3842/153 2392/3846/153 2394/3872/153 2393/3843/153
f 2390/3865/505 2404/3864/505 2408/3873/503 2392/3874/503
f 2393/3855/502 2407/3854/502 2411/3849/499 2398/3848/499
f 2399/3853/501 2410/3852/501 2402/3871/507 2395/3870/507
f 2395/3875/153 2414/3840/153 2413/3841/153 2399/3876/153
f 2399/3876/153 2413/3841/153 2398/3844/153 2400/3877/153
f 2397/3878/153 2396/3837/153 2414/3840/153 2395/3875/153
f 2424/3879/153 2417/3880/153 2415/3881/153 2442/3882/153
f 2441/3883/153 2416/3884/153 2421/3885/153 2426/3886/153
f 2442/3882/153 2415/3881/153 2416/3884/153 2441/3883/153
f 2415/3881/153 2418/3887/153 2420/3888/153 2416/3884/153
f 2417/3880/153 2419/3889/153 2418/3887/153 2415/3881/153
f 2426/3890/499 2439/3891/499 2440/3892/500 2428/3893/500
f 2428/3893/500 2440/3892/500 2438/3894/501 2427/3895/501
f 2435/3896/502 2421/3897/502 2422/3898/508 2437/3899/508
f 2437/3899/508 2422/3898/508 2420/3900/503 2436/3901/503
f 2417/3902/504 2433/3903/504 2434/3904/509 2419/3905/509
f 2419/3905/509 2434/3904/509 2432/3906/505 2418/3907/505
f 2429/3908/506 2424/3909/506 2425/3910/510 2431/3911/510
f 2431/3911/510 2425/3910/510 2423/3912/507 2430/3913/507
f 2424/3909/506 2429/3908/506 2433/3903/504 2417/3902/504
f 2416/3884/153 2420/3888/153 2422/3914/153 2421/3885/153
f 2418/3907/505 2432/3906/505 2436/3915/503 2420/3916/503
f 2421/3897/502 2435/3896/502 2439/3891/499 2426/3890/499
f 2427/3895/501 2438/3894/501 2430/3913/507 2423/3912/507
f 2423/3917/153 2442/3882/153 2441/3883/153 2427/3918/153
f 2427/3918/153 2441/3883/153 2426/3886/153 2428/3919/153
f 2425/3920/153 2424/3879/153 2442/3882/153 2423/3917/153
f 2452/3921/153 2445/3922/153 2443/3923/153 2470/3924/153
f 2469/3925/153 2444/3926/153 2449/3927/153 2454/3928/153
f 2470/3924/153 2443/3923/153 2444/3926/153 2469/3925/153
f 2443/3923/153 2446/3929/153 2448/3930/153 2444/3926/153
f 2445/3922/153 2447/3931/153 2446/3929/153 2443/3923/153
f 2454/3932/499 2467/3933/499 2468/3934/500 2456/3935/500
f 2456/3935/500 2468/3934/500 2466/3936/501 2455/3937/501
f 2463/3938/502 2449/3939/502 2450/3940/508 2465/3941/508
f 2465/3941/508 2450/3940/508 2448/3942/503 2464/3943/503
f 2445/3944/504 2461/3945/504 2462/3946/339 2447/3947/339
f 2447/3947/339 2462/3946/339 2460/3948/505 2446/3949/505
f 2457/3950/506 2452/3951/506 2453/3952/510 2459/3953/510
f 2459/3953/510 2453/3952/510 2451/3954/507 2458/3955/507
f 2452/3951/506 2457/3950/506 2461/3945/504 2445/3944/504
f 2444/3926/153 2448/3930/153 2450/3956/153 2449/3927/153
f 2446/3949/505 2460/3948/505 2464/3957/503 2448/3958/503
f 2449/3939/502 2463/3938/502 2467/3933/499 2454/3932/499
f 2455/3937/501 2466/3936/501 2458/3955/507 2451/3954/507
f 2451/3959/153 2470/3924/153 2469/3925/153 2455/3960/153
f 2455/3960/153 2469/3925/153 2454/3928/153 2456/3961/153
f 2453/3962/153 2452/3921/153 2470/3924/153 2451/3959/153
f 2480/3963/153 2473/3964/153 2471/3965/153 2498/3966/153
f 2497/3967/153 2472/3968/153 2477/3969/153 2482/3970/153
f 2498/3966/153 2471/3965/153 2472/3968/153 2497/3967/153
f 2471/3965/153 2474/3971/153 2476/3972/153 2472/3968/153
f 2473/3964/153 2475/3973/153 2474/3971/153 2471/3965/153
f 2482/3974/499 2495/3975/499 2496/3976/500 2484/3977/500
f 2484/3977/500 2496/3976/500 2494/3978/501 2483/3979/501
f 2491/3980/502 2477/3981/502 2478/3982/508 2493/3983/508
f 2493/3983/508 2478/3982/508 2476/3984/503 2492/3985/503
f 2473/3986/504 2489/3987/504 2490/3988/339 2475/3989/339
f 2475/3989/339 2490/3988/339 2488/3990/505 2474/3991/505
f 2485/3992/506 2480/3993/506 2481/3994/328 2487/3995/328
f 2487/3995/328 2481/3994/328 2479/3996/507 2486/3997/507
f 2480/3993/506 2485/3992/506 2489/3987/504 2473/3986/504
f 2472/3968/153 2476/3972/153 2478/3998/153 2477/3969/153
f 2474/3991/505 2488/3990/505 2492/3985/503 2476/3984/503
f 2477/3981/502 2491/3980/502 2495/3975/499 2482/3974/499
f 2483/3999/501 2494/4000/501 2486/3997/507 2479/3996/507
f 2479/4001/153 2498/3966/153 2497/3967/153 2483/4002/153
f 2483/4002/153 2497/3967/153 2482/3970/153 2484/4003/153
f 2481/4004/153 2480/3963/153 2498/3966/153 2479/4001/153
f 2508/4005/153 2501/4006/153 2499/4007/153 2526/4008/153
f 2525/4009/153 2500/4010/153 2505/4011/153 2510/4012/153
f 2526/4008/153 2499/4007/153 2500/4010/153 2525/4009/153
f 2499/4007/153 2502/4013/153 2504/4014/153 2500/4010/153
f 2501/4006/153 2503/4015/153 2502/4013/153 2499/4007/153
f 2510/4016/499 2523/4017/499 2524/4018/500 2512/4019/500
f 2512/4019/500 2524/4018/500 2522/4020/501 2511/4021/501
f 2519/4022/502 2505/4023/502 2506/4024/508 2521/4025/508
f 2521/4025/508 2506/4024/508 2504/4026/503 2520/4027/503
f 2501/4028/504 2517/4029/504 2518/4030/339 2503/4031/339
f 2503/4031/339 2518/4030/339 2516/4032/505 2502/4033/505
f 2513/4034/506 2508/4035/506 2509/4036/510 2515/4037/510
f 2515/4037/510 2509/4036/510 2507/4038/507 2514/4039/507
f 2508/4040/506 2513/4041/506 2517/4029/504 2501/4028/504
f 2500/4010/153 2504/4014/153 2506/4042/153 2505/4011/153
f 2502/4033/505 2516/4032/505 2520/4027/503 2504/4026/503
f 2505/4023/502 2519/4022/502 2523/4017/499 2510/4016/499
f 2511/4021/501 2522/4020/501 2514/4039/507 2507/4038/507
f 2507/4043/153 2526/4008/153 2525/4009/153 2511/4044/153
f 2511/4044/153 2525/4009/153 2510/4012/153 2512/4045/153
f 2509/4046/153 2508/4005/153 2526/4008/153 2507/4043/153
f 2536/4047/153 2529/4048/153 2527/4049/153 2554/4050/153
f 2553/4051/153 2528/4052/153 2533/4053/153 2538/4054/153
f 2554/4050/153 2527/4049/153 2528/4052/153 2553/4051/153
f 2527/4049/153 2530/4055/153 2532/4056/153 2528/4052/153
f 2529/4048/153 2531/4057/153 2530/4055/153 2527/4049/153
f 2538/4058/499 2551/4059/499 2552/4060/500 2540/4061/500
f 2540/4061/500 2552/4060/500 2550/4062/501 2539/4063/501
f 2547/4064/502 2533/4065/502 2534/4066/508 2549/4067/508
f 2549/4067/508 2534/4066/508 2532/4068/503 2548/4069/503
f 2529/4070/504 2545/4071/504 2546/4072/509 2531/4073/509
f 2531/4073/509 2546/4072/509 2544/4074/505 2530/4075/505
f 2541/4076/506 2536/4077/506 2537/4078/510 2543/4079/510
f 2543/4079/510 2537/4078/510 2535/4080/507 2542/4081/507
f 2536/4077/506 2541/4076/506 2545/4071/504 2529/4070/504
f 2528/4052/153 2532/4056/153 2534/4082/153 2533/4053/153
f 2530/4083/505 2544/4084/505 2548/4069/503 2532/4068/503
f 2533/4065/502 2547/4064/502 2551/4059/499 2538/4058/499
f 2539/4063/501 2550/4062/501 2542/4081/507 2535/4080/507
f 2535/4085/153 2554/4050/153 2553/4051/153 2539/4086/153
f 2539/4086/153 2553/4051/153 2538/4054/153 2540/4087/153
f 2537/4088/153 2536/4047/153 2554/4050/153 2535/4085/153
f 2555/4089/504 2571/4090/504 2572/4091/509 2557/4092/339
f 2557/4092/339 2572/4091/509 2570/4093/505 2556/4094/505
f 2564/4095/502 2562/4096/502 2563/4097/491 2566/4098/491
f 2566/4098/491 2563/4097/491 2561/4099/503 2565/4100/503
f 2567/4101/501 2574/4102/501 2575/4103/500 2569/4104/500
f 2569/4104/500 2575/4103/500 2573/4105/499 2568/4106/499
f 2558/4107/507 2577/4108/507 2578/4109/510 2560/4110/510
f 2560/4110/510 2578/4109/510 2576/4111/506 2559/4112/506
f 2555/4113/153 3052/4114/153 3049/4115/153 2559/4116/153
f 2559/4112/506 2576/4111/506 2571/4090/504 2555/4089/504
f 2556/4094/505 2570/4093/505 2565/4100/503 2561/4099/503
f 2574/4102/501 2567/4101/501 2577/4117/507 2558/4118/507
f 2562/4096/502 2564/4095/502 2568/4106/499 2573/4105/499
f 2579/4119/504 2595/4120/504 2596/4121/339 2581/4122/339
f 2581/4122/339 2596/4121/339 2594/4123/505 2580/4124/505
f 2588/4125/502 2586/4126/502 2587/4127/491 2590/4128/491
f 2590/4128/491 2587/4127/491 2585/4129/503 2589/4130/503
f 2591/4131/501 2598/4132/501 2599/4133/500 2593/4134/500
f 2593/4134/500 2599/4133/500 2597/4135/499 2592/4136/499
f 2582/4137/507 2601/4138/507 2602/4139/328 2584/4140/328
f 2584/4140/328 2602/4139/328 2600/4141/506 2583/4142/506
f 2579/4143/153 3044/4144/153 3043/4145/153 2583/4146/153
f 2583/4142/506 2600/4141/506 2595/4120/504 2579/4119/504
f 2580/4124/505 2594/4123/505 2589/4130/503 2585/4129/503
f 2598/4132/501 2591/4131/501 2601/4147/507 2582/4148/507
f 2586/4126/502 2588/4125/502 2592/4136/499 2597/4135/499
f 2603/4149/504 2619/4150/504 2620/4151/339 2605/4152/339
f 2605/4152/339 2620/4151/339 2618/4153/505 2604/4154/505
f 2612/4155/502 2610/4156/502 2611/4157/491 2614/4158/491
f 2614/4158/491 2611/4157/491 2609/4159/503 2613/4160/503
f 2615/4161/501 2622/4162/501 2623/4163/500 2617/4164/500
f 2617/4164/500 2623/4163/500 2621/4165/499 2616/4166/499
f 2606/4167/507 2625/4168/507 2626/4169/510 2608/4170/510
f 2608/4170/510 2626/4169/510 2624/4171/506 2607/4172/506
f 2604/4154/505 2618/4153/505 2613/4160/503 2609/4159/503
f 2622/4162/501 2615/4161/501 2625/4173/507 2606/4174/507
f 2665/4175/153 2753/4176/153 2755/4177/153 2754/4178/153
f 2643/4179/153 2711/4180/153 2713/4181/153 2712/4182/153
f 2673/4183/153 2765/4184/153 2767/4185/153 2766/4186/153
f 2651/4187/153 2723/4188/153 2725/4189/153 2724/4190/153
f 2627/4191/153 2681/4192/153 2683/4193/153 2682/4194/153
f 2659/4195/153 2735/4196/153 2737/4197/153 2736/4198/153
f 2631/4199/153 2693/4200/153 2695/4201/153 2694/4202/153
f 2663/4203/153 2747/4204/153 2749/4205/153 2748/4206/153 2756/4207/153
f 2639/4208/153 2705/4209/153 2707/4210/153 2706/4211/153
f 2669/4212/153 2759/4213/153 2761/4214/153 2760/4215/153
f 2647/4216/153 2717/4217/153 2719/4218/153 2718/4219/153
f 2677/4220/153 2771/4221/153 2773/4222/153 2772/4223/153
f 2658/4224/153 2813/4225/153 2815/4226/153 2814/4227/153
f 2811/4228/153 2801/4229/153 2803/4230/153 2802/4231/153 2810/4232/153 2812/4233/153
f 2638/4234/153 2843/4235/153 2845/4236/153 2844/4237/153
f 2668/4238/153 2789/4239/153 2791/4240/153 2790/4241/153
f 2646/4242/153 2831/4243/153 2833/4244/153 2832/4245/153
f 2676/4246/153 2777/4247/153 2779/4248/153 2778/4249/153
f 2654/4250/153 2819/4251/153 2821/4252/153 2820/4253/153
f 2630/4254/153 2855/4255/153 2857/4256/153 2856/4257/153
f 2662/4258/153 2807/4259/153 2809/4260/153 2808/4261/153
f 2634/4262/153 2849/4263/153 2851/4264/153 2850/4265/153
f 2664/4266/153 2795/4267/153 2797/4268/153 2796/4269/153
f 2642/4270/153 2837/4271/153 2839/4272/153 2838/4273/153
f 2672/4274/153 2783/4275/153 2785/4276/153 2784/4277/153
f 2650/4278/153 2825/4279/153 2827/4280/153 2826/4281/153
f 2680/4282/153 2690/4283/153 2692/4284/153 2691/4285/153
f 2678/4286/153 2680/4282/153 2691/4285/153 2780/4287/153
f 2653/4288/153 2651/4187/153 2724/4190/153 2732/4289/153
f 2723/4188/153 2651/4187/153 2652/4290/153 2829/4291/153
f 2651/4187/153 2653/4288/153 2654/4250/153 2652/4290/153
f 2733/4292/153 2653/4288/153 2732/4289/153 2734/4293/153
f 2652/4290/153 2654/4250/153 2820/4253/153 2828/4294/153
f 2657/4295/153 2655/4296/153 2730/4297/153 2738/4298/153
f 2729/4299/153 2655/4296/153 2656/4300/153 2823/4301/153
f 2823/4301/153 2656/4300/153 2822/4302/153 2824/4303/153
f 2655/4296/153 2657/4295/153 2658/4224/153 2656/4300/153
f 2739/4304/153 2657/4295/153 2738/4298/153 2740/4305/153
f 2656/4300/153 2658/4224/153 2814/4227/153 2822/4302/153
f 2661/4306/153 2659/4195/153 2736/4198/153 2744/4307/153
f 2735/4196/153 2659/4195/153 2660/4308/153 2817/4309/153
f 2817/4309/153 2660/4308/153 2816/4310/153 2818/4311/153
f 2659/4195/153 2661/4306/153 2662/4258/153 2660/4308/153
f 2745/4312/153 2661/4306/153 2744/4307/153 2746/4313/153
f 2660/4308/153 2662/4258/153 2808/4261/153 2816/4310/153
f 2747/4204/153 2663/4203/153 2664/4266/153 2805/4314/153
f 2757/4315/153 2663/4203/153 2756/4207/153 2758/4316/153
f 2805/4314/153 2664/4266/153 2796/4269/153 2804/4317/153 2806/4318/153
f 2667/4319/153 2665/4175/153 2754/4178/153 2762/4320/153
f 2753/4176/153 2665/4175/153 2666/4321/153 2799/4322/153
f 2799/4322/153 2666/4321/153 2798/4323/153 2800/4324/153
f 2665/4175/153 2667/4319/153 2668/4238/153 2666/4321/153
f 2763/4325/153 2667/4319/153 2762/4320/153 2764/4326/153
f 2666/4321/153 2668/4238/153 2790/4241/153 2798/4323/153
f 2671/4327/153 2669/4212/153 2760/4215/153 2768/4328/153
f 2759/4213/153 2669/4212/153 2670/4329/153 2793/4330/153
f 2793/4330/153 2670/4329/153 2792/4331/153 2794/4332/153
f 2669/4212/153 2671/4327/153 2672/4274/153 2670/4329/153
f 2769/4333/153 2671/4327/153 2768/4328/153 2770/4334/153
f 2670/4329/153 2672/4274/153 2784/4277/153 2792/4331/153
f 2675/4335/153 2673/4183/153 2766/4186/153 2774/4336/153
f 2765/4184/153 2673/4183/153 2674/4337/153 2787/4338/153
f 2787/4338/153 2674/4337/153 2786/4339/153 2788/4340/153
f 2673/4183/153 2675/4335/153 2676/4246/153 2674/4337/153
f 2775/4341/153 2675/4335/153 2774/4336/153 2776/4342/153
f 2674/4337/153 2676/4246/153 2778/4249/153 2786/4339/153
f 2679/4343/153 2677/4220/153 2772/4223/153 2684/4344/153
f 2771/4221/153 2677/4220/153 2678/4286/153 2781/4345/153
f 2781/4345/153 2678/4286/153 2780/4287/153 2782/4346/153
f 2677/4220/153 2679/4343/153 2680/4282/153 2678/4286/153
f 2685/4347/153 2679/4343/153 2684/4344/153 2686/4348/153
f 2655/4296/153 2729/4299/153 2731/4349/153 2730/4297/153
f 2751/4350/153 2741/4351/153 2743/4352/153 2742/4353/153 2750/4354/153 2752/4355/153
f 2635/4356/153 2699/4357/153 2701/4358/153 2700/4359/153
f 2829/4291/153 2652/4290/153 2828/4294/153 2830/4360/153
f 2828/4361/507 2937/4362/507 2938/4363/328 2830/4364/328
f 2830/4364/328 2938/4363/328 2936/4365/506 2829/4366/506
f 2951/4367/501 2820/4368/501 2821/4369/500 2953/4370/500
f 2953/4370/500 2821/4369/500 2819/4371/499 2952/4372/499
f 2813/4373/499 2964/4374/499 2965/4375/500 2815/4376/500
f 2815/4376/500 2965/4375/500 2963/4377/501 2814/4378/501
f 2966/4379/502 2739/4380/502 2740/4381/508 2968/4382/508
f 2968/4382/508 2740/4381/508 2738/4383/503 2967/4384/503
f 2945/4385/505 2730/4386/505 2731/4387/509 2947/4388/509
f 2947/4388/509 2731/4387/509 2729/4389/504 2946/4390/504
f 2741/4391/504 2970/4392/504 2971/4393/509 2743/4394/509
f 2743/4394/509 2971/4393/509 2969/4395/505 2742/4396/505
f 2972/4397/506 2811/4398/506 2812/4399/510 2974/4400/510
f 2974/4400/510 2812/4399/510 2810/4401/507 2973/4402/507
f 2822/4403/507 2949/4404/507 2950/4405/510 2824/4406/510
f 2824/4406/510 2950/4405/510 2948/4407/506 2823/4408/506
f 2807/4409/499 2976/4410/499 2977/4411/500 2809/4412/500
f 2809/4412/500 2977/4411/500 2975/4413/501 2808/4414/501
f 2978/4415/502 2745/4416/502 2746/4417/508 2980/4418/508
f 2980/4418/508 2746/4417/508 2744/4419/503 2979/4420/503
f 2957/4421/505 2736/4422/505 2737/4423/509 2959/4424/509
f 2959/4424/509 2737/4423/509 2735/4425/504 2958/4426/504
f 2747/4427/504 2982/4428/504 2983/4429/509 2749/4430/509
f 2749/4430/509 2983/4429/509 2981/4431/505 2748/4432/505
f 2984/4433/506 2805/4434/506 2806/4435/510 2986/4436/510
f 2986/4436/510 2806/4435/510 2804/4437/507 2985/4438/507
f 2816/4439/507 2961/4440/507 2962/4441/510 2818/4442/510
f 2818/4442/510 2962/4441/510 2960/4443/506 2817/4444/506
f 2801/4445/499 2988/4446/499 2989/4447/500 2803/4448/500
f 2803/4448/500 2989/4447/500 2987/4449/501 2802/4450/501
f 2990/4451/502 2751/4452/502 2752/4453/508 2992/4454/508
f 2992/4454/508 2752/4453/508 2750/4455/503 2991/4456/503
f 2753/4457/504 2994/4458/504 2995/4459/509 2755/4460/509
f 2755/4460/509 2995/4459/509 2993/4461/505 2754/4462/505
f 2996/4463/506 2799/4464/506 2800/4465/510 2998/4466/510
f 2998/4466/510 2800/4465/510 2798/4467/507 2997/4468/507
f 2795/4469/499 3000/4470/499 3001/4471/500 2797/4472/500
f 2797/4472/500 3001/4471/500 2999/4473/501 2796/4474/501
f 3002/4475/502 2757/4476/502 2758/4477/508 3004/4478/508
f 3004/4478/508 2758/4477/508 2756/4479/503 3003/4480/503
f 2759/4481/504 3006/4482/504 3007/4483/509 2761/4484/509
f 2761/4484/509 3007/4483/509 3005/4485/505 2760/4486/505
f 3008/4487/506 2793/4488/506 2794/4489/510 3010/4490/510
f 3010/4490/510 2794/4489/510 2792/4491/507 3009/4492/507
f 2789/4493/499 3012/4494/499 3013/4495/500 2791/4496/500
f 2791/4496/500 3013/4495/500 3011/4497/501 2790/4498/501
f 3014/4499/502 2763/4500/502 2764/4501/508 3016/4502/508
f 3016/4502/508 2764/4501/508 2762/4503/503 3015/4504/503
f 2765/4505/504 3018/4506/504 3019/4507/339 2767/4508/339
f 2767/4508/339 3019/4507/339 3017/4509/505 2766/4510/505
f 3020/4511/506 2787/4512/506 2788/4513/328 3022/4514/328
f 3022/4514/328 2788/4513/328 2786/4515/507 3021/4516/507
f 2681/4517/504 2865/4518/504 2866/4519/509 2683/4520/509
f 2683/4520/509 2866/4519/509 2864/4521/505 2682/4522/505
f 2861/4523/506 2688/4524/506 2689/4525/328 2863/4526/328
f 2863/4526/328 2689/4525/328 2687/4527/507 2862/4528/507
f 2783/4529/499 3024/4530/499 3025/4531/480 2785/4532/480
f 2785/4532/480 3025/4531/480 3023/4533/501 2784/4534/501
f 3026/4535/502 2769/4536/502 2770/4537/491 3028/4538/491
f 3028/4538/491 2770/4537/491 2768/4539/503 3027/4540/503
f 2690/4541/499 2871/4542/499 2872/4543/480 2692/4544/480
f 2692/4544/480 2872/4543/480 2870/4545/501 2691/4546/501
f 2867/4547/502 2685/4548/502 2686/4549/508 2869/4550/508
f 2869/4550/508 2686/4549/508 2684/4551/503 2868/4552/503
f 2771/4553/504 3030/4554/504 3031/4555/339 2773/4556/339
f 2773/4556/339 3031/4555/339 3029/4557/505 2772/4558/505
f 3032/4559/506 2781/4560/506 2782/4561/328 3034/4562/328
f 3034/4562/328 2782/4561/328 2780/4563/507 3033/4564/507
f 2693/4565/504 2874/4566/504 2875/4567/339 2695/4568/509
f 2695/4568/509 2875/4567/339 2873/4569/505 2694/4570/505
f 2876/4571/506 2859/4572/506 2860/4573/510 2878/4574/510
f 2878/4574/510 2860/4573/510 2858/4575/507 2877/4576/507
f 2777/4577/499 3036/4578/499 3037/4579/480 2779/4580/480
f 2779/4580/480 3037/4579/480 3035/4581/501 2778/4582/501
f 3038/4583/502 2775/4584/502 2776/4585/508 3040/4586/508
f 3040/4586/508 2776/4585/508 2774/4587/503 3039/4588/503
f 2855/4589/499 2880/4590/499 2881/4591/500 2857/4592/500
f 2857/4592/500 2881/4591/500 2879/4593/501 2856/4594/501
f 2882/4595/502 2697/4596/502 2698/4597/508 2884/4598/508
f 2884/4598/508 2698/4597/508 2696/4599/503 2883/4600/503
f 2699/4601/504 2886/4602/504 2887/4603/509 2701/4604/509
f 2701/4604/509 2887/4603/509 2885/4605/505 2700/4606/505
f 2888/4607/506 2853/4608/506 2854/4609/328 2890/4610/328
f 2890/4610/328 2854/4609/328 2852/4611/507 2889/4612/507
f 2849/4613/499 2892/4614/499 2893/4615/500 2851/4616/500
f 2851/4616/500 2893/4615/500 2891/4617/501 2850/4618/501
f 2894/4619/502 2703/4620/502 2704/4621/508 2896/4622/491
f 2896/4622/491 2704/4621/508 2702/4623/503 2895/4624/503
f 2705/4625/504 2898/4626/504 2899/4627/509 2707/4628/509
f 2707/4628/509 2899/4627/509 2897/4629/505 2706/4630/505
f 2900/4631/506 2847/4632/506 2848/4633/328 2902/4634/328
f 2902/4634/328 2848/4633/328 2846/4635/507 2901/4636/507
f 2843/4637/499 2904/4638/499 2905/4639/480 2845/4640/480
f 2845/4640/480 2905/4639/480 2903/4641/501 2844/4642/501
f 2906/4643/502 2709/4644/502 2710/4645/508 2908/4646/508
f 2908/4646/508 2710/4645/508 2708/4647/503 2907/4648/503
f 2711/4649/504 2910/4650/504 2911/4651/509 2713/4652/509
f 2713/4652/509 2911/4651/509 2909/4653/505 2712/4654/505
f 2912/4655/506 2841/4656/506 2842/4657/328 2914/4658/328
f 2914/4658/328 2842/4657/328 2840/4659/507 2913/4660/507
f 2837/4661/499 2916/4662/499 2917/4663/480 2839/4664/500
f 2839/4664/500 2917/4663/480 2915/4665/501 2838/4666/501
f 2918/4667/502 2715/4668/502 2716/4669/508 2920/4670/508
f 2920/4670/508 2716/4669/508 2714/4671/503 2919/4672/503
f 2717/4673/504 2922/4674/504 2923/4675/509 2719/4676/509
f 2719/4676/509 2923/4675/509 2921/4677/505 2718/4678/505
f 2924/4679/506 2835/4680/506 2836/4681/328 2926/4682/328
f 2926/4682/328 2836/4681/328 2834/4683/507 2925/4684/507
f 2831/4685/499 2928/4686/499 2929/4687/480 2833/4688/480
f 2833/4688/480 2929/4687/480 2927/4689/501 2832/4690/501
f 2930/4691/502 2721/4692/502 2722/4693/508 2932/4694/508
f 2932/4694/508 2722/4693/508 2720/4695/503 2931/4696/503
f 2723/4697/504 2934/4698/504 2935/4699/509 2725/4700/509
f 2725/4700/509 2935/4699/509 2933/4701/505 2724/4702/505
f 2825/4703/499 2940/4704/499 2941/4705/480 2827/4706/480
f 2827/4706/480 2941/4705/480 2939/4707/501 2826/4708/501
f 2942/4709/502 2727/4710/502 2728/4711/508 2944/4712/508
f 2944/4712/508 2728/4711/508 2726/4713/503 2943/4714/503
f 2954/4715/502 2733/4716/502 2734/4717/508 2956/4718/508
f 2956/4718/508 2734/4717/508 2732/4719/503 2955/4720/503
f 2688/4524/506 2861/4523/506 2865/4518/504 2681/4517/504
f 2629/4721/153 2697/4722/153 2855/4255/153 2630/4254/153
f 2682/4522/505 2864/4521/505 2883/4723/503 2696/4724/503
f 2685/4548/502 2867/4547/502 2871/4542/499 2690/4541/499
f 2679/4343/153 2685/4347/153 2690/4283/153 2680/4282/153
f 2772/4725/505 3029/4726/505 2868/4552/503 2684/4551/503
f 2856/4594/501 2879/4593/501 2862/4528/507 2687/4527/507
f 2691/4546/501 2870/4545/501 3033/4564/507 2780/4563/507
f 2859/4572/506 2876/4571/506 2874/4566/504 2693/4565/504
f 2633/4727/153 2703/4728/153 2849/4263/153 2634/4262/153
f 2694/4570/505 2873/4569/505 2895/4729/503 2702/4730/503
f 2697/4596/502 2882/4595/502 2880/4590/499 2855/4589/499
f 2853/4608/506 2888/4607/506 2886/4602/504 2699/4601/504
f 2637/4731/153 2709/4732/153 2843/4235/153 2638/4234/153
f 2700/4606/505 2885/4605/505 2907/4733/503 2708/4734/503
f 2703/4620/502 2894/4619/502 2892/4614/499 2849/4613/499
f 2847/4632/506 2900/4631/506 2898/4626/504 2705/4625/504
f 2641/4735/153 2715/4736/153 2837/4271/153 2642/4270/153
f 2706/4630/505 2897/4629/505 2919/4737/503 2714/4738/503
f 2709/4644/502 2906/4643/502 2904/4638/499 2843/4637/499
f 2841/4656/506 2912/4655/506 2910/4650/504 2711/4649/504
f 2645/4739/153 2721/4740/153 2831/4243/153 2646/4242/153
f 2712/4654/505 2909/4653/505 2931/4741/503 2720/4742/503
f 2715/4668/502 2918/4667/502 2916/4662/499 2837/4661/499
f 2835/4680/506 2924/4679/506 2922/4674/504 2717/4673/504
f 2649/4743/153 2727/4744/153 2825/4279/153 2650/4278/153
f 2718/4678/505 2921/4677/505 2943/4745/503 2726/4746/503
f 2721/4692/502 2930/4691/502 2928/4686/499 2831/4685/499
f 2829/4366/506 2936/4365/506 2934/4698/504 2723/4697/504
f 2653/4288/153 2733/4292/153 2819/4251/153 2654/4250/153
f 2724/4702/505 2933/4701/505 2955/4747/503 2732/4748/503
f 2727/4710/502 2942/4709/502 2940/4704/499 2825/4703/499
f 2823/4408/506 2948/4407/506 2946/4390/504 2729/4389/504
f 2657/4295/153 2739/4304/153 2813/4225/153 2658/4224/153
f 2730/4386/505 2945/4385/505 2967/4749/503 2738/4750/503
f 2733/4716/502 2954/4715/502 2952/4372/499 2819/4371/499
f 2817/4444/506 2960/4443/506 2958/4426/504 2735/4425/504
f 2661/4306/153 2745/4312/153 2807/4259/153 2662/4258/153
f 2736/4422/505 2957/4421/505 2979/4751/503 2744/4752/503
f 2739/4380/502 2966/4379/502 2964/4374/499 2813/4373/499
f 2811/4398/506 2972/4397/506 2970/4392/504 2741/4391/504
f 2741/4351/153 2751/4350/153 2801/4229/153 2811/4228/153
f 2742/4396/505 2969/4395/505 2991/4753/503 2750/4754/503
f 2745/4416/502 2978/4415/502 2976/4410/499 2807/4409/499
f 2805/4434/506 2984/4433/506 2982/4428/504 2747/4427/504
f 2663/4203/153 2757/4315/153 2795/4267/153 2664/4266/153
f 2748/4432/505 2981/4431/505 3003/4755/503 2756/4756/503
f 2751/4452/502 2990/4451/502 2988/4446/499 2801/4445/499
f 2799/4464/506 2996/4463/506 2994/4458/504 2753/4457/504
f 2667/4319/153 2763/4325/153 2789/4239/153 2668/4238/153
f 2754/4462/505 2993/4461/505 3015/4757/503 2762/4758/503
f 2757/4476/502 3002/4475/502 3000/4470/499 2795/4469/499
f 2793/4488/506 3008/4487/506 3006/4482/504 2759/4481/504
f 2671/4327/153 2769/4333/153 2783/4275/153 2672/4274/153
f 2760/4486/505 3005/4485/505 3027/4759/503 2768/4760/503
f 2763/4500/502 3014/4499/502 3012/4494/499 2789/4493/499
f 2787/4512/506 3020/4511/506 3018/4506/504 2765/4505/504
f 2675/4335/153 2775/4341/153 2777/4247/153 2676/4246/153
f 2766/4510/505 3017/4509/505 3039/4761/503 2774/4762/503
f 2769/4536/502 3026/4535/502 3024/4530/499 2783/4529/499
f 2781/4560/506 3032/4559/506 3030/4554/504 2771/4553/504
f 2775/4584/502 3038/4583/502 3036/4578/499 2777/4577/499
f 2778/4582/501 3035/4581/501 3021/4516/507 2786/4515/507
f 2784/4534/501 3023/4533/501 3009/4492/507 2792/4491/507
f 2790/4498/501 3011/4497/501 2997/4468/507 2798/4467/507
f 2796/4474/501 2999/4473/501 2985/4438/507 2804/4437/507
f 2802/4450/501 2987/4449/501 2973/4402/507 2810/4401/507
f 2808/4414/501 2975/4413/501 2961/4440/507 2816/4439/507
f 2814/4378/501 2963/4377/501 2949/4404/507 2822/4403/507
f 2820/4368/501 2951/4367/501 2937/4362/507 2828/4361/507
f 2826/4708/501 2939/4707/501 2925/4684/507 2834/4683/507
f 2832/4690/501 2927/4689/501 2913/4660/507 2840/4659/507
f 2838/4666/501 2915/4665/501 2901/4636/507 2846/4635/507
f 2844/4642/501 2903/4641/501 2889/4612/507 2852/4611/507
f 2850/4618/501 2891/4617/501 2877/4576/507 2858/4575/507
f 2648/4763/153 2650/4278/153 2826/4281/153 2834/4764/153
f 2727/4744/153 2649/4743/153 2726/4765/153 2728/4766/153
f 2647/4216/153 2649/4743/153 2650/4278/153 2648/4763/153
f 2835/4767/153 2648/4763/153 2834/4764/153 2836/4768/153
f 2717/4217/153 2647/4216/153 2648/4763/153 2835/4767/153
f 2649/4743/153 2647/4216/153 2718/4219/153 2726/4765/153
f 2644/4769/153 2646/4242/153 2832/4245/153 2840/4770/153
f 2721/4740/153 2645/4739/153 2720/4771/153 2722/4772/153
f 2643/4179/153 2645/4739/153 2646/4242/153 2644/4769/153
f 2841/4773/153 2644/4769/153 2840/4770/153 2842/4774/153
f 2711/4180/153 2643/4179/153 2644/4769/153 2841/4773/153
f 2645/4739/153 2643/4179/153 2712/4182/153 2720/4771/153
f 2640/4775/153 2642/4270/153 2838/4273/153 2846/4776/153
f 2715/4736/153 2641/4735/153 2714/4777/153 2716/4778/153
f 2639/4208/153 2641/4735/153 2642/4270/153 2640/4775/153
f 2847/4779/153 2640/4775/153 2846/4776/153 2848/4780/153
f 2705/4209/153 2639/4208/153 2640/4775/153 2847/4779/153
f 2641/4735/153 2639/4208/153 2706/4211/153 2714/4777/153
f 2636/4781/153 2638/4234/153 2844/4237/153 2852/4782/153
f 2709/4732/153 2637/4731/153 2708/4783/153 2710/4784/153
f 2635/4356/153 2637/4731/153 2638/4234/153 2636/4781/153
f 2853/4785/153 2636/4781/153 2852/4782/153 2854/4786/153
f 2699/4357/153 2635/4356/153 2636/4781/153 2853/4785/153
f 2637/4731/153 2635/4356/153 2700/4359/153 2708/4783/153
f 2632/4787/153 2634/4262/153 2850/4265/153 2858/4788/153
f 2703/4728/153 2633/4727/153 2702/4789/153 2704/4790/153
f 2631/4199/153 2633/4727/153 2634/4262/153 2632/4787/153
f 2859/4791/153 2632/4787/153 2858/4788/153 2860/4792/153
f 2693/4200/153 2631/4199/153 2632/4787/153 2859/4791/153
f 2633/4727/153 2631/4199/153 2694/4202/153 2702/4789/153
f 2628/4793/153 2630/4254/153 2856/4257/153 2687/4794/153
f 2697/4722/153 2629/4721/153 2696/4795/153 2698/4796/153
f 2627/4191/153 2629/4721/153 2630/4254/153 2628/4793/153
f 2688/4797/153 2628/4793/153 2687/4794/153 2689/4798/153
f 2681/4192/153 2627/4191/153 2628/4793/153 2688/4797/153
f 2629/4721/153 2627/4191/153 2682/4194/153 2696/4795/153
f 2586/4799/153 3042/4800/153 2585/4801/153 2587/4802/153
f 2562/4803/153 3051/4804/153 2561/4805/153 2563/4806/153
f 2610/4807/153 3047/4808/153 2609/4809/153 2611/4810/153
f 2583/4146/153 3043/4145/153 2582/4811/153 2584/4812/153
f 2559/4116/153 3049/4115/153 2558/4813/153 2560/4814/153
f 2607/4815/153 3045/4816/153 2606/4817/153 2608/4818/153
f 3041/4819/153 3042/4800/153 2586/4799/153 2597/4820/153
f 2585/4801/153 3042/4800/153 3044/4144/153 2580/4821/153
f 2598/4822/153 3041/4819/153 2597/4820/153 2599/4823/153
f 3043/4145/153 3044/4144/153 3042/4800/153 3041/4819/153
f 2580/4821/153 3044/4144/153 2579/4143/153 2581/4824/153
f 2582/4811/153 3043/4145/153 3041/4819/153 2598/4822/153
f 2558/4813/153 3049/4115/153 3050/4825/153 2574/4826/153
f 2574/4826/153 3050/4825/153 2573/4827/153 2575/4828/153
f 3049/4115/153 3052/4114/153 3051/4804/153 3050/4825/153
f 3050/4825/153 3051/4804/153 2562/4803/153 2573/4827/153
f 2606/4817/153 3045/4816/153 3046/4829/153 2622/4830/153
f 2622/4830/153 3046/4829/153 2621/4831/153 2623/4832/153
f 2561/4805/153 3051/4804/153 3052/4114/153 2556/4833/153
f 2556/4833/153 3052/4114/153 2555/4113/153 2557/4834/153
f 2609/4809/153 3047/4808/153 3048/4835/153 2604/4836/153
f 2604/4836/153 3048/4835/153 2603/4837/153 2605/4838/153
f 3066/4839/511 3056/4840/511 3058/4841/511 3067/4842/511
f 3067/4843/512 3058/4844/512 3057/4845/512 3065/4846/512
f 3069/4847/511 3066/4839/511 3067/4842/511 3070/4848/511
f 3070/4849/512 3067/4843/512 3065/4846/512 3068/4850/512
f 3062/4851/319 3057/4852/319 3058/4853/319 3064/4854/319
f 3064/4854/319 3058/4853/319 3056/4855/319 3063/4856/319
f 3059/4857/286 3053/4858/286 3055/4859/286 3061/4860/286
f 3061/4860/286 3055/4859/286 3054/4861/286 3060/4862/286
f 3068/4850/512 3054/4863/512 3055/4864/512 3070/4849/512
f 3070/4848/511 3055/4865/511 3053/4866/511 3069/4847/511
f 2603/4837/153 3048/4835/153 3069/4867/153 3053/4868/153
f 2607/4172/506 2624/4171/506 3060/4862/286 3054/4861/286
f 3053/4858/286 3059/4857/286 2619/4150/504 2603/4149/504
f 3054/4869/153 3068/4870/153 3045/4816/153 2607/4815/153
f 3046/4829/153 3065/4871/153 3057/4872/153 2621/4831/153
f 2610/4156/502 2612/4155/502 3063/4856/319 3056/4855/319
f 3066/4873/153 3047/4808/153 2610/4807/153 3056/4874/153
f 3057/4852/319 3062/4851/319 2616/4166/499 2621/4165/499
f 3045/4816/153 3068/4870/153 3065/4871/153 3046/4829/153
f 3069/4867/153 3048/4835/153 3047/4808/153 3066/4873/153
f 3071/4875/513 3074/4876/514 3075/4877/515 3077/4878/516
f 3072/4879/517 3076/4880/518 3075/4881/515 3074/4882/514
f 3073/4883/519 3077/4884/516 3075/4885/515 3076/4886/518
f 3081/4887/520 3084/4888/521 3085/4889/522 3087/4890/523
f 3082/4891/524 3086/4892/525 3085/4893/522 3084/4894/521
f 3083/4895/526 3087/4896/523 3085/4897/522 3086/4898/525
f 3091/4899/527 3094/4900/528 3095/4901/529 3097/4902/530
f 3092/4903/531 3096/4904/532 3095/4905/529 3094/4906/528
f 3093/4907/533 3097/4908/530 3095/4909/529 3096/4910/532
f 3101/4911/534 3104/4912/535 3105/4913/536 3107/4914/537
f 3102/4915/538 3106/4916/539 3105/4917/536 3104/4918/535
f 3103/4919/540 3107/4920/537 3105/4921/536 3106/4922/539
f 3135/4923/541 3138/4924/542 3139/4925/543 3141/4926/544
f 3136/4927/545 3140/4928/546 3139/4929/543 3138/4930/542
f 3137/4931/547 3141/4932/544 3139/4933/543 3140/4934/546
f 3145/4935/548 3148/4936/549 3149/4937/550 3151/4938/551
f 3146/4939/552 3150/4940/553 3149/4941/550 3148/4942/549
f 3147/4943/554 3151/4944/551 3149/4945/550 3150/4946/553
f 3155/4947/555 3158/4948/556 3159/4949/557 3161/4950/558
f 3156/4951/559 3160/4952/560 3159/4953/557 3158/4954/556
f 3157/4955/561 3161/4956/558 3159/4957/557 3160/4958/560
f 3165/4959/562 3167/4960/563 3168/4961/564 3170/4962/565
f 3186/4963/566 3169/4964/567 3168/4965/564 3167/4966/563
f 3166/4967/568 3170/4968/565 3168/4969/564 3169/4970/567
f 3158/4954/556 3195/4971/569 3198/4972/570 3156/4951/559
f 3174/4973/571 3178/4974/572 3177/4975/573 3176/4976/574
f 3175/4977/575 3179/4978/576 3177/4979/573 3178/4980/572
f 3182/4981/577 3146/4939/552 3148/4942/549 3183/4982/578
f 3180/4983/579 3182/4981/577 3183/4982/578 3185/4984/580
f 3167/4960/563 3165/4959/562 3190/4985/581 3189/4986/582
f 3145/4935/548 3184/4987/583 3183/4988/578 3148/4936/549
f 3181/4989/584 3185/4990/580 3183/4988/578 3184/4987/583
f 3186/4963/566 3167/4966/563 3189/4991/582 3192/4992/585
f 3195/4993/569 3158/4948/556 3155/4947/555 3196/4994/586
f 3187/4995/587 3191/4996/588 3189/4986/582 3190/4985/581
f 3188/4997/589 3192/4992/585 3189/4991/582 3191/4998/588
f 3156/4951/559 3198/4972/570 3176/4976/574 3137/4931/547
f 3193/4999/590 3197/5000/591 3195/4993/569 3196/4994/586
f 3194/5001/592 3198/4972/570 3195/4971/569 3197/5002/591
f 3083/4895/526 3072/4879/517 3074/4882/514 3087/4896/523
f 3087/4890/523 3074/4876/514 3071/4875/513 3081/4887/520
f 3103/4919/540 3083/4895/526 3086/4898/525 3107/4920/537
f 3107/4914/537 3086/4892/525 3082/4891/524 3101/4911/534
f 3093/4907/533 3103/4919/540 3106/4922/539 3097/4908/530
f 3097/4902/530 3106/4916/539 3102/4915/538 3091/4899/527
f 3072/4879/517 3093/4907/533 3096/4910/532 3076/4880/518
f 3076/4886/518 3096/4904/532 3092/4903/531 3073/4883/519
f 3130/5003/593 3132/5004/594 3134/5005/595 3131/5006/596
f 3131/5007/596 3134/5008/595 3133/5009/597 3129/5010/598
f 3112/5011/599 3114/5012/600 3116/5013/601 3113/5014/602
f 3113/5015/602 3116/5016/601 3115/5017/603 3111/5018/604
f 3124/5019/605 3126/5020/606 3128/5021/607 3125/5022/608
f 3125/5023/608 3128/5024/607 3127/5025/609 3123/5026/610
f 3118/5027/611 3120/5028/612 3122/5029/613 3119/5030/614
f 3119/5031/614 3122/5032/613 3121/5033/615 3117/5034/616
f 3132/5004/594 3099/5035/617 3100/5036/618 3134/5005/595
f 3134/5008/595 3100/5037/618 3098/5038/619 3133/5009/597
f 3078/5039/620 3112/5011/599 3113/5014/602 3080/5040/621
f 3080/5041/621 3113/5015/602 3111/5018/604 3079/5042/622
f 3073/4883/519 3115/5017/603 3116/5016/601 3077/4884/516
f 3077/4878/516 3116/5013/601 3114/5012/600 3071/4875/513
f 3117/5034/616 3082/4891/524 3084/4894/521 3119/5031/614
f 3119/5030/614 3084/4888/521 3081/4887/520 3118/5027/611
f 3088/5043/623 3121/5033/615 3122/5032/613 3090/5044/624
f 3090/5045/624 3122/5029/613 3120/5028/612 3089/5046/625
f 3091/4899/527 3130/5003/593 3131/5006/596 3094/4900/528
f 3094/4906/528 3131/5007/596 3129/5010/598 3092/4903/531
f 3108/5047/626 3127/5025/609 3128/5024/607 3110/5048/627
f 3110/5049/627 3128/5021/607 3126/5020/606 3109/5050/628
f 3123/5026/610 3102/4915/538 3104/4918/535 3125/5023/608
f 3125/5022/608 3104/4912/535 3101/4911/534 3124/5019/605
f 3147/4943/554 3136/4927/545 3138/4930/542 3151/4944/551
f 3151/4938/551 3138/4924/542 3135/4923/541 3145/4935/548
f 3166/4967/568 3147/4943/554 3150/4946/553 3170/4968/565
f 3170/4962/565 3150/4940/553 3146/4939/552 3165/4959/562
f 3157/4955/561 3166/4967/568 3169/4970/567 3161/4956/558
f 3161/4950/558 3169/4964/567 3186/4963/566 3155/4947/555
f 3136/4927/545 3157/4955/561 3160/4958/560 3140/4928/546
f 3140/4934/546 3160/4952/560 3156/4951/559 3137/4931/547
f 3146/4939/552 3182/4981/577 3190/4985/581 3165/4959/562
f 3176/4976/574 3198/4972/570 3194/5001/592 3174/4973/571
f 3155/4947/555 3186/4963/566 3192/4992/585 3196/4994/586
f 3196/4994/586 3192/4992/585 3188/4997/589 3193/4999/590
f 3141/4926/544 3177/4979/573 3179/4978/576 3135/4923/541
f 3190/4985/581 3182/4981/577 3180/4983/579 3187/4995/587
f 3145/4935/548 3135/4923/541 3179/4978/576 3184/4987/583
f 3184/4987/583 3179/4978/576 3175/4977/575 3181/4989/584
f 3193/4999/590 3163/5051/629 3164/5052/630 3197/5000/591
f 3197/5002/591 3164/5053/630 3162/5054/631 3194/5001/592
f 3142/5055/632 3175/4977/575 3178/4980/572 3144/5056/633
f 3144/5057/633 3178/4974/572 3174/4973/571 3143/5058/634
f 3152/5059/635 3180/4983/579 3185/4984/580 3154/5060/636
f 3154/5061/636 3185/4990/580 3181/4989/584 3153/5062/637
f 3171/5063/638 3188/4997/589 3191/4998/588 3173/5064/639
f 3173/5065/639 3191/4996/588 3187/4995/587 3172/5066/640
f 3071/4875/513 3114/5012/600 3118/5027/611 3081/4887/520
f 3083/4895/526 3103/4919/540 3093/4907/533 3072/4879/517
f 3092/4903/531 3129/5010/598 3115/5017/603 3073/4883/519
f 3112/5011/599 3078/5039/620 3089/5046/625 3120/5028/612
f 3133/5009/597 3098/5038/619 3079/5042/622 3111/5018/604
f 3082/4891/524 3117/5034/616 3124/5019/605 3101/4911/534
f 3121/5033/615 3088/5043/623 3109/5050/628 3126/5020/606
f 3102/4915/538 3123/5026/610 3130/5003/593 3091/4899/527
f 3127/5025/609 3108/5047/626 3099/5035/617 3132/5004/594
f 3133/5009/597 3111/5018/604 3115/5017/603 3129/5010/598
f 3112/5011/599 3120/5028/612 3118/5027/611 3114/5012/600
f 3121/5033/615 3126/5020/606 3124/5019/605 3117/5034/616
f 3127/5025/609 3132/5004/594 3130/5003/593 3123/5026/610
f 3147/4943/554 3166/4967/568 3157/4955/561 3136/4927/545
f 3175/4977/575 3142/5055/632 3153/5062/637 3181/4989/584
f 3194/5001/592 3162/5054/631 3143/5058/634 3174/4973/571
f 3180/4983/579 3152/5059/635 3172/5066/640 3187/4995/587
f 3188/4997/589 3171/5063/638 3163/5051/629 3193/4999/590
f 3199/5067/527 3205/5068/528 3203/5069/641 3202/5070/530
f 3200/5071/533 3202/5072/530 3203/5073/641 3204/5074/532
f 3201/5075/531 3204/5076/532 3203/5077/641 3205/5078/528
f 3209/5079/538 3215/5080/539 3213/5081/536 3212/5082/535
f 3210/5083/534 3212/5084/535 3213/5085/536 3214/5086/537
f 3211/5087/540 3214/5088/537 3213/5089/536 3215/5090/539
f 3219/5091/513 3225/5092/514 3223/5093/515 3222/5094/516
f 3220/5095/519 3222/5096/516 3223/5097/515 3224/5098/518
f 3221/5099/517 3224/5100/518 3223/5101/515 3225/5102/514
f 3229/5103/524 3235/5104/525 3233/5105/522 3232/5106/521
f 3230/5107/520 3232/5108/521 3233/5109/522 3234/5110/523
f 3231/5111/526 3234/5112/523 3233/5113/522 3235/5114/525
f 3263/5115/555 3269/5116/556 3267/5117/557 3266/5118/642
f 3264/5119/561 3266/5120/642 3267/5121/557 3268/5122/643
f 3265/5123/559 3268/5124/643 3267/5125/557 3269/5126/556
f 3273/5127/644 3279/5128/645 3277/5129/564 3276/5130/646
f 3274/5131/562 3276/5132/646 3277/5133/564 3278/5134/565
f 3275/5135/568 3278/5134/565 3277/5133/564 3279/5136/645
f 3320/5137/541 3288/5138/647 3286/5139/648 3285/5140/544
f 3283/5141/649 3285/5142/544 3286/5143/648 3287/5144/546
f 3284/5145/545 3287/5146/546 3286/5147/648 3288/5148/647
f 3292/5149/552 3297/5150/553 3295/5151/550 3294/5152/549
f 3313/5153/650 3294/5154/549 3295/5155/550 3296/5156/551
f 3293/5157/554 3296/5158/551 3295/5151/550 3297/5150/553
f 3285/5142/544 3283/5141/649 3326/5159/574 3323/5160/573
f 3301/5161/592 3303/5162/570 3304/5163/569 3305/5164/591
f 3302/5165/590 3305/5166/591 3304/5167/569 3306/5168/586
f 3274/5131/562 3292/5149/552 3317/5169/577 3309/5170/581
f 3307/5171/587 3312/5172/588 3310/5173/582 3309/5170/581
f 3317/5169/577 3292/5149/552 3294/5152/549 3316/5174/578
f 3273/5127/644 3276/5130/646 3310/5175/582 3311/5176/585
f 3308/5177/589 3311/5176/585 3310/5175/582 3312/5178/588
f 3313/5153/650 3319/5179/583 3316/5180/578 3294/5154/549
f 3137/4931/547 3176/4976/574 3177/4975/573 3141/4932/544
f 3314/5181/579 3317/5169/577 3316/5174/578 3318/5182/580
f 3315/5183/584 3318/5184/580 3316/5180/578 3319/5179/583
f 3320/5137/541 3285/5140/544 3323/5185/573 3324/5186/576
f 3283/5141/649 3265/5123/559 3303/5162/570 3326/5159/574
f 3321/5187/575 3324/5186/576 3323/5185/573 3325/5188/572
f 3322/5189/571 3325/5190/572 3323/5160/573 3326/5159/574
f 3211/5087/540 3215/5090/539 3202/5072/530 3200/5071/533
f 3215/5080/539 3209/5079/538 3199/5067/527 3202/5070/530
f 3231/5111/526 3235/5114/525 3214/5088/537 3211/5087/540
f 3235/5104/525 3229/5103/524 3210/5083/534 3214/5086/537
f 3221/5099/517 3225/5102/514 3234/5112/523 3231/5111/526
f 3225/5092/514 3219/5091/513 3230/5107/520 3234/5110/523
f 3200/5071/533 3204/5074/532 3224/5100/518 3221/5099/517
f 3204/5076/532 3201/5075/531 3220/5095/519 3224/5098/518
f 3258/5191/600 3259/5192/601 3262/5193/602 3260/5194/599
f 3259/5195/601 3257/5196/603 3261/5197/604 3262/5198/602
f 3240/5199/594 3241/5200/595 3244/5201/596 3242/5202/593
f 3241/5203/595 3239/5204/597 3243/5205/598 3244/5206/596
f 3252/5207/616 3253/5208/614 3256/5209/613 3254/5210/615
f 3253/5211/614 3251/5212/611 3255/5213/612 3256/5214/613
f 3246/5215/610 3247/5216/608 3250/5217/607 3248/5218/609
f 3247/5219/608 3245/5220/605 3249/5221/606 3250/5222/607
f 3260/5194/599 3262/5193/602 3228/5223/621 3227/5224/620
f 3262/5198/602 3261/5197/604 3226/5225/651 3228/5226/621
f 3206/5227/617 3208/5228/618 3241/5200/595 3240/5199/594
f 3208/5229/618 3207/5230/619 3239/5204/597 3241/5203/595
f 3201/5075/531 3205/5078/528 3244/5206/596 3243/5205/598
f 3205/5068/528 3199/5067/527 3242/5202/593 3244/5201/596
f 3245/5220/605 3247/5219/608 3212/5084/535 3210/5083/534
f 3247/5216/608 3246/5215/610 3209/5079/538 3212/5082/535
f 3216/5231/628 3218/5232/627 3250/5222/607 3249/5221/606
f 3218/5233/627 3217/5234/626 3248/5218/609 3250/5217/607
f 3219/5091/513 3222/5094/516 3259/5192/601 3258/5191/600
f 3222/5096/516 3220/5095/519 3257/5196/603 3259/5195/601
f 3236/5235/625 3238/5236/624 3256/5214/613 3255/5213/612
f 3238/5237/624 3237/5238/623 3254/5210/615 3256/5209/613
f 3251/5212/611 3253/5211/614 3232/5108/521 3230/5107/520
f 3253/5208/614 3252/5207/616 3229/5103/524 3232/5106/521
f 3275/5135/568 3279/5136/645 3266/5120/642 3264/5119/561
f 3279/5128/645 3273/5127/644 3263/5115/555 3266/5118/642
f 3293/5157/554 3297/5150/553 3278/5134/565 3275/5135/568
f 3297/5150/553 3292/5149/552 3274/5131/562 3278/5134/565
f 3284/5145/545 3288/5148/647 3296/5158/551 3293/5157/554
f 3288/5138/647 3320/5137/541 3313/5153/650 3296/5156/551
f 3264/5119/561 3268/5122/643 3287/5146/546 3284/5145/545
f 3268/5124/643 3265/5123/559 3283/5141/649 3287/5144/546
f 3269/5116/556 3263/5115/555 3306/5168/586 3304/5167/569
f 3303/5162/570 3301/5161/592 3322/5189/571 3326/5159/574
f 3320/5137/541 3324/5186/576 3319/5179/583 3313/5153/650
f 3324/5186/576 3321/5187/575 3315/5183/584 3319/5179/583
f 3276/5132/646 3274/5131/562 3309/5170/581 3310/5173/582
f 3317/5169/577 3314/5181/579 3307/5171/587 3309/5170/581
f 3273/5127/644 3311/5176/585 3306/5168/586 3263/5115/555
f 3311/5176/585 3308/5177/589 3302/5165/590 3306/5168/586
f 3321/5187/575 3325/5188/572 3291/5239/633 3290/5240/632
f 3325/5190/572 3322/5189/571 3289/5241/634 3291/5242/633
f 3270/5243/629 3272/5244/630 3305/5166/591 3302/5165/590
f 3272/5245/630 3271/5246/631 3301/5161/592 3305/5164/591
f 3280/5247/640 3282/5248/639 3312/5172/588 3307/5171/587
f 3282/5249/639 3281/5250/638 3308/5177/589 3312/5178/588
f 3298/5251/637 3300/5252/636 3318/5184/580 3315/5183/584
f 3300/5253/636 3299/5254/635 3314/5181/579 3318/5182/580
f 3199/5067/527 3209/5079/538 3246/5215/610 3242/5202/593
f 3211/5087/540 3200/5071/533 3221/5099/517 3231/5111/526
f 3220/5095/519 3201/5075/531 3243/5205/598 3257/5196/603
f 3240/5199/594 3248/5218/609 3217/5234/626 3206/5227/617
f 3261/5197/604 3239/5204/597 3207/5230/619 3226/5225/651
f 3210/5083/534 3229/5103/524 3252/5207/616 3245/5220/605
f 3249/5221/606 3254/5210/615 3237/5238/623 3216/5231/628
f 3230/5107/520 3219/5091/513 3258/5191/600 3251/5212/611
f 3255/5213/612 3260/5194/599 3227/5224/620 3236/5235/625
f 3261/5197/604 3257/5196/603 3243/5205/598 3239/5204/597
f 3240/5199/594 3242/5202/593 3246/5215/610 3248/5218/609
f 3249/5221/606 3245/5220/605 3252/5207/616 3254/5210/615
f 3255/5213/612 3251/5212/611 3258/5191/600 3260/5194/599
f 3275/5135/568 3264/5119/561 3284/5145/545 3293/5157/554
f 3302/5165/590 3308/5177/589 3281/5250/638 3270/5243/629
f 3322/5189/571 3301/5161/592 3271/5246/631 3289/5241/634
f 3307/5171/587 3314/5181/579 3299/5254/635 3280/5247/640
f 3265/5123/559 3269/5126/556 3304/5163/569 3303/5162/570
f 3315/5183/584 3321/5187/575 3290/5240/632 3298/5251/637
f 3330/5255/153 3328/5256/153 3331/5257/652 3332/5258/653
f 3332/5258/653 3331/5257/652 3327/5259/654 3329/5260/654
f 3336/5261/153 3334/5262/153 3338/5263/653 3339/5264/653
f 3339/5264/653 3338/5263/653 3333/5265/654 3335/5266/654
f 3342/5267/153 3337/5268/153 3343/5269/653 3344/5270/653
f 3344/5270/653 3343/5269/653 3340/5271/654 3341/5272/654
f 3348/5273/153 3345/5274/153 3349/5275/653 3350/5276/653
f 3350/5276/653 3349/5275/653 3346/5277/654 3347/5278/654
f 3354/5279/153 3351/5280/153 3355/5281/653 3356/5282/653
f 3356/5282/653 3355/5281/653 3352/5283/654 3353/5284/654
f 3360/5285/153 3357/5286/153 3361/5287/653 3362/5288/653
f 3362/5288/653 3361/5287/653 3358/5289/654 3359/5290/654
f 3366/5291/153 3363/5292/153 3367/5293/653 3368/5294/653
f 3368/5294/653 3367/5293/653 3364/5295/654 3365/5296/654
f 3372/5297/153 3369/5298/153 3373/5299/652 3374/5300/653
f 3374/5300/653 3373/5299/652 3370/5301/654 3371/5302/654
f 3378/5303/153 3375/5304/153 3379/5305/653 3380/5306/653
f 3380/5306/653 3379/5305/653 3376/5307/654 3377/5308/654
f 3384/5309/153 3381/5310/153 3385/5311/652 3386/5312/653
f 3386/5312/653 3385/5311/652 3382/5313/654 3383/5314/654
f 3390/5315/153 3387/5316/153 3391/5317/653 3392/5318/653
f 3392/5318/653 3391/5317/653 3388/5319/654 3389/5320/654
f 3396/5321/153 3393/5322/153 3397/5323/653 3398/5324/653
f 3398/5324/653 3397/5323/653 3394/5325/654 3395/5326/654
f 3401/5327/655 3399/5328/655 3403/5329/656 3404/5330/656
f 3404/5330/656 3403/5329/656 3402/5331/657 3400/5332/657
f 3408/5333/655 3406/5334/655 3410/5335/656 3411/5336/656
f 3411/5336/656 3410/5335/656 3405/5337/657 3407/5338/657
f 3414/5339/655 3409/5340/655 3415/5341/658 3416/5342/658
f 3416/5342/658 3415/5341/658 3412/5343/657 3413/5344/657
f 3420/5345/655 3417/5346/655 3421/5347/656 3422/5348/656
f 3422/5348/656 3421/5347/656 3418/5349/657 3419/5350/657
f 3426/5351/655 3423/5352/655 3427/5353/656 3428/5354/656
f 3428/5354/656 3427/5353/656 3424/5355/657 3425/5356/657
f 3432/5357/655 3429/5358/655 3433/5359/656 3434/5360/656
f 3434/5360/656 3433/5359/656 3430/5361/657 3431/5362/657
f 3438/5363/655 3435/5364/655 3439/5365/658 3440/5366/656
f 3440/5366/656 3439/5365/658 3436/5367/657 3437/5368/657
f 3444/5369/655 3441/5370/655 3445/5371/656 3446/5372/656
f 3446/5372/656 3445/5371/656 3442/5373/657 3443/5374/657
f 3450/5375/655 3447/5376/655 3451/5377/658 3452/5378/658
f 3452/5378/658 3451/5377/658 3448/5379/657 3449/5380/657
f 3456/5381/655 3453/5382/655 3457/5383/656 3458/5384/656
f 3458/5384/656 3457/5383/656 3454/5385/657 3455/5386/657
f 3462/5387/655 3459/5388/655 3463/5389/656 3464/5390/656
f 3464/5390/656 3463/5389/656 3460/5391/657 3461/5392/657
f 3468/5393/655 3465/5394/655 3469/5395/658 3470/5396/658
f 3470/5396/658 3469/5395/658 3466/5397/657 3467/5398/657
f 3471/5399/659 3488/5400/659 3490/5401/660 3473/5402/660
f 3506/5403/661 3505/5404/306 3522/5405/306 3523/5406/661
f 3490/5401/660 3489/5407/303 3472/5408/303 3473/5402/660
f 3533/5409/662 3516/5410/662 3483/5411/663 3500/5412/663
f 3503/5413/664 3500/5412/663 3483/5411/663 3474/5414/664
f 3502/5415/665 3503/5413/664 3474/5414/664 3499/5416/665
f 3475/5417/666 3502/5415/665 3499/5416/665 3498/5418/666
f 3485/5419/667 3475/5417/666 3498/5418/666 3484/5420/667
f 3493/5421/668 3485/5419/667 3484/5420/667 3492/5422/668
f 3477/5423/669 3493/5421/668 3492/5422/668 3497/5424/669
f 3501/5425/670 3477/5423/669 3497/5424/669 3496/5426/670
f 3476/5427/671 3501/5425/670 3496/5426/670 3491/5428/671
f 3472/5429/319 3489/5430/319 3480/5431/319
f 3502/5432/278 3475/5433/307 3479/5434/307 3478/5435/278
f 3505/5436/153 3506/5437/672 3473/5438/672 3472/5439/153
f 3475/5433/307 3485/5440/306 3480/5441/306 3479/5434/307
f 3485/5440/306 3493/5442/673 3481/5443/673 3480/5441/306
f 3493/5442/673 3477/5444/316 3482/5445/316 3481/5443/673
f 3477/5444/316 3501/5446/315 3494/5447/315 3482/5445/316
f 3501/5446/315 3476/5448/314 3487/5449/314 3494/5447/315
f 3500/5450/312 3503/5451/313 3495/5452/313 3486/5453/312
f 3503/5451/313 3502/5432/278 3478/5435/278 3495/5452/313
f 3488/5454/674 3521/5455/674 3523/5456/675 3490/5457/675
f 3509/5458/309 3520/5459/309 3487/5460/314 3476/5461/314
f 3471/5462/319 3504/5463/319 3521/5464/319 3488/5465/319
f 3482/5466/319 3494/5467/319 3487/5468/319 3472/5429/319
f 3491/5469/671 3524/5470/676 3509/5471/676 3476/5472/671
f 3487/5468/319 3520/5473/319 3505/5474/319 3472/5429/319
f 3486/5453/312 3519/5475/310 3533/5476/310 3500/5450/312
f 3486/5477/319 3495/5478/319 3478/5479/319 3489/5430/319
f 3480/5431/319 3481/5480/319 3482/5466/319 3472/5429/319
f 3473/5438/672 3506/5437/672 3504/5481/677 3471/5482/677
f 3479/5483/319 3480/5431/319 3489/5430/319 3478/5479/319
f 3504/5484/678 3506/5403/661 3523/5406/661 3521/5485/678
f 3523/5456/675 3522/5486/655 3489/5487/655 3490/5457/675
f 3536/5488/679 3507/5489/679 3516/5410/662 3533/5409/662
f 3535/5490/680 3532/5491/680 3507/5489/679 3536/5488/679
f 3508/5492/681 3531/5493/681 3532/5491/680 3535/5490/680
f 3518/5494/682 3517/5495/682 3531/5493/681 3508/5492/681
f 3526/5496/683 3525/5497/683 3517/5495/682 3518/5494/682
f 3510/5498/684 3530/5499/684 3525/5497/683 3526/5496/683
f 3534/5500/685 3529/5501/685 3530/5499/684 3510/5498/684
f 3509/5471/676 3524/5470/676 3529/5501/685 3534/5500/685
f 3505/5474/319 3513/5502/319 3522/5503/319
f 3535/5504/262 3511/5505/262 3512/5506/302 3508/5507/302
f 3508/5507/302 3512/5506/302 3513/5508/303 3518/5509/303
f 3518/5509/303 3513/5508/303 3514/5510/304 3526/5511/304
f 3526/5511/304 3514/5510/304 3515/5512/305 3510/5513/305
f 3510/5513/305 3515/5512/305 3527/5514/308 3534/5515/308
f 3534/5515/308 3527/5514/308 3520/5459/309 3509/5458/309
f 3533/5476/310 3519/5475/310 3528/5516/311 3536/5517/311
f 3536/5517/311 3528/5516/311 3511/5505/262 3535/5504/262
f 3515/5518/319 3505/5474/319 3520/5473/319 3527/5519/319
f 3519/5520/319 3522/5503/319 3511/5521/319 3528/5522/319
f 3513/5502/319 3505/5474/319 3515/5518/319 3514/5523/319
f 3512/5524/319 3511/5521/319 3522/5503/319 3513/5502/319
f 3522/5503/319 3519/5520/319 3486/5477/319 3489/5430/319
f 3540/5525/153 3538/5526/153 3541/5527/652 3542/5528/652
f 3542/5528/652 3541/5527/652 3537/5529/654 3539/5530/654
f 3546/5531/153 3544/5532/153 3548/5533/653 3549/5534/653
f 3549/5534/653 3548/5533/653 3543/5535/654 3545/5536/654
f 3552/5537/153 3547/5538/153 3553/5539/653 3554/5540/653
f 3554/5540/653 3553/5539/653 3550/5541/654 3551/5542/654
f 3558/5543/153 3555/5544/153 3559/5545/653 3560/5546/653
f 3560/5546/653 3559/5545/653 3556/5547/654 3557/5548/654
f 3564/5549/153 3561/5550/153 3565/5551/653 3566/5552/653
f 3566/5552/653 3565/5551/653 3562/5553/654 3563/5554/654
f 3570/5555/153 3567/5556/153 3571/5557/653 3572/5558/653
f 3572/5558/653 3571/5557/653 3568/5559/654 3569/5560/654
f 3576/5561/153 3573/5562/153 3577/5563/653 3578/5564/653
f 3578/5564/653 3577/5563/653 3574/5565/654 3575/5566/654
f 3582/5567/153 3579/5568/153 3583/5569/652 3584/5570/652
f 3584/5570/652 3583/5569/652 3580/5571/654 3581/5572/654
f 3588/5573/153 3585/5574/153 3589/5575/652 3590/5576/653
f 3590/5576/653 3589/5575/652 3586/5577/654 3587/5578/654
f 3594/5579/153 3591/5580/153 3595/5581/653 3596/5582/653
f 3596/5582/653 3595/5581/653 3592/5583/654 3593/5584/654
f 3600/5585/153 3597/5586/153 3601/5587/653 3602/5588/653
f 3602/5588/653 3601/5587/653 3598/5589/654 3599/5590/654
f 3606/5591/153 3603/5592/153 3607/5593/652 3608/5594/653
f 3608/5594/653 3607/5593/652 3604/5595/654 3605/5596/654
f 3611/5597/655 3609/5598/655 3613/5599/656 3614/5600/656
f 3614/5600/656 3613/5599/656 3612/5601/657 3610/5602/657
f 3618/5603/655 3616/5604/655 3620/5605/656 3621/5606/656
f 3621/5606/656 3620/5605/656 3615/5607/657 3617/5608/657
f 3624/5609/655 3619/5610/655 3625/5611/656 3626/5612/656
f 3626/5612/656 3625/5611/656 3622/5613/657 3623/5614/657
f 3630/5615/655 3627/5616/655 3631/5617/656 3632/5618/656
f 3632/5618/656 3631/5617/656 3628/5619/657 3629/5620/657
f 3636/5621/655 3633/5622/655 3637/5623/656 3638/5624/656
f 3638/5624/656 3637/5623/656 3634/5625/657 3635/5626/657
f 3642/5627/655 3639/5628/655 3643/5629/656 3644/5630/656
f 3644/5630/656 3643/5629/656 3640/5631/657 3641/5632/657
f 3648/5633/655 3645/5634/655 3649/5635/656 3650/5636/656
f 3650/5636/656 3649/5635/656 3646/5637/657 3647/5638/657
f 3654/5639/655 3651/5640/655 3655/5641/656 3656/5642/656
f 3656/5642/656 3655/5641/656 3652/5643/657 3653/5644/657
f 3660/5645/655 3657/5646/655 3661/5647/656 3662/5648/656
f 3662/5648/656 3661/5647/656 3658/5649/657 3659/5650/657
f 3666/5651/655 3663/5652/655 3667/5653/656 3668/5654/656
f 3668/5654/656 3667/5653/656 3664/5655/657 3665/5656/657
f 3672/5657/655 3669/5658/655 3673/5659/658 3674/5660/656
f 3674/5660/656 3673/5659/658 3670/5661/657 3671/5662/657
f 3678/5663/655 3675/5664/655 3679/5665/656 3680/5666/656
f 3680/5666/656 3679/5665/656 3676/5667/657 3677/5668/657
f 3681/5669/659 3698/5670/659 3700/5671/686 3683/5672/686
f 3716/5673/661 3715/5674/306 3732/5675/306 3733/5676/661
f 3700/5671/686 3699/5677/303 3682/5678/303 3683/5672/686
f 3743/5679/662 3726/5680/662 3693/5681/663 3710/5682/663
f 3713/5683/664 3710/5682/663 3693/5681/663 3684/5684/664
f 3712/5685/665 3713/5683/664 3684/5684/664 3709/5686/665
f 3685/5687/666 3712/5685/665 3709/5686/665 3708/5688/666
f 3695/5689/667 3685/5687/666 3708/5688/666 3694/5690/667
f 3703/5691/687 3695/5689/667 3694/5690/667 3702/5692/687
f 3687/5693/669 3703/5691/687 3702/5692/687 3707/5694/669
f 3711/5695/670 3687/5693/669 3707/5694/669 3706/5696/670
f 3686/5697/671 3711/5695/670 3706/5696/670 3701/5698/671
f 3682/5699/319 3699/5700/319 3690/5701/319
f 3712/5702/278 3685/5703/307 3689/5704/307 3688/5705/278
f 3715/5706/153 3716/5707/672 3683/5708/672 3682/5709/153
f 3685/5703/307 3695/5710/306 3690/5711/306 3689/5704/307
f 3695/5710/306 3703/5712/317 3691/5713/317 3690/5711/306
f 3703/5712/317 3687/5714/316 3692/5715/316 3691/5713/317
f 3687/5714/316 3711/5716/315 3704/5717/315 3692/5715/316
f 3711/5716/315 3686/5718/314 3697/5719/314 3704/5717/315
f 3710/5720/312 3713/5721/313 3705/5722/313 3696/5723/312
f 3713/5721/313 3712/5702/278 3688/5705/278 3705/5722/313
f 3698/5724/674 3731/5725/674 3733/5726/675 3700/5727/675
f 3719/5728/309 3730/5729/309 3697/5730/314 3686/5731/314
f 3681/5732/319 3714/5733/319 3731/5734/319 3698/5735/319
f 3692/5736/319 3704/5737/319 3697/5738/319 3682/5699/319
f 3701/5739/671 3734/5740/676 3719/5741/676 3686/5742/671
f 3697/5738/319 3730/5743/319 3715/5744/319 3682/5699/319
f 3696/5723/312 3729/5745/310 3743/5746/310 3710/5720/312
f 3696/5747/319 3705/5748/319 3688/5749/319 3699/5700/319
f 3690/5701/319 3691/5750/319 3692/5736/319 3682/5699/319
f 3683/5708/672 3716/5707/672 3714/5751/677 3681/5752/677
f 3689/5753/319 3690/5701/319 3699/5700/319 3688/5749/319
f 3714/5754/678 3716/5673/661 3733/5676/661 3731/5755/678
f 3733/5726/675 3732/5756/655 3699/5757/655 3700/5727/675
f 3746/5758/679 3717/5759/679 3726/5680/662 3743/5679/662
f 3745/5760/680 3742/5761/680 3717/5759/679 3746/5758/679
f 3718/5762/681 3741/5763/681 3742/5761/680 3745/5760/680
f 3728/5764/682 3727/5765/682 3741/5763/681 3718/5762/681
f 3736/5766/683 3735/5767/683 3727/5765/682 3728/5764/682
f 3720/5768/684 3740/5769/684 3735/5767/683 3736/5766/683
f 3744/5770/685 3739/5771/685 3740/5769/684 3720/5768/684
f 3719/5741/676 3734/5740/676 3739/5771/685 3744/5770/685
f 3715/5744/319 3723/5772/319 3732/5773/319
f 3745/5774/262 3721/5775/262 3722/5776/302 3718/5777/302
f 3718/5777/302 3722/5776/302 3723/5778/303 3728/5779/303
f 3728/5779/303 3723/5778/303 3724/5780/304 3736/5781/304
f 3736/5781/304 3724/5780/304 3725/5782/305 3720/5783/305
f 3720/5783/305 3725/5782/305 3737/5784/308 3744/5785/308
f 3744/5785/308 3737/5784/308 3730/5729/309 3719/5728/309
f 3743/5746/310 3729/5745/310 3738/5786/311 3746/5787/311
f 3746/5787/311 3738/5786/311 3721/5775/262 3745/5774/262
f 3725/5788/319 3715/5744/319 3730/5743/319 3737/5789/319
f 3729/5790/319 3732/5773/319 3721/5791/319 3738/5792/319
f 3723/5772/319 3715/5744/319 3725/5788/319 3724/5793/319
f 3722/5794/319 3721/5791/319 3732/5773/319 3723/5772/319
f 3732/5773/319 3729/5790/319 3696/5747/319 3699/5700/319
f 3750/5795/153 3752/5796/688 3751/5797/688 3748/5798/153
f 3752/5796/688 3749/5799/689 3747/5800/689 3751/5797/688
f 3756/5801/153 3759/5802/688 3758/5803/688 3754/5804/153
f 3759/5802/688 3755/5805/689 3753/5806/689 3758/5803/688
f 3762/5807/153 3764/5808/688 3763/5809/688 3757/5810/153
f 3764/5808/688 3761/5811/689 3760/5812/689 3763/5809/688
f 3768/5813/153 3770/5814/688 3769/5815/688 3765/5816/153
f 3770/5814/688 3767/5817/689 3766/5818/689 3769/5815/688
f 3774/5819/153 3776/5820/688 3775/5821/688 3771/5822/153
f 3776/5820/688 3773/5823/689 3772/5824/689 3775/5821/688
f 3780/5825/153 3782/5826/690 3781/5827/690 3777/5828/153
f 3782/5826/690 3779/5829/689 3778/5830/689 3781/5827/690
f 3786/5831/153 3788/5832/688 3787/5833/688 3783/5834/153
f 3788/5832/688 3785/5835/689 3784/5836/689 3787/5833/688
f 3792/5837/153 3794/5838/688 3793/5839/688 3789/5840/153
f 3794/5838/688 3791/5841/689 3790/5842/689 3793/5839/688
f 3798/5843/153 3800/5844/688 3799/5845/688 3795/5846/153
f 3800/5844/688 3797/5847/689 3796/5848/689 3799/5845/688
f 3804/5849/153 3806/5850/688 3805/5851/688 3801/5852/153
f 3806/5850/688 3803/5853/689 3802/5854/689 3805/5851/688
f 3810/5855/153 3812/5856/690 3811/5857/690 3807/5858/153
f 3812/5856/690 3809/5859/689 3808/5860/689 3811/5857/690
f 3816/5861/153 3818/5862/690 3817/5863/690 3813/5864/153
f 3818/5862/690 3815/5865/689 3814/5866/689 3817/5863/690
f 3821/5867/655 3824/5868/691 3823/5869/691 3819/5870/655
f 3824/5868/691 3820/5871/692 3822/5872/692 3823/5869/691
f 3828/5873/655 3831/5874/693 3830/5875/693 3826/5876/655
f 3831/5874/693 3827/5877/692 3825/5878/692 3830/5875/693
f 3834/5879/655 3836/5880/693 3835/5881/693 3829/5882/655
f 3836/5880/693 3833/5883/692 3832/5884/692 3835/5881/693
f 3840/5885/655 3842/5886/691 3841/5887/691 3837/5888/655
f 3842/5886/691 3839/5889/692 3838/5890/692 3841/5887/691
f 3846/5891/655 3848/5892/691 3847/5893/691 3843/5894/655
f 3848/5892/691 3845/5895/692 3844/5896/692 3847/5893/691
f 3852/5897/655 3854/5898/691 3853/5899/691 3849/5900/655
f 3854/5898/691 3851/5901/692 3850/5902/692 3853/5899/691
f 3858/5903/655 3860/5904/691 3859/5905/691 3855/5906/655
f 3860/5904/691 3857/5907/692 3856/5908/692 3859/5905/691
f 3864/5909/655 3866/5910/691 3865/5911/691 3861/5912/655
f 3866/5910/691 3863/5913/692 3862/5914/692 3865/5911/691
f 3870/5915/655 3872/5916/693 3871/5917/693 3867/5918/655
f 3872/5916/693 3869/5919/692 3868/5920/692 3871/5917/693
f 3876/5921/655 3878/5922/691 3877/5923/691 3873/5924/655
f 3878/5922/691 3875/5925/692 3874/5926/692 3877/5923/691
f 3882/5927/655 3884/5928/691 3883/5929/691 3879/5930/655
f 3884/5928/691 3881/5931/692 3880/5932/692 3883/5929/691
f 3888/5933/655 3890/5934/693 3889/5935/693 3885/5936/655
f 3890/5934/693 3887/5937/692 3886/5938/692 3889/5935/693
f 3891/5939/694 3893/5940/695 3910/5941/695 3908/5942/694
f 3926/5943/696 3943/5944/696 3942/5945/306 3925/5946/306
f 3910/5941/695 3893/5940/695 3892/5947/303 3909/5948/303
f 3953/5949/697 3920/5950/698 3903/5951/698 3936/5952/697
f 3923/5953/699 3894/5954/699 3903/5951/698 3920/5950/698
f 3922/5955/700 3919/5956/700 3894/5954/699 3923/5953/699
f 3895/5957/701 3918/5958/701 3919/5956/700 3922/5955/700
f 3905/5959/702 3904/5960/702 3918/5958/701 3895/5957/701
f 3913/5961/703 3912/5962/703 3904/5960/702 3905/5959/702
f 3897/5963/704 3917/5964/704 3912/5962/703 3913/5961/703
f 3921/5965/705 3916/5966/705 3917/5964/704 3897/5963/704
f 3896/5967/706 3911/5968/706 3916/5966/705 3921/5965/705
f 3892/5969/286 3900/5970/286 3909/5971/286
f 3922/5972/278 3898/5973/278 3899/5974/307 3895/5975/307
f 3925/5976/153 3892/5977/153 3893/5978/707 3926/5979/707
f 3895/5975/307 3899/5974/307 3900/5980/306 3905/5981/306
f 3905/5981/306 3900/5980/306 3901/5982/317 3913/5983/317
f 3913/5983/317 3901/5982/317 3902/5984/316 3897/5985/316
f 3897/5985/316 3902/5984/316 3914/5986/315 3921/5987/315
f 3921/5987/315 3914/5986/315 3907/5988/314 3896/5989/314
f 3920/5990/312 3906/5991/312 3915/5992/313 3923/5993/313
f 3923/5993/313 3915/5992/313 3898/5973/278 3922/5972/278
f 3908/5994/708 3910/5995/709 3943/5996/709 3941/5997/708
f 3929/5998/309 3896/5999/314 3907/6000/314 3940/6001/309
f 3891/6002/286 3908/6003/286 3941/6004/286 3924/6005/286
f 3902/6006/286 3892/5969/286 3907/6007/286 3914/6008/286
f 3911/6009/706 3896/6010/706 3929/6011/710 3944/6012/710
f 3907/6007/286 3892/5969/286 3925/6013/286 3940/6014/286
f 3906/5991/312 3920/5990/312 3953/6015/310 3939/6016/310
f 3906/6017/286 3909/5971/286 3898/6018/286 3915/6019/286
f 3900/5970/286 3892/5969/286 3902/6006/286 3901/6020/286
f 3893/5978/707 3891/6021/711 3924/6022/711 3926/5979/707
f 3899/6023/286 3898/6018/286 3909/5971/286 3900/5970/286
f 3924/6024/712 3941/6025/712 3943/5944/696 3926/5943/696
f 3943/5996/709 3910/5995/709 3909/6026/655 3942/6027/655
f 3956/6028/713 3953/5949/697 3936/5952/697 3927/6029/713
f 3955/6030/714 3956/6028/713 3927/6029/713 3952/6031/715
f 3928/6032/716 3955/6030/714 3952/6031/715 3951/6033/716
f 3938/6034/717 3928/6032/716 3951/6033/716 3937/6035/717
f 3946/6036/718 3938/6034/717 3937/6035/717 3945/6037/718
f 3930/6038/719 3946/6036/718 3945/6037/718 3950/6039/719
f 3954/6040/720 3930/6038/719 3950/6039/719 3949/6041/720
f 3929/6011/710 3954/6040/720 3949/6041/720 3944/6012/710
f 3925/6013/286 3942/6042/286 3933/6043/286
f 3955/6044/262 3928/6045/302 3932/6046/302 3931/6047/262
f 3928/6045/302 3938/6048/303 3933/6049/303 3932/6046/302
f 3938/6048/303 3946/6050/304 3934/6051/304 3933/6049/303
f 3946/6050/304 3930/6052/305 3935/6053/305 3934/6051/304
f 3930/6052/305 3954/6054/308 3947/6055/308 3935/6053/305
f 3954/6054/308 3929/5998/309 3940/6001/309 3947/6055/308
f 3953/6015/310 3956/6056/311 3948/6057/311 3939/6016/310
f 3956/6056/311 3955/6044/262 3931/6047/262 3948/6057/311
f 3935/6058/286 3947/6059/286 3940/6014/286 3925/6013/286
f 3939/6060/286 3948/6061/286 3931/6062/286 3942/6042/286
f 3933/6043/286 3934/6063/286 3935/6058/286 3925/6013/286
f 3932/6064/286 3933/6043/286 3942/6042/286 3931/6062/286
f 3942/6042/286 3909/5971/286 3906/6017/286 3939/6060/286
f 3960/6065/153 3962/6066/690 3961/6067/690 3958/6068/153
f 3962/6066/690 3959/6069/689 3957/6070/689 3961/6067/690
f 3966/6071/153 3969/6072/688 3968/6073/688 3964/6074/153
f 3969/6072/688 3965/6075/689 3963/6076/689 3968/6073/688
f 3972/6077/153 3974/6078/688 3973/6079/690 3967/6080/153
f 3974/6078/688 3971/6081/689 3970/6082/689 3973/6079/690
f 3978/6083/153 3980/6084/688 3979/6085/690 3975/6086/153
f 3980/6084/688 3977/6087/689 3976/6088/689 3979/6085/690
f 3984/6089/153 3986/6090/688 3985/6091/688 3981/6092/153
f 3986/6090/688 3983/6093/689 3982/6094/689 3985/6091/688
f 3990/6095/153 3992/6096/688 3991/6097/688 3987/6098/153
f 3992/6096/688 3989/6099/689 3988/6100/689 3991/6097/688
f 3996/6101/153 3998/6102/688 3997/6103/688 3993/6104/153
f 3998/6102/688 3995/6105/689 3994/6106/689 3997/6103/688
f 4002/6107/153 4004/6108/688 4003/6109/688 3999/6110/153
f 4004/6108/688 4001/6111/689 4000/6112/689 4003/6109/688
f 4008/6113/153 4010/6114/688 4009/6115/688 4005/6116/153
f 4010/6114/688 4007/6117/689 4006/6118/689 4009/6115/688
f 4014/6119/153 4016/6120/690 4015/6121/690 4011/6122/153
f 4016/6120/690 4013/6123/689 4012/6124/689 4015/6121/690
f 4020/6125/153 4022/6126/688 4021/6127/690 4017/6128/153
f 4022/6126/688 4019/6129/689 4018/6130/689 4021/6127/690
f 4026/6131/153 4028/6132/688 4027/6133/688 4023/6134/153
f 4028/6132/688 4025/6135/689 4024/6136/689 4027/6133/688
f 4031/6137/655 4034/6138/691 4033/6139/691 4029/6140/655
f 4034/6138/691 4030/6141/692 4032/6142/692 4033/6139/691
f 4038/6143/655 4041/6144/691 4040/6145/691 4036/6146/655
f 4041/6144/691 4037/6147/692 4035/6148/692 4040/6145/691
f 4044/6149/655 4046/6150/691 4045/6151/691 4039/6152/655
f 4046/6150/691 4043/6153/692 4042/6154/692 4045/6151/691
f 4050/6155/655 4052/6156/691 4051/6157/691 4047/6158/655
f 4052/6156/691 4049/6159/692 4048/6160/692 4051/6157/691
f 4056/6161/655 4058/6162/693 4057/6163/693 4053/6164/655
f 4058/6162/693 4055/6165/692 4054/6166/692 4057/6163/693
f 4062/6167/655 4064/6168/693 4063/6169/693 4059/6170/655
f 4064/6168/693 4061/6171/692 4060/6172/692 4063/6169/693
f 4068/6173/655 4070/6174/691 4069/6175/691 4065/6176/655
f 4070/6174/691 4067/6177/692 4066/6178/692 4069/6175/691
f 4074/6179/655 4076/6180/693 4075/6181/693 4071/6182/655
f 4076/6180/693 4073/6183/692 4072/6184/692 4075/6181/693
f 4080/6185/655 4082/6186/691 4081/6187/691 4077/6188/655
f 4082/6186/691 4079/6189/692 4078/6190/692 4081/6187/691
f 4086/6191/655 4088/6192/691 4087/6193/691 4083/6194/655
f 4088/6192/691 4085/6195/692 4084/6196/692 4087/6193/691
f 4092/6197/655 4094/6198/691 4093/6199/691 4089/6200/655
f 4094/6198/691 4091/6201/692 4090/6202/692 4093/6199/691
f 4098/6203/655 4100/6204/691 4099/6205/691 4095/6206/655
f 4100/6204/691 4097/6207/692 4096/6208/692 4099/6205/691
f 4101/6209/694 4103/6210/695 4120/6211/695 4118/6212/694
f 4136/6213/696 4153/6214/696 4152/6215/306 4135/6216/306
f 4120/6211/695 4103/6210/695 4102/6217/303 4119/6218/303
f 4163/6219/697 4130/6220/721 4113/6221/721 4146/6222/697
f 4133/6223/699 4104/6224/699 4113/6221/721 4130/6220/721
f 4132/6225/722 4129/6226/722 4104/6224/699 4133/6223/699
f 4105/6227/723 4128/6228/723 4129/6226/722 4132/6225/722
f 4115/6229/724 4114/6230/724 4128/6228/723 4105/6227/723
f 4123/6231/725 4122/6232/725 4114/6230/724 4115/6229/724
f 4107/6233/726 4127/6234/726 4122/6232/725 4123/6231/725
f 4131/6235/727 4126/6236/727 4127/6234/726 4107/6233/726
f 4106/6237/706 4121/6238/706 4126/6236/727 4131/6235/727
f 4102/6239/286 4110/6240/286 4119/6241/286
f 4132/6242/278 4108/6243/278 4109/6244/307 4105/6245/307
f 4135/6246/153 4102/6247/153 4103/6248/707 4136/6249/707
f 4105/6245/307 4109/6244/307 4110/6250/306 4115/6251/306
f 4115/6251/306 4110/6250/306 4111/6252/317 4123/6253/317
f 4123/6253/317 4111/6252/317 4112/6254/316 4107/6255/316
f 4107/6255/316 4112/6254/316 4124/6256/315 4131/6257/315
f 4131/6257/315 4124/6256/315 4117/6258/314 4106/6259/314
f 4130/6260/312 4116/6261/312 4125/6262/313 4133/6263/313
f 4133/6263/313 4125/6262/313 4108/6243/278 4132/6242/278
f 4118/6264/708 4120/6265/709 4153/6266/709 4151/6267/708
f 4139/6268/309 4106/6269/314 4117/6270/314 4150/6271/309
f 4101/6272/286 4118/6273/286 4151/6274/286 4134/6275/286
f 4112/6276/286 4102/6239/286 4117/6277/286 4124/6278/286
f 4121/6279/706 4106/6280/706 4139/6281/710 4154/6282/710
f 4117/6277/286 4102/6239/286 4135/6283/286 4150/6284/286
f 4116/6261/312 4130/6260/312 4163/6285/310 4149/6286/310
f 4116/6287/286 4119/6241/286 4108/6288/286 4125/6289/286
f 4110/6240/286 4102/6239/286 4112/6276/286 4111/6290/286
f 4103/6248/707 4101/6291/711 4134/6292/711 4136/6249/707
f 4109/6293/286 4108/6288/286 4119/6241/286 4110/6240/286
f 4134/6294/712 4151/6295/712 4153/6214/696 4136/6213/696
f 4153/6266/709 4120/6265/709 4119/6296/655 4152/6297/655
f 4166/6298/713 4163/6219/697 4146/6222/697 4137/6299/713
f 4165/6300/715 4166/6298/713 4137/6299/713 4162/6301/715
f 4138/6302/716 4165/6300/715 4162/6301/715 4161/6303/716
f 4148/6304/717 4138/6302/716 4161/6303/716 4147/6305/717
f 4156/6306/728 4148/6304/717 4147/6305/717 4155/6307/728
f 4140/6308/719 4156/6306/728 4155/6307/728 4160/6309/719
f 4164/6310/720 4140/6308/719 4160/6309/719 4159/6311/720
f 4139/6281/710 4164/6310/720 4159/6311/720 4154/6282/710
f 4135/6283/286 4152/6312/286 4143/6313/286
f 4165/6314/262 4138/6315/302 4142/6316/302 4141/6317/262
f 4138/6315/302 4148/6318/303 4143/6319/303 4142/6316/302
f 4148/6318/303 4156/6320/304 4144/6321/304 4143/6319/303
f 4156/6320/304 4140/6322/305 4145/6323/305 4144/6321/304
f 4140/6322/305 4164/6324/308 4157/6325/308 4145/6323/305
f 4164/6324/308 4139/6268/309 4150/6271/309 4157/6325/308
f 4163/6285/310 4166/6326/311 4158/6327/311 4149/6286/310
f 4166/6326/311 4165/6314/262 4141/6317/262 4158/6327/311
f 4145/6328/286 4157/6329/286 4150/6284/286 4135/6283/286
f 4149/6330/286 4158/6331/286 4141/6332/286 4152/6312/286
f 4143/6313/286 4144/6333/286 4145/6328/286 4135/6283/286
f 4142/6334/286 4143/6313/286 4152/6312/286 4141/6332/286
f 4152/6312/286 4119/6241/286 4116/6287/286 4149/6330/286
